{
  "best_fits": [
    0.99709850299487801, 
    0.14933050737757836, 
    0.81816830861806966, 
    1.0399196517254041, 
    0.0, 
    0.97854183158025498, 
    0.98678966927146117, 
    -0.0022964273155627914
  ], 
  "labels": [
    "nu_nubar_ratio", 
    "theta13", 
    "theta23", 
    "nue_numu_ratio", 
    "hierarchy", 
    "aeff_scale", 
    "energy_scale", 
    "deltam31"
  ], 
  "matrix": [
    [
      4149.743990286117, 
      1131.6835118306617, 
      2992.536479394584, 
      4461.171215234431, 
      9.191120755637016, 
      26682.256233426393, 
      -55820.70583382854, 
      -163154.37007724948
    ], 
    [
      1131.6835118306617, 
      720.5179572483809, 
      895.0703076431264, 
      1413.4300865177904, 
      67.45469524905397, 
      7564.616109992039, 
      -16881.54311620722, 
      -50938.65045430131
    ], 
    [
      2992.536479394584, 
      895.0703076431264, 
      2377.062587752586, 
      3037.7791843592886, 
      42.77746098811762, 
      19353.051135673904, 
      -39759.816081159974, 
      -90324.56170753902
    ], 
    [
      4461.171215234431, 
      1413.4300865177904, 
      3037.7791843592886, 
      5188.95533941978, 
      12.214625278540208, 
      28765.783834545593, 
      -61981.76603033822, 
      -251321.7292201953
    ], 
    [
      9.191120755637016, 
      67.45469524905397, 
      42.77746098811762, 
      12.214625278540208, 
      17.981290826086298, 
      123.97854983460394, 
      -380.4535171281776, 
      -10272.13172233274
    ], 
    [
      26682.256233426393, 
      7564.616109992039, 
      19353.051135673904, 
      28765.783834545593, 
      123.97854983460394, 
      171831.81733213615, 
      -360282.5323582786, 
      -1089133.9817407113
    ], 
    [
      -55820.70583382854, 
      -16881.54311620722, 
      -39759.816081159974, 
      -61981.76603033822, 
      -380.4535171281776, 
      -360282.5323582786, 
      767214.5049317268, 
      3189057.0626084274
    ], 
    [
      -163154.37007724948, 
      -50938.65045430131, 
      -90324.56170753902, 
      -251321.7292201953, 
      -10272.13172233274, 
      -1089133.9817407113, 
      3189057.0626084274, 
      198833209.93938062
    ]
  ], 
  "parameters": [
    "nu_nubar_ratio", 
    "theta13", 
    "theta23", 
    "nue_numu_ratio", 
    "hierarchy", 
    "aeff_scale", 
    "energy_scale", 
    "deltam31"
  ], 
  "priors": [
    0.1, 
    0.003490658503988659, 
    Infinity, 
    0.03, 
    Infinity, 
    Infinity, 
    0.1, 
    Infinity
  ]
}