{
  "best_fits": [
    1.0006246404790358, 
    0.14950140454438329, 
    0.8586161943446009, 
    1.0306079678235216, 
    0.0, 
    0.98972242817447964, 
    0.9890243030121636, 
    -0.0023051603223873591
  ], 
  "labels": [
    "nu_nubar_ratio", 
    "theta13", 
    "theta23", 
    "nue_numu_ratio", 
    "hierarchy", 
    "aeff_scale", 
    "energy_scale", 
    "deltam31"
  ], 
  "matrix": [
    [
      5596.479293080416, 
      1293.1579480905202, 
      8774.115328643633, 
      3695.3011842046626, 
      -23.611231721905128, 
      35546.76283139396, 
      -74506.98835119957, 
      139736.1705287991
    ], 
    [
      1293.1579480905202, 
      2314.6139622831147, 
      1392.2114546019823, 
      1762.207893511219, 
      128.01045998273605, 
      8789.34729916555, 
      -15880.577387962887, 
      1394867.9431812032
    ], 
    [
      8774.115328643633, 
      1392.2114546019823, 
      18305.628757938808, 
      4087.60143178322, 
      36.69245903670863, 
      55622.37014204543, 
      -116411.12679560736, 
      395692.8480406984
    ], 
    [
      3695.3011842046626, 
      1762.207893511219, 
      4087.60143178322, 
      6016.858141720913, 
      33.15773731924946, 
      24024.65701929503, 
      -53146.263369189095, 
      -632841.4396398508
    ], 
    [
      -23.611231721905128, 
      128.01045998273605, 
      36.69245903670863, 
      33.15773731924946, 
      29.036681264693083, 
      -55.698705764078795, 
      19.48881282947582, 
      8500.875906506368
    ], 
    [
      35546.76283139396, 
      8789.34729916555, 
      55622.37014204543, 
      24024.65701929503, 
      -55.698705764078795, 
      226204.9200491067, 
      -474854.50656675966, 
      869026.7169764275
    ], 
    [
      -74506.98835119957, 
      -15880.577387962887, 
      -116411.12679560736, 
      -53146.263369189095, 
      19.48881282947582, 
      -474854.50656675966, 
      1024767.0499659157, 
      4310088.59221301
    ], 
    [
      139736.1705287991, 
      1394867.9431812032, 
      395692.8480406984, 
      -632841.4396398508, 
      8500.875906506368, 
      869026.7169764275, 
      4310088.59221301, 
      2242585956.664951
    ]
  ], 
  "parameters": [
    "nu_nubar_ratio", 
    "theta13", 
    "theta23", 
    "nue_numu_ratio", 
    "hierarchy", 
    "aeff_scale", 
    "energy_scale", 
    "deltam31"
  ], 
  "priors": [
    0.1, 
    0.003490658503988659, 
    Infinity, 
    0.03, 
    Infinity, 
    Infinity, 
    0.1, 
    Infinity
  ]
}