{
  "best_fits": [
    1.0000747908834104, 
    0.14829637986262975, 
    0.83752376111580473, 
    1.0006917781627209, 
    0.0, 
    0.99838660095373999, 
    0.99852712346675443, 
    -0.0023309667425944476
  ], 
  "labels": [
    "nu_nubar_ratio", 
    "theta13", 
    "theta23", 
    "nue_numu_ratio", 
    "hierarchy", 
    "aeff_scale", 
    "energy_scale", 
    "deltam31"
  ], 
  "matrix": [
    [
      1451.1731777475686, 
      -111.9573435793397, 
      2193.795513528511, 
      -735.4903500558192, 
      5.648130449649973, 
      8877.507810223418, 
      -18266.27143178543, 
      292620.9314220632
    ], 
    [
      -111.9573435793397, 
      1264.4360651350364, 
      -267.39524327198365, 
      -42.8162619103129, 
      10.71188566414107, 
      -600.1473722692942, 
      5195.845404119116, 
      1491880.844458876
    ], 
    [
      2193.795513528511, 
      -267.39524327198365, 
      4854.113222735754, 
      -989.8243220470474, 
      12.78887349681575, 
      13469.911262830195, 
      -29384.74630449034, 
      366735.952166669
    ], 
    [
      -735.4903500558192, 
      -42.8162619103129, 
      -989.8243220470474, 
      832.9181841945561, 
      0.5793316267709859, 
      -4477.447637985096, 
      8835.571781070936, 
      -379855.3222525158
    ], 
    [
      5.648130449649973, 
      10.71188566414107, 
      12.78887349681575, 
      0.5793316267709859, 
      1.7484587030728993, 
      37.614628539440886, 
      -68.50227514017622, 
      7270.550657280151
    ], 
    [
      8877.507810223418, 
      -600.1473722692942, 
      13469.911262830195, 
      -4477.447637985096, 
      37.614628539440886, 
      54338.64324025288, 
      -111574.38266749626, 
      1879809.3904961615
    ], 
    [
      -18266.27143178543, 
      5195.845404119116, 
      -29384.74630449034, 
      8835.571781070936, 
      -68.50227514017622, 
      -111574.38266749626, 
      245096.02052399493, 
      1295033.4430191878
    ], 
    [
      292620.9314220632, 
      1491880.844458876, 
      366735.952166669, 
      -379855.3222525158, 
      7270.550657280151, 
      1879809.3904961615, 
      1295033.4430191878, 
      2057902104.3916352
    ]
  ], 
  "parameters": [
    "nu_nubar_ratio", 
    "theta13", 
    "theta23", 
    "nue_numu_ratio", 
    "hierarchy", 
    "aeff_scale", 
    "energy_scale", 
    "deltam31"
  ], 
  "priors": [
    0.1, 
    0.003490658503988659, 
    Infinity, 
    0.03, 
    Infinity, 
    Infinity, 
    0.1, 
    Infinity
  ]
}