{
  "best_fits": [
    0.97413661481032854, 
    0.14933036161947616, 
    0.81364402713485562, 
    1.0282344612635157, 
    0.0, 
    0.92874897890737973, 
    0.95930554152489234, 
    -0.0022391401586347262
  ], 
  "labels": [
    "nu_nubar_ratio", 
    "theta13", 
    "theta23", 
    "nue_numu_ratio", 
    "hierarchy", 
    "aeff_scale", 
    "energy_scale", 
    "deltam31"
  ], 
  "matrix": [
    [
      5903.683950029397, 
      1123.6113391145839, 
      3889.8684291847253, 
      3862.7710294540952, 
      -10.361680414792051, 
      38543.56849742802, 
      -77524.38762821555, 
      124152.26076506695
    ], 
    [
      1123.6113391145839, 
      1979.3751295424272, 
      805.9149542109652, 
      1332.4328340484312, 
      76.96915470526807, 
      7782.403129069298, 
      -12628.156244392288, 
      1555974.062921895
    ], 
    [
      3889.8684291847253, 
      805.9149542109652, 
      3215.1798400475072, 
      2297.8793768747805, 
      10.187972616321083, 
      25534.047509651205, 
      -51554.081997024965, 
      119584.24811666692
    ], 
    [
      3862.7710294540952, 
      1332.4328340484312, 
      2297.8793768747805, 
      6092.16446059938, 
      19.562197246031992, 
      25666.628062919768, 
      -54440.82994622268, 
      -664304.5530221368
    ], 
    [
      -10.361680414792051, 
      76.96915470526807, 
      10.187972616321083, 
      19.562197246031992, 
      15.908824070335998, 
      -16.693511673403833, 
      188.451016612513, 
      20272.03418902807
    ], 
    [
      38543.56849742802, 
      7782.403129069298, 
      25534.047509651205, 
      25666.628062919768, 
      -16.693511673403833, 
      252011.49236588206, 
      -507565.02597735357, 
      808110.6602663675
    ], 
    [
      -77524.38762821555, 
      -12628.156244392288, 
      -51554.081997024965, 
      -54440.82994622268, 
      188.451016612513, 
      -507565.02597735357, 
      1052397.5171040373, 
      5233435.115189607
    ], 
    [
      124152.26076506695, 
      1555974.062921895, 
      119584.24811666692, 
      -664304.5530221368, 
      20272.03418902807, 
      808110.6602663675, 
      5233435.115189607, 
      2523159790.401545
    ]
  ], 
  "parameters": [
    "nu_nubar_ratio", 
    "theta13", 
    "theta23", 
    "nue_numu_ratio", 
    "hierarchy", 
    "aeff_scale", 
    "energy_scale", 
    "deltam31"
  ], 
  "priors": [
    0.1, 
    0.003490658503988659, 
    Infinity, 
    0.03, 
    Infinity, 
    Infinity, 
    0.1, 
    Infinity
  ]
}