{
  "best_fits": [
    0.99709850299487801, 
    0.14933050737757836, 
    0.81816830861806966, 
    1.0399196517254041, 
    0.0, 
    0.97854183158025498, 
    0.98678966927146117, 
    -0.0022964273155627914
  ], 
  "labels": [
    "nu_nubar_ratio", 
    "theta13", 
    "theta23", 
    "nue_numu_ratio", 
    "hierarchy", 
    "aeff_scale", 
    "energy_scale", 
    "deltam31"
  ], 
  "matrix": [
    [
      1446.7135958983733, 
      -43.51104494917976, 
      1294.0963744807182, 
      -723.3641109778958, 
      -22.30193405427302, 
      9021.133126846345, 
      -18376.46617286782, 
      295554.8005208064
    ], 
    [
      -43.51104494917976, 
      1243.5532137395203, 
      -56.22031028796222, 
      -85.71729690095803, 
      28.493887225098753, 
      -192.7559468652146, 
      4431.997723220004, 
      1545102.3051473808
    ], 
    [
      1294.0963744807182, 
      -56.22031028796222, 
      1768.5902001480617, 
      -572.2652765856828, 
      -20.7982554863962, 
      8104.406070130977, 
      -17490.134955724367, 
      247118.7017021534
    ], 
    [
      -723.3641109778958, 
      -85.71729690095803, 
      -572.2652765856828, 
      807.6570233960101, 
      2.853932131026864, 
      -4487.493134379803, 
      8762.492665023103, 
      -380490.7625744269
    ], 
    [
      -22.30193405427302, 
      28.493887225098753, 
      -20.7982554863962, 
      2.853932131026864, 
      3.317365916310468, 
      -136.57576843618736, 
      331.34102559390476, 
      16434.429516371434
    ], 
    [
      9021.133126846345, 
      -192.7559468652146, 
      8104.406070130977, 
      -4487.493134379803, 
      -136.57576843618736, 
      56284.272152628924, 
      -114439.39721483782, 
      1928802.2447644868
    ], 
    [
      -18376.46617286782, 
      4431.997723220004, 
      -17490.134955724367, 
      8762.492665023103, 
      331.34102559390476, 
      -114439.39721483782, 
      249438.99612092334, 
      1495126.1696940865
    ], 
    [
      295554.8005208064, 
      1545102.3051473808, 
      247118.7017021534, 
      -380490.7625744269, 
      16434.429516371434, 
      1928802.2447644868, 
      1495126.1696940865, 
      2160117882.6665893
    ]
  ], 
  "parameters": [
    "nu_nubar_ratio", 
    "theta13", 
    "theta23", 
    "nue_numu_ratio", 
    "hierarchy", 
    "aeff_scale", 
    "energy_scale", 
    "deltam31"
  ], 
  "priors": [
    0.1, 
    0.003490658503988659, 
    Infinity, 
    0.03, 
    Infinity, 
    Infinity, 
    0.1, 
    Infinity
  ]
}