{
  "best_fits": [
    1.0000747908834104, 
    0.14829637986262975, 
    0.83752376111580473, 
    1.0006917781627209, 
    0.0, 
    0.99838660095373999, 
    0.99852712346675443, 
    -0.0023309667425944476
  ], 
  "labels": [
    "nu_nubar_ratio", 
    "theta13", 
    "theta23", 
    "nue_numu_ratio", 
    "hierarchy", 
    "aeff_scale", 
    "energy_scale", 
    "deltam31"
  ], 
  "matrix": [
    [
      5513.858763804158, 
      1300.5009297607728, 
      6418.2532291114485, 
      3769.9112164769376, 
      -11.343986698824772, 
      34677.77912681307, 
      -72730.55690354451, 
      133706.17861153831
    ], 
    [
      1300.5009297607728, 
      2268.6392197580058, 
      1228.0878530320197, 
      1750.4883495701179, 
      42.40913230255894, 
      8715.813644728212, 
      -15640.190553054706, 
      1414155.2809969264
    ], 
    [
      6418.2532291114485, 
      1228.0878530320197, 
      9702.43582583508, 
      3368.76040858091, 
      -9.460516136610348, 
      40382.09383647643, 
      -84754.59057595405, 
      264571.1373852014
    ], 
    [
      3769.9112164769376, 
      1750.4883495701179, 
      3368.76040858091, 
      6243.795260769754, 
      -0.16905099038095284, 
      24228.381982078634, 
      -53577.755687657525, 
      -634817.253015558
    ], 
    [
      -11.343986698824772, 
      42.40913230255894, 
      -9.460516136610348, 
      -0.16905099038095284, 
      7.308045558866853, 
      -36.362834386522024, 
      -50.76854854254705, 
      1104.9328417850738
    ], 
    [
      34677.77912681307, 
      8715.813644728212, 
      40382.09383647643, 
      24228.381982078634, 
      -36.362834386522024, 
      218491.55451016105, 
      -458953.15811320505, 
      825362.2697271341
    ], 
    [
      -72730.55690354451, 
      -15640.190553054706, 
      -84754.59057595405, 
      -53577.755687657525, 
      -50.76854854254705, 
      -458953.15811320505, 
      991650.0506935332, 
      4423133.198702927
    ], 
    [
      133706.17861153831, 
      1414155.2809969264, 
      264571.1373852014, 
      -634817.253015558, 
      1104.9328417850738, 
      825362.2697271341, 
      4423133.198702927, 
      2253923903.552497
    ]
  ], 
  "parameters": [
    "nu_nubar_ratio", 
    "theta13", 
    "theta23", 
    "nue_numu_ratio", 
    "hierarchy", 
    "aeff_scale", 
    "energy_scale", 
    "deltam31"
  ], 
  "priors": [
    0.1, 
    0.003490658503988659, 
    Infinity, 
    0.03, 
    Infinity, 
    Infinity, 
    0.1, 
    Infinity
  ]
}