{
  "best_fits": [
    0.98159424487226821, 
    0.14793394867441387, 
    0.87645505762493403, 
    0.98080983274354561, 
    0.0, 
    0.9743840003563079, 
    0.9845814426644941, 
    -0.0023025190249595273
  ], 
  "labels": [
    "nu_nubar_ratio", 
    "theta13", 
    "theta23", 
    "nue_numu_ratio", 
    "hierarchy", 
    "aeff_scale", 
    "energy_scale", 
    "deltam31"
  ], 
  "matrix": [
    [
      1558.1164130792317, 
      -243.4407927513243, 
      4128.685345633485, 
      -786.2093312108473, 
      9.825585106101084, 
      9494.450304986929, 
      -19323.24616856699, 
      305722.9691265968
    ], 
    [
      -243.4407927513243, 
      1318.438972558778, 
      -937.5246667103077, 
      30.376027313008755, 
      2.675026646151965, 
      -1379.9253667275675, 
      6700.121204277059, 
      1426180.1572693572
    ], 
    [
      4128.685345633485, 
      -937.5246667103077, 
      15442.51406365909, 
      -1872.5000255708098, 
      33.62432638396069, 
      25224.05831481377, 
      -54260.102356721494, 
      621657.7127760238
    ], 
    [
      -786.2093312108473, 
      30.376027313008755, 
      -1872.5000255708098, 
      861.7849285640071, 
      8.95610826056069, 
      -4770.597419626018, 
      9350.018891356849, 
      -385289.70363289636
    ], 
    [
      9.825585106101084, 
      2.675026646151965, 
      33.62432638396069, 
      8.95610826056069, 
      2.995950269738066, 
      62.43232427585085, 
      -121.52108468523646, 
      2593.090233972994
    ], 
    [
      9494.450304986929, 
      -1379.9253667275675, 
      25224.05831481377, 
      -4770.597419626018, 
      62.43232427585085, 
      57889.62187442216, 
      -117537.85613031177, 
      1964955.4043895989
    ], 
    [
      -19323.24616856699, 
      6700.121204277059, 
      -54260.102356721494, 
      9350.018891356849, 
      -121.52108468523646, 
      -117537.85613031177, 
      254012.2618129596, 
      953587.2044684284
    ], 
    [
      305722.9691265968, 
      1426180.1572693572, 
      621657.7127760238, 
      -385289.70363289636, 
      2593.090233972994, 
      1964955.4043895989, 
      953587.2044684284, 
      1977767418.3333764
    ]
  ], 
  "parameters": [
    "nu_nubar_ratio", 
    "theta13", 
    "theta23", 
    "nue_numu_ratio", 
    "hierarchy", 
    "aeff_scale", 
    "energy_scale", 
    "deltam31"
  ], 
  "priors": [
    0.1, 
    0.003490658503988659, 
    Infinity, 
    0.03, 
    Infinity, 
    Infinity, 
    0.1, 
    Infinity
  ]
}