{
  "best_fits": [
    0.98584556348806052, 
    0.14816088626643875, 
    0.85959601031597899, 
    0.98820564706517766, 
    0.0, 
    0.96960253048451228, 
    0.98206090507732335, 
    -0.0022866174567229354
  ], 
  "labels": [
    "nu_nubar_ratio", 
    "theta13", 
    "theta23", 
    "nue_numu_ratio", 
    "hierarchy", 
    "aeff_scale", 
    "energy_scale", 
    "deltam31"
  ], 
  "matrix": [
    [
      1524.6694793260428, 
      -179.8556109496564, 
      3291.948286046499, 
      -769.1259977869569, 
      -6.218713129780451, 
      9407.772927299371, 
      -19080.73407850023, 
      307375.89827630005
    ], 
    [
      -179.8556109496564, 
      1295.4310212298437, 
      -590.0710814137515, 
      -6.141199976615103, 
      -2.725198289687127, 
      -1013.7233579236068, 
      6042.398265826022, 
      1484330.6961835052
    ], 
    [
      3291.948286046499, 
      -590.0710814137515, 
      10176.352145022836, 
      -1485.1047655783561, 
      -14.251008227466105, 
      20375.07926975142, 
      -43745.349387399176, 
      517882.66749159247
    ], 
    [
      -769.1259977869569, 
      -6.141199976615103, 
      -1485.1047655783561, 
      853.3957294584828, 
      16.81695722199659, 
      -4724.246021539598, 
      9209.886997181862, 
      -390897.59611786425
    ], 
    [
      -6.218713129780451, 
      -2.725198289687127, 
      -14.251008227466105, 
      16.81695722199659, 
      2.605495269696115, 
      -35.95366868084197, 
      46.79028158938884, 
      -14444.438593087205
    ], 
    [
      9407.772927299371, 
      -1013.7233579236068, 
      20375.07926975142, 
      -4724.246021539598, 
      -35.95366868084197, 
      58083.239449320405, 
      -117536.90948245428, 
      1996239.3746098403
    ], 
    [
      -19080.73407850023, 
      6042.398265826022, 
      -43745.349387399176, 
      9209.886997181862, 
      46.79028158938884, 
      -117536.90948245428, 
      253887.8994685006, 
      1152592.3640974364
    ], 
    [
      307375.89827630005, 
      1484330.6961835052, 
      517882.66749159247, 
      -390897.59611786425, 
      -14444.438593087205, 
      1996239.3746098403, 
      1152592.3640974364, 
      2081362759.0972977
    ]
  ], 
  "parameters": [
    "nu_nubar_ratio", 
    "theta13", 
    "theta23", 
    "nue_numu_ratio", 
    "hierarchy", 
    "aeff_scale", 
    "energy_scale", 
    "deltam31"
  ], 
  "priors": [
    0.1, 
    0.003490658503988659, 
    Infinity, 
    0.03, 
    Infinity, 
    Infinity, 
    0.1, 
    Infinity
  ]
}