{
  "best_fits": [
    0.99279551160650703, 
    0.14891100063264934, 
    0.81370220108428359, 
    1.0368449394000727, 
    0.0, 
    0.95826530607986093, 
    0.9778534160839979, 
    -0.0022648858677912398
  ], 
  "labels": [
    "nu_nubar_ratio", 
    "theta13", 
    "theta23", 
    "nue_numu_ratio", 
    "hierarchy", 
    "aeff_scale", 
    "energy_scale", 
    "deltam31"
  ], 
  "matrix": [
    [
      4176.944325020057, 
      1108.3533944321696, 
      2707.2678225365094, 
      4480.894649541074, 
      -13.791393135247244, 
      27258.31104163453, 
      -56241.40911417822, 
      -166083.75975234865
    ], 
    [
      1108.3533944321696, 
      693.825325940107, 
      810.6703840947218, 
      1380.651919393531, 
      37.829643495814906, 
      7517.27844410808, 
      -16547.506610454693, 
      -47031.96059927652
    ], 
    [
      2707.2678225365094, 
      810.6703840947218, 
      1937.722358428456, 
      2756.0220981898865, 
      17.923367180063487, 
      17786.643205471086, 
      -36135.31225298976, 
      -88424.73708751294
    ], 
    [
      4480.894649541074, 
      1380.651919393531, 
      2756.0220981898865, 
      5201.617064489247, 
      -19.752514559871276, 
      29321.23585298514, 
      -62315.38375956654, 
      -254980.43571790596
    ], 
    [
      -13.791393135247244, 
      37.829643495814906, 
      17.923367180063487, 
      -19.752514559871276, 
      9.952594857385945, 
      -45.32317374489262, 
      33.96307975448212, 
      -6931.774966832518
    ], 
    [
      27258.31104163453, 
      7517.27844410808, 
      17786.643205471086, 
      29321.23585298514, 
      -45.32317374489262, 
      178154.51412897016, 
      -368385.0027032297, 
      -1123735.1910450126
    ], 
    [
      -56241.40911417822, 
      -16547.506610454693, 
      -36135.31225298976, 
      -62315.38375956654, 
      33.96307975448212, 
      -368385.0027032297, 
      773708.7670518224, 
      3248575.1354129435
    ], 
    [
      -166083.75975234865, 
      -47031.96059927652, 
      -88424.73708751294, 
      -254980.43571790596, 
      -6931.774966832518, 
      -1123735.1910450126, 
      3248575.1354129435, 
      205707629.31836194
    ]
  ], 
  "parameters": [
    "nu_nubar_ratio", 
    "theta13", 
    "theta23", 
    "nue_numu_ratio", 
    "hierarchy", 
    "aeff_scale", 
    "energy_scale", 
    "deltam31"
  ], 
  "priors": [
    0.1, 
    0.003490658503988659, 
    Infinity, 
    0.03, 
    Infinity, 
    Infinity, 
    0.1, 
    Infinity
  ]
}