{
  "best_fits": [
    0.99599652299824271, 
    0.14946995547299893, 
    0.84472640931063192, 
    1.0302205138015408, 
    0.0, 
    0.93986493538701532, 
    0.96547793359859624, 
    -0.0022447585093675307
  ], 
  "labels": [
    "nu_nubar_ratio", 
    "theta13", 
    "theta23", 
    "nue_numu_ratio", 
    "hierarchy", 
    "aeff_scale", 
    "energy_scale", 
    "deltam31"
  ], 
  "matrix": [
    [
      5615.230579491668, 
      1227.8314267727542, 
      7212.823491555527, 
      3720.7026621410732, 
      -12.98943871498448, 
      37301.48795817408, 
      -75584.63581975017, 
      134201.2833313487
    ], 
    [
      1227.8314267727542, 
      2173.1319128579635, 
      1199.6929325147253, 
      1603.986439526371, 
      102.35120323011444, 
      8694.248777387878, 
      -14847.449886571758, 
      1479647.8582133332
    ], 
    [
      7212.823491555527, 
      1199.6929325147253, 
      12207.37653396951, 
      3513.1830832051983, 
      -14.715600146386109, 
      47893.91998252988, 
      -96964.43112523579, 
      299681.8557207602
    ], 
    [
      3720.7026621410732, 
      1603.986439526371, 
      3513.1830832051983, 
      6041.300334322669, 
      56.2586716054258, 
      25249.748829757547, 
      -53994.392163039636, 
      -657933.8817066809
    ], 
    [
      -12.98943871498448, 
      102.35120323011444, 
      -14.715600146386109, 
      56.2586716054258, 
      22.834232938678042, 
      -8.187220923062853, 
      50.91018158304155, 
      -2824.689163193786
    ], 
    [
      37301.48795817408, 
      8694.248777387878, 
      47893.91998252988, 
      25249.748829757547, 
      -8.187220923062853, 
      248217.87032062974, 
      -503699.29823947453, 
      878093.6295969521
    ], 
    [
      -75584.63581975017, 
      -14847.449886571758, 
      -96964.43112523579, 
      -53994.392163039636, 
      50.91018158304155, 
      -503699.29823947453, 
      1051555.706752678, 
      4826499.331719471
    ], 
    [
      134201.2833313487, 
      1479647.8582133332, 
      299681.8557207602, 
      -657933.8817066809, 
      -2824.689163193786, 
      878093.6295969521, 
      4826499.331719471, 
      2433396220.804079
    ]
  ], 
  "parameters": [
    "nu_nubar_ratio", 
    "theta13", 
    "theta23", 
    "nue_numu_ratio", 
    "hierarchy", 
    "aeff_scale", 
    "energy_scale", 
    "deltam31"
  ], 
  "priors": [
    0.1, 
    0.003490658503988659, 
    Infinity, 
    0.03, 
    Infinity, 
    Infinity, 
    0.1, 
    Infinity
  ]
}