{
  "best_fits": [
    0.97413661481032854, 
    0.14933036161947616, 
    0.81364402713485562, 
    1.0282344612635157, 
    0.0, 
    0.92874897890737973, 
    0.95930554152489234, 
    -0.0022391401586347262
  ], 
  "labels": [
    "nu_nubar_ratio", 
    "theta13", 
    "theta23", 
    "nue_numu_ratio", 
    "hierarchy", 
    "aeff_scale", 
    "energy_scale", 
    "deltam31"
  ], 
  "matrix": [
    [
      4375.314764803607, 
      1162.320221101778, 
      2776.751495437183, 
      4615.0281264242085, 
      24.652914510193593, 
      28785.57504522958, 
      -58271.12461503434, 
      -183178.48889971746
    ], 
    [
      1162.320221101778, 
      720.3079233714992, 
      835.0765205904419, 
      1422.25136474774, 
      41.43837103142419, 
      7946.388766547167, 
      -17150.571263753733, 
      -50954.900160827776
    ], 
    [
      2776.751495437183, 
      835.0765205904419, 
      1947.3073727920287, 
      2781.2869388545855, 
      51.189222574459066, 
      18396.366261091334, 
      -36680.597815718436, 
      -97196.41888598222
    ], 
    [
      4615.0281264242085, 
      1422.25136474774, 
      2781.2869388545855, 
      5269.5004049712015, 
      2.4796790439204743, 
      30445.266561131073, 
      -63489.40355384152, 
      -270837.43821033795
    ], 
    [
      24.652914510193593, 
      41.43837103142419, 
      51.189222574459066, 
      2.4796790439204743, 
      11.237493768059746, 
      203.48651353591652, 
      -355.04582803106695, 
      -740.8628310120295
    ], 
    [
      28785.57504522958, 
      7946.388766547167, 
      18396.366261091334, 
      30445.266561131073, 
      203.48651353591652, 
      189674.56051062903, 
      -384804.7380743109, 
      -1246407.0798035744
    ], 
    [
      -58271.12461503434, 
      -17150.571263753733, 
      -36680.597815718436, 
      -63489.40355384152, 
      -355.04582803106695, 
      -384804.7380743109, 
      793007.8980836209, 
      3480098.3587347222
    ], 
    [
      -183178.48889971746, 
      -50954.900160827776, 
      -97196.41888598222, 
      -270837.43821033795, 
      -740.8628310120295, 
      -1246407.0798035744, 
      3480098.3587347222, 
      212710985.77223685
    ]
  ], 
  "parameters": [
    "nu_nubar_ratio", 
    "theta13", 
    "theta23", 
    "nue_numu_ratio", 
    "hierarchy", 
    "aeff_scale", 
    "energy_scale", 
    "deltam31"
  ], 
  "priors": [
    0.1, 
    0.003490658503988659, 
    Infinity, 
    0.03, 
    Infinity, 
    Infinity, 
    0.1, 
    Infinity
  ]
}