{
  "best_fits": [
    0.99565412686990418, 
    0.14923354121088472, 
    0.81315232642031299, 
    1.0417821926557842, 
    0.0, 
    0.97253311370222328, 
    0.984767190414503, 
    -0.0022941651187786071
  ], 
  "labels": [
    "nu_nubar_ratio", 
    "theta13", 
    "theta23", 
    "nue_numu_ratio", 
    "hierarchy", 
    "aeff_scale", 
    "energy_scale", 
    "deltam31"
  ], 
  "matrix": [
    [
      5605.339529713512, 
      1055.028614773701, 
      3731.310696218826, 
      3737.6796934407266, 
      -10.187709141990311, 
      35900.45479543121, 
      -74280.2009487199, 
      130476.36786522748
    ], 
    [
      1055.028614773701, 
      1919.3548946900696, 
      767.0431414503637, 
      1267.0526139883027, 
      90.08315909631341, 
      7171.991136773734, 
      -11941.159508047644, 
      1500270.4251667357
    ], 
    [
      3731.310696218826, 
      767.0431414503637, 
      3110.3866827294974, 
      2252.638670471455, 
      17.486274687126624, 
      24027.65931819854, 
      -49937.90862280472, 
      127903.78037188685
    ], 
    [
      3737.6796934407266, 
      1267.0526139883027, 
      2252.638670471455, 
      5976.1082461765955, 
      3.4472305938156427, 
      24357.00239044358, 
      -53154.015945850944, 
      -630229.3368258043
    ], 
    [
      -10.187709141990311, 
      90.08315909631341, 
      17.486274687126624, 
      3.4472305938156427, 
      18.637669423409157, 
      -1.8401821989230598, 
      -30.588805084634544, 
      13448.507208377285
    ], 
    [
      35900.45479543121, 
      7171.991136773734, 
      24027.65931819854, 
      24357.00239044358, 
      -1.8401821989230598, 
      230264.98199144314, 
      -477088.6023614004, 
      832211.7951448536
    ], 
    [
      -74280.2009487199, 
      -11941.159508047644, 
      -49937.90862280472, 
      -53154.015945850944, 
      -30.588805084634544, 
      -477088.6023614004, 
      1017325.2348933201, 
      4732815.094317011
    ], 
    [
      130476.36786522748, 
      1500270.4251667357, 
      127903.78037188685, 
      -630229.3368258043, 
      13448.507208377285, 
      832211.7951448536, 
      4732815.094317011, 
      2365798506.8134446
    ]
  ], 
  "parameters": [
    "nu_nubar_ratio", 
    "theta13", 
    "theta23", 
    "nue_numu_ratio", 
    "hierarchy", 
    "aeff_scale", 
    "energy_scale", 
    "deltam31"
  ], 
  "priors": [
    0.1, 
    0.003490658503988659, 
    Infinity, 
    0.03, 
    Infinity, 
    Infinity, 
    0.1, 
    Infinity
  ]
}