{
  "best_fits": [
    0.98244155965090985, 
    0.14865725292386342, 
    0.89220123259782691, 
    1.0416042724855352, 
    0.0, 
    0.95263704197831001, 
    0.96952065394357545, 
    -0.002237285643389127
  ], 
  "labels": [
    "nu_nubar_ratio", 
    "theta13", 
    "theta23", 
    "nue_numu_ratio", 
    "hierarchy", 
    "aeff_scale", 
    "energy_scale", 
    "deltam31"
  ], 
  "matrix": [
    [
      4319.96587617215, 
      1646.233705506288, 
      7820.154846209299, 
      4436.715891930401, 
      2.1657024709578976, 
      28226.76344661914, 
      -58080.413745364225, 
      -163936.36680398928
    ], 
    [
      1646.233705506288, 
      1235.582694043045, 
      2792.0904932814715, 
      1946.2719070547553, 
      76.58646320390848, 
      11169.14170600655, 
      -24407.58362940278, 
      -109247.36443801734
    ], 
    [
      7820.154846209299, 
      2792.0904932814715, 
      15901.78769693055, 
      7286.516055868764, 
      76.16314270493946, 
      51104.26947524839, 
      -101539.44982181427, 
      -132178.22126631398
    ], 
    [
      4436.715891930401, 
      1946.2719070547553, 
      7286.516055868764, 
      4982.97013543818, 
      -13.770239082417492, 
      29087.812898073185, 
      -61818.04111332073, 
      -256566.92176806406
    ], 
    [
      2.1657024709578976, 
      76.58646320390848, 
      76.16314270493946, 
      -13.770239082417492, 
      21.757449156098637, 
      91.30878652047964, 
      -222.84710629488333, 
      -11458.265413988463
    ], 
    [
      28226.76344661914, 
      11169.14170600655, 
      51104.26947524839, 
      29087.812898073185, 
      91.30878652047964, 
      184802.0610149132, 
      -381199.3551441654, 
      -1125362.4823233914
    ], 
    [
      -58080.413745364225, 
      -24407.58362940278, 
      -101539.44982181427, 
      -61818.04111332073, 
      -222.84710629488333, 
      -381199.3551441654, 
      798825.2399813485, 
      3278315.8894658606
    ], 
    [
      -163936.36680398928, 
      -109247.36443801734, 
      -132178.22126631398, 
      -256566.92176806406, 
      -11458.265413988463, 
      -1125362.4823233914, 
      3278315.8894658606, 
      204540856.71051016
    ]
  ], 
  "parameters": [
    "nu_nubar_ratio", 
    "theta13", 
    "theta23", 
    "nue_numu_ratio", 
    "hierarchy", 
    "aeff_scale", 
    "energy_scale", 
    "deltam31"
  ], 
  "priors": [
    0.1, 
    0.003490658503988659, 
    Infinity, 
    0.03, 
    Infinity, 
    Infinity, 
    0.1, 
    Infinity
  ]
}