{
  "best_fits": [
    0.99599652299824271, 
    0.14946995547299893, 
    0.84472640931063192, 
    1.0302205138015408, 
    0.0, 
    0.93986493538701532, 
    0.96547793359859624, 
    -0.0022447585093675307
  ], 
  "labels": [
    "nu_nubar_ratio", 
    "theta13", 
    "theta23", 
    "nue_numu_ratio", 
    "hierarchy", 
    "aeff_scale", 
    "energy_scale", 
    "deltam31"
  ], 
  "matrix": [
    [
      4144.43248712544, 
      1334.373700418723, 
      4677.166497898396, 
      4463.027323644581, 
      40.83287304775589, 
      27794.950091929644, 
      -56677.57975347899, 
      -169940.01508807848
    ], 
    [
      1334.373700418723, 
      906.4780217633255, 
      1502.0470226550585, 
      1654.5959470132027, 
      70.11248102640467, 
      9292.155003856988, 
      -20132.006440196386, 
      -72750.46565979296
    ], 
    [
      4677.166497898396, 
      1502.0470226550585, 
      5848.445799644513, 
      4656.550517586702, 
      96.69380680512764, 
      31444.885494736773, 
      -62339.09464289816, 
      -115057.62156748775
    ], 
    [
      4463.027323644581, 
      1654.5959470132027, 
      4656.550517586702, 
      5215.493911615767, 
      28.237345137260583, 
      30023.80490392952, 
      -63115.35793628225, 
      -264716.28528463276
    ], 
    [
      40.83287304775589, 
      70.11248102640467, 
      96.69380680512764, 
      28.237345137260583, 
      16.981845411453218, 
      335.88763625677154, 
      -696.1267850345573, 
      -7424.660610576486
    ], 
    [
      27794.950091929644, 
      9292.155003856988, 
      31444.885494736773, 
      30023.80490392952, 
      335.88763625677154, 
      186736.9577573719, 
      -381682.11796398903, 
      -1186871.2282605646
    ], 
    [
      -56677.57975347899, 
      -20132.006440196386, 
      -62339.09464289816, 
      -63115.35793628225, 
      -696.1267850345573, 
      -381682.11796398903, 
      792517.8982994469, 
      3383041.20451253
    ], 
    [
      -169940.01508807848, 
      -72750.46565979296, 
      -115057.62156748775, 
      -264716.28528463276, 
      -7424.660610576486, 
      -1186871.2282605646, 
      3383041.20451253, 
      210458327.46689123
    ]
  ], 
  "parameters": [
    "nu_nubar_ratio", 
    "theta13", 
    "theta23", 
    "nue_numu_ratio", 
    "hierarchy", 
    "aeff_scale", 
    "energy_scale", 
    "deltam31"
  ], 
  "priors": [
    0.1, 
    0.003490658503988659, 
    Infinity, 
    0.03, 
    Infinity, 
    Infinity, 
    0.1, 
    Infinity
  ]
}