{
  "best_fits": [
    1.0006246404790358, 
    0.14950140454438329, 
    0.8586161943446009, 
    1.0306079678235216, 
    0.0, 
    0.98972242817447964, 
    0.9890243030121636, 
    -0.0023051603223873591
  ], 
  "labels": [
    "nu_nubar_ratio", 
    "theta13", 
    "theta23", 
    "nue_numu_ratio", 
    "hierarchy", 
    "aeff_scale", 
    "energy_scale", 
    "deltam31"
  ], 
  "matrix": [
    [
      1474.3050082679943, 
      -149.5376865667608, 
      3189.2741958934225, 
      -743.627406594226, 
      -38.25258745879194, 
      9088.230687043391, 
      -18698.93319270395, 
      297801.0604166617
    ], 
    [
      -149.5376865667608, 
      1282.053989867286, 
      -507.08236219355143, 
      -25.2727990319264, 
      39.286028449157875, 
      -829.4428011515815, 
      5658.929143601698, 
      1480182.5411216905
    ], 
    [
      3189.2741958934225, 
      -507.08236219355143, 
      9891.110154792323, 
      -1442.585086332701, 
      -27.912291294629128, 
      19724.071423442005, 
      -42972.92734045073, 
      507092.7946873614
    ], 
    [
      -743.627406594226, 
      -25.2727990319264, 
      -1442.585086332701, 
      825.087417604661, 
      16.77208543272788, 
      -4561.905597698917, 
      9018.365758333597, 
      -380935.7184180175
    ], 
    [
      -38.25258745879194, 
      39.286028449157875, 
      -27.912291294629128, 
      16.77208543272788, 
      5.984443508902669, 
      -230.21219255272865, 
      505.55555868341503, 
      19846.224911900088
    ], 
    [
      9088.230687043391, 
      -829.4428011515815, 
      19724.071423442005, 
      -4561.905597698917, 
      -230.21219255272865, 
      56055.93491107499, 
      -115081.03707911047, 
      1931647.1278454636
    ], 
    [
      -18698.93319270395, 
      5658.929143601698, 
      -42972.92734045073, 
      9018.365758333597, 
      505.55555868341503, 
      -115081.03707911047, 
      252094.1771573974, 
      1144458.899773005
    ], 
    [
      297801.0604166617, 
      1480182.5411216905, 
      507092.7946873614, 
      -380935.7184180175, 
      19846.224911900088, 
      1931647.1278454636, 
      1144458.899773005, 
      2045660797.1720357
    ]
  ], 
  "parameters": [
    "nu_nubar_ratio", 
    "theta13", 
    "theta23", 
    "nue_numu_ratio", 
    "hierarchy", 
    "aeff_scale", 
    "energy_scale", 
    "deltam31"
  ], 
  "priors": [
    0.1, 
    0.003490658503988659, 
    Infinity, 
    0.03, 
    Infinity, 
    Infinity, 
    0.1, 
    Infinity
  ]
}