{
  "best_fits": [
    0.9997072072000357, 
    0.14961883545256441, 
    0.84182591295377107, 
    1.0330192448438824, 
    0.0, 
    0.98734398052533667, 
    0.98883873089906926, 
    -0.002303356153928572
  ], 
  "labels": [
    "nu_nubar_ratio", 
    "theta13", 
    "theta23", 
    "nue_numu_ratio", 
    "hierarchy", 
    "aeff_scale", 
    "energy_scale", 
    "deltam31"
  ], 
  "matrix": [
    [
      5588.140288856061, 
      1219.555052934392, 
      6909.39351030197, 
      3721.836922656929, 
      -17.49079253746862, 
      35506.91275402976, 
      -74286.88958217713, 
      136887.19486712688
    ], 
    [
      1219.555052934392, 
      2172.091651122062, 
      1173.3356879850662, 
      1593.0617321008822, 
      116.77878787787375, 
      8261.67852816483, 
      -14580.545723743195, 
      1444987.8225796414
    ], 
    [
      6909.39351030197, 
      1173.3356879850662, 
      11191.996912026747, 
      3439.063119598796, 
      34.94521574485295, 
      43898.11927068578, 
      -91841.13158927711, 
      294692.0339681074
    ], 
    [
      3721.836922656929, 
      1593.0617321008822, 
      3439.063119598796, 
      6031.034428055576, 
      30.777082927961395, 
      24152.8984365353, 
      -53315.59998567877, 
      -633968.9844323602
    ], 
    [
      -17.49079253746862, 
      116.77878787787375, 
      34.94521574485295, 
      30.777082927961395, 
      26.468696117917904, 
      -24.607102271993085, 
      -46.991721139241236, 
      6811.477359760816
    ], 
    [
      35506.91275402976, 
      8261.67852816483, 
      43898.11927068578, 
      24152.8984365353, 
      -24.607102271993085, 
      225999.75124418328, 
      -473529.0571433157, 
      857391.3776184523
    ], 
    [
      -74286.88958217713, 
      -14580.545723743195, 
      -91841.13158927711, 
      -53315.59998567877, 
      -46.991721139241236, 
      -473529.0571433157, 
      1020501.621418815, 
      4485307.5665015755
    ], 
    [
      136887.19486712688, 
      1444987.8225796414, 
      294692.0339681074, 
      -633968.9844323602, 
      6811.477359760816, 
      857391.3776184523, 
      4485307.5665015755, 
      2299680875.617309
    ]
  ], 
  "parameters": [
    "nu_nubar_ratio", 
    "theta13", 
    "theta23", 
    "nue_numu_ratio", 
    "hierarchy", 
    "aeff_scale", 
    "energy_scale", 
    "deltam31"
  ], 
  "priors": [
    0.1, 
    0.003490658503988659, 
    Infinity, 
    0.03, 
    Infinity, 
    Infinity, 
    0.1, 
    Infinity
  ]
}