{
  "best_fits": [
    1.0004767644600561, 
    0.14848737074929624, 
    0.82037058958364906, 
    1.0015398920738858, 
    0.0, 
    0.99867659712698298, 
    0.99826307093099376, 
    -0.0023313625118348801
  ], 
  "labels": [
    "nu_nubar_ratio", 
    "theta13", 
    "theta23", 
    "nue_numu_ratio", 
    "hierarchy", 
    "aeff_scale", 
    "energy_scale", 
    "deltam31"
  ], 
  "matrix": [
    [
      4069.736906475377, 
      1289.5598783554601, 
      3128.269511748913, 
      4526.020726950898, 
      0.7224309376552926, 
      25797.590515991687, 
      -54513.42422444871, 
      -161101.2779304725
    ], 
    [
      1289.5598783554601, 
      873.0328351074112, 
      1073.8961962694452, 
      1647.1419722171959, 
      47.80002935059964, 
      8491.196462208645, 
      -19034.830249643965, 
      -63946.44598016231
    ], 
    [
      3128.269511748913, 
      1073.8961962694452, 
      2645.637404815875, 
      3282.0660715483154, 
      7.771517384818349, 
      19940.698724245613, 
      -41343.75395809977, 
      -92484.83558563133
    ], 
    [
      4526.020726950898, 
      1647.1419722171959, 
      3282.0660715483154, 
      5444.066712579244, 
      22.175285053705128, 
      28779.552679779634, 
      -62613.2031456474, 
      -255825.4683509352
    ], 
    [
      0.7224309376552926, 
      47.80002935059964, 
      7.771517384818349, 
      22.175285053705128, 
      8.053732843813513, 
      47.2927773362517, 
      -267.1076554236723, 
      -8444.921942026236
    ], 
    [
      25797.590515991687, 
      8491.196462208645, 
      19940.698724245613, 
      28779.552679779634, 
      47.2927773362517, 
      163813.6165841723, 
      -346981.61042823695, 
      -1063422.5038394465
    ], 
    [
      -54513.42422444871, 
      -19034.830249643965, 
      -41343.75395809977, 
      -62613.2031456474, 
      -267.1076554236723, 
      -346981.61042823695, 
      746357.0736273915, 
      3144581.202172
    ], 
    [
      -161101.2779304725, 
      -63946.44598016231, 
      -92484.83558563133, 
      -255825.4683509352, 
      -8444.921942026236, 
      -1063422.5038394465, 
      3144581.202172, 
      196657799.11119944
    ]
  ], 
  "parameters": [
    "nu_nubar_ratio", 
    "theta13", 
    "theta23", 
    "nue_numu_ratio", 
    "hierarchy", 
    "aeff_scale", 
    "energy_scale", 
    "deltam31"
  ], 
  "priors": [
    0.1, 
    0.003490658503988659, 
    Infinity, 
    0.03, 
    Infinity, 
    Infinity, 
    0.1, 
    Infinity
  ]
}