{
  "best_fits": [
    0.98584556348806052, 
    0.14816088626643875, 
    0.85959601031597899, 
    0.98820564706517766, 
    0.0, 
    0.96960253048451228, 
    0.98206090507732335, 
    -0.0022866174567229354
  ], 
  "labels": [
    "nu_nubar_ratio", 
    "theta13", 
    "theta23", 
    "nue_numu_ratio", 
    "hierarchy", 
    "aeff_scale", 
    "energy_scale", 
    "deltam31"
  ], 
  "matrix": [
    [
      4194.250117529051, 
      1626.1868640525156, 
      5733.196769157457, 
      4581.913263382376, 
      -18.02415109406735, 
      27012.593673175386, 
      -56117.70820593167, 
      -159321.48500294282
    ], 
    [
      1626.1868640525156, 
      1222.0010179971566, 
      2173.8115220341547, 
      2026.124285696605, 
      6.906510673340536, 
      10874.229159764513, 
      -23898.94205402294, 
      -98699.6346178426
    ], 
    [
      5733.196769157457, 
      2173.8115220341547, 
      8716.462899460412, 
      5760.533619124102, 
      -27.620478377921312, 
      36979.08755184985, 
      -74499.2756211095, 
      -110674.77884077774
    ], 
    [
      4581.913263382376, 
      2026.124285696605, 
      5760.533619124102, 
      5438.174498051591, 
      -16.90735063024972, 
      29611.90391111118, 
      -63423.991210598266, 
      -259439.50938480406
    ], 
    [
      -18.02415109406735, 
      6.906510673340536, 
      -27.620478377921312, 
      -16.90735063024972, 
      2.3750438112779215, 
      -101.04380096907042, 
      174.45931302740053, 
      -1647.4393032190524
    ], 
    [
      27012.593673175386, 
      10874.229159764513, 
      36979.08755184985, 
      29611.90391111118, 
      -101.04380096907042, 
      174328.24234862515, 
      -363090.72624613106, 
      -1077922.40898986
    ], 
    [
      -56117.70820593167, 
      -23898.94205402294, 
      -74499.2756211095, 
      -63423.991210598266, 
      174.45931302740053, 
      -363090.72624613106, 
      768221.0632810697, 
      3192365.5485158
    ], 
    [
      -159321.48500294282, 
      -98699.6346178426, 
      -110674.77884077774, 
      -259439.50938480406, 
      -1647.4393032190524, 
      -1077922.40898986, 
      3192365.5485158, 
      204641319.47482273
    ]
  ], 
  "parameters": [
    "nu_nubar_ratio", 
    "theta13", 
    "theta23", 
    "nue_numu_ratio", 
    "hierarchy", 
    "aeff_scale", 
    "energy_scale", 
    "deltam31"
  ], 
  "priors": [
    0.1, 
    0.003490658503988659, 
    Infinity, 
    0.03, 
    Infinity, 
    Infinity, 
    0.1, 
    Infinity
  ]
}