{
  "best_fits": [
    1.0014897704447669, 
    0.14894946670021914, 
    0.7980810024315288, 
    1.0304140065593506, 
    0.0, 
    0.97896821324079519, 
    0.98904366138135924, 
    -0.0023034338884324172
  ], 
  "labels": [
    "nu_nubar_ratio", 
    "theta13", 
    "theta23", 
    "nue_numu_ratio", 
    "hierarchy", 
    "aeff_scale", 
    "energy_scale", 
    "deltam31"
  ], 
  "matrix": [
    [
      4095.652236325138, 
      1007.4603659137276, 
      1691.1450347468092, 
      4463.97650962526, 
      -10.082026071485355, 
      26409.87354042446, 
      -55190.05898438289, 
      -163562.2367412309
    ], 
    [
      1007.4603659137276, 
      622.4987350538814, 
      553.6471487105972, 
      1284.3172983833822, 
      40.76965981984211, 
      6760.421794391594, 
      -15106.49909906082, 
      -37922.00072377391
    ], 
    [
      1691.1450347468092, 
      553.6471487105972, 
      807.8283961726563, 
      1810.8848760494122, 
      21.320543035824926, 
      11044.61493578901, 
      -23123.33738637704, 
      -75941.86505667788
    ], 
    [
      4463.97650962526, 
      1284.3172983833822, 
      1810.8848760494122, 
      5260.465781518214, 
      -7.491871176568456, 
      28864.11371666472, 
      -62103.45339442837, 
      -251881.2065149564
    ], 
    [
      -10.082026071485355, 
      40.76965981984211, 
      21.320543035824926, 
      -7.491871176568456, 
      9.415176133693985, 
      -21.22241210307327, 
      -53.09623888260889, 
      -6221.2367085625365
    ], 
    [
      26409.87354042446, 
      6760.421794391594, 
      11044.61493578901, 
      28864.11371666472, 
      -21.22241210307327, 
      170546.8328530692, 
      -357174.5938790897, 
      -1091857.2720316388
    ], 
    [
      -55190.05898438289, 
      -15106.49909906082, 
      -23123.33738637704, 
      -62103.45339442837, 
      -53.09623888260889, 
      -357174.5938790897, 
      759640.5461374569, 
      3176448.3256001533
    ], 
    [
      -163562.2367412309, 
      -37922.00072377391, 
      -75941.86505667788, 
      -251881.2065149564, 
      -6221.2367085625365, 
      -1091857.2720316388, 
      3176448.3256001533, 
      197399303.6127356
    ]
  ], 
  "parameters": [
    "nu_nubar_ratio", 
    "theta13", 
    "theta23", 
    "nue_numu_ratio", 
    "hierarchy", 
    "aeff_scale", 
    "energy_scale", 
    "deltam31"
  ], 
  "priors": [
    0.1, 
    0.003490658503988659, 
    Infinity, 
    0.03, 
    Infinity, 
    Infinity, 
    0.1, 
    Infinity
  ]
}