{
  "best_fits": [
    1.0004767644600561, 
    0.14848737074929624, 
    0.82037058958364906, 
    1.0015398920738858, 
    0.0, 
    0.99867659712698298, 
    0.99826307093099376, 
    -0.0023313625118348801
  ], 
  "labels": [
    "nu_nubar_ratio", 
    "theta13", 
    "theta23", 
    "nue_numu_ratio", 
    "hierarchy", 
    "aeff_scale", 
    "energy_scale", 
    "deltam31"
  ], 
  "matrix": [
    [
      5510.121589798137, 
      1220.5978593487587, 
      4522.752923406622, 
      3795.5011549987166, 
      -15.47449158810344, 
      34626.974181368576, 
      -72688.95340838908, 
      130075.41980958742
    ], 
    [
      1220.5978593487587, 
      2126.404668765796, 
      978.1375488333765, 
      1579.683338249154, 
      67.11946351937911, 
      8148.12303232757, 
      -14326.413912964395, 
      1454944.8971439959
    ], 
    [
      4522.752923406622, 
      978.1375488333765, 
      4692.924410010648, 
      2656.7941024320835, 
      -8.908068281538675, 
      28524.303437378145, 
      -60070.50624384629, 
      166663.3986725565
    ], 
    [
      3795.5011549987166, 
      1579.683338249154, 
      2656.7941024320835, 
      6275.590490554407, 
      33.27548101036734, 
      24323.69849638457, 
      -53822.456358093084, 
      -636142.6821806559
    ], 
    [
      -15.47449158810344, 
      67.11946351937911, 
      -8.908068281538675, 
      33.27548101036734, 
      9.868387859853815, 
      -48.70801352811753, 
      -36.36679271116799, 
      1431.5126743682395
    ], 
    [
      34626.974181368576, 
      8148.12303232757, 
      28524.303437378145, 
      24323.69849638457, 
      -48.70801352811753, 
      217967.30664280945, 
      -458241.45681073546, 
      807252.5292749514
    ], 
    [
      -72688.95340838908, 
      -14326.413912964395, 
      -60070.50624384629, 
      -53822.456358093084, 
      -36.36679271116799, 
      -458241.45681073546, 
      991311.576712696, 
      4571532.1168808695
    ], 
    [
      130075.41980958742, 
      1454944.8971439959, 
      166663.3986725565, 
      -636142.6821806559, 
      1431.5126743682395, 
      807252.5292749514, 
      4571532.1168808695, 
      2295263289.3638186
    ]
  ], 
  "parameters": [
    "nu_nubar_ratio", 
    "theta13", 
    "theta23", 
    "nue_numu_ratio", 
    "hierarchy", 
    "aeff_scale", 
    "energy_scale", 
    "deltam31"
  ], 
  "priors": [
    0.1, 
    0.003490658503988659, 
    Infinity, 
    0.03, 
    Infinity, 
    Infinity, 
    0.1, 
    Infinity
  ]
}