{
  "best_fits": [
    0.9997072072000357, 
    0.14961883545256441, 
    0.84182591295377107, 
    1.0330192448438824, 
    0.0, 
    0.98734398052533667, 
    0.98883873089906926, 
    -0.002303356153928572
  ], 
  "labels": [
    "nu_nubar_ratio", 
    "theta13", 
    "theta23", 
    "nue_numu_ratio", 
    "hierarchy", 
    "aeff_scale", 
    "energy_scale", 
    "deltam31"
  ], 
  "matrix": [
    [
      1460.7505135599354, 
      -102.61950460320466, 
      2398.171794503987, 
      -733.5148578586683, 
      -32.875209151198995, 
      9033.39779641093, 
      -18539.400960101375, 
      297104.91717622546
    ], 
    [
      -102.61950460320466, 
      1271.0192303617146, 
      -276.75751925497224, 
      -52.19427382217842, 
      34.60486108558517, 
      -547.6529193448584, 
      5135.234547510684, 
      1516229.2661155963
    ], 
    [
      2398.171794503987, 
      -276.75751925497224, 
      5738.972767571378, 
      -1074.960689316952, 
      -23.060275366361452, 
      14885.018002917746, 
      -32381.037196044355, 
      398785.23323685426
    ], 
    [
      -733.5148578586683, 
      -52.19427382217842, 
      -1074.960689316952, 
      818.116007437689, 
      12.588629660356675, 
      -4513.410447876048, 
      8887.536586536413, 
      -381688.2415368205
    ], 
    [
      -32.875209151198995, 
      34.60486108558517, 
      -23.060275366361452, 
      12.588629660356675, 
      4.795924790946585, 
      -198.804071318287, 
      442.2251458699545, 
      18082.25462653589
    ], 
    [
      9033.39779641093, 
      -547.6529193448584, 
      14885.018002917746, 
      -4513.410447876048, 
      -198.804071318287, 
      55895.18245009128, 
      -114475.11644408117, 
      1929881.0411677898
    ], 
    [
      -18539.400960101375, 
      5135.234547510684, 
      -32381.037196044355, 
      8887.536586536413, 
      442.2251458699545, 
      -114475.11644408117, 
      250736.32614804534, 
      1306237.8316803589
    ], 
    [
      297104.91717622546, 
      1516229.2661155963, 
      398785.23323685426, 
      -381688.2415368205, 
      18082.25462653589, 
      1929881.0411677898, 
      1306237.8316803589, 
      2101324895.2958252
    ]
  ], 
  "parameters": [
    "nu_nubar_ratio", 
    "theta13", 
    "theta23", 
    "nue_numu_ratio", 
    "hierarchy", 
    "aeff_scale", 
    "energy_scale", 
    "deltam31"
  ], 
  "priors": [
    0.1, 
    0.003490658503988659, 
    Infinity, 
    0.03, 
    Infinity, 
    Infinity, 
    0.1, 
    Infinity
  ]
}