{
  "best_fits": [
    0.97413661481032854, 
    0.14933036161947616, 
    0.81364402713485562, 
    1.0282344612635157, 
    0.0, 
    0.92874897890737973, 
    0.95930554152489234, 
    -0.0022391401586347262
  ], 
  "labels": [
    "nu_nubar_ratio", 
    "theta13", 
    "theta23", 
    "nue_numu_ratio", 
    "hierarchy", 
    "aeff_scale", 
    "energy_scale", 
    "deltam31"
  ], 
  "matrix": [
    [
      1528.3691852257898, 
      -38.70888198719414, 
      1113.1169337475421, 
      -752.2570969701131, 
      -35.014594924985644, 
      9757.993452198441, 
      -19253.26301318121, 
      307330.7496647844
    ], 
    [
      -38.70888198719414, 
      1259.0672061709279, 
      -29.161566379476643, 
      -89.81853069930871, 
      35.530783673843885, 
      -163.98563747786866, 
      4522.415019361445, 
      1606928.9630827226
    ], 
    [
      1113.1169337475421, 
      -29.161566379476643, 
      1267.8724672554783, 
      -483.4075619798049, 
      -41.00124995813798, 
      7137.68124855987, 
      -14873.48418130653, 
      216780.66700264913
    ], 
    [
      -752.2570969701131, 
      -89.81853069930871, 
      -483.4075619798049, 
      822.6640556281784, 
      17.08251820211152, 
      -4778.638498211304, 
      9048.573607618842, 
      -393467.11481179885
    ], 
    [
      -35.014594924985644, 
      35.530783673843885, 
      -41.00124995813798, 
      17.08251820211152, 
      4.671330302276251, 
      -220.18002520932035, 
      543.49684464358, 
      21012.897020040098
    ], 
    [
      9757.993452198441, 
      -163.98563747786866, 
      7137.68124855987, 
      -4778.638498211304, 
      -220.18002520932035, 
      62336.93185525303, 
      -122760.28790304266, 
      2054517.7400699419
    ], 
    [
      -19253.26301318121, 
      4522.415019361445, 
      -14873.48418130653, 
      9048.573607618842, 
      543.49684464358, 
      -122760.28790304266, 
      259389.6190204165, 
      1753336.756454885
    ], 
    [
      307330.7496647844, 
      1606928.9630827226, 
      216780.66700264913, 
      -393467.11481179885, 
      21012.897020040098, 
      2054517.7400699419, 
      1753336.756454885, 
      2310448804.629308
    ]
  ], 
  "parameters": [
    "nu_nubar_ratio", 
    "theta13", 
    "theta23", 
    "nue_numu_ratio", 
    "hierarchy", 
    "aeff_scale", 
    "energy_scale", 
    "deltam31"
  ], 
  "priors": [
    0.1, 
    0.003490658503988659, 
    Infinity, 
    0.03, 
    Infinity, 
    Infinity, 
    0.1, 
    Infinity
  ]
}