{
  "best_fits": [
    1.0014897704447669, 
    0.14894946670021914, 
    0.7980810024315288, 
    1.0304140065593506, 
    0.0, 
    0.97896821324079519, 
    0.98904366138135924, 
    -0.0023034338884324172
  ], 
  "labels": [
    "nu_nubar_ratio", 
    "theta13", 
    "theta23", 
    "nue_numu_ratio", 
    "hierarchy", 
    "aeff_scale", 
    "energy_scale", 
    "deltam31"
  ], 
  "matrix": [
    [
      5515.248428192886, 
      1000.8542922065092, 
      2055.70276058892, 
      3744.9053295937206, 
      -1.105929015304973, 
      35322.301551699195, 
      -73320.19734251645, 
      126900.95881246301
    ], 
    [
      1000.8542922065092, 
      1842.276475725711, 
      597.6448313655064, 
      1178.792966991516, 
      58.471204759540356, 
      6791.165615840009, 
      -11150.634620803452, 
      1508736.7341291893
    ], 
    [
      2055.70276058892, 
      597.6448313655064, 
      1005.9736966872907, 
      1655.0579238826654, 
      22.264026145279093, 
      13345.18343125852, 
      -28024.46360302624, 
      46565.48293799411
    ], 
    [
      3744.9053295937206, 
      1178.792966991516, 
      1655.0579238826654, 
      6073.148411315117, 
      -18.19732644734288, 
      24372.385504272257, 
      -53344.43013618191, 
      -630814.1626586386
    ], 
    [
      -1.105929015304973, 
      58.471204759540356, 
      22.264026145279093, 
      -18.19732644734288, 
      11.29879826558328, 
      37.468933177168324, 
      -141.6448593144141, 
      7232.9336720896345
    ], 
    [
      35322.301551699195, 
      6791.165615840009, 
      13345.18343125852, 
      24372.385504272257, 
      37.468933177168324, 
      226532.35383052548, 
      -470871.54449804226, 
      811266.5154024647
    ], 
    [
      -73320.19734251645, 
      -11150.634620803452, 
      -28024.46360302624, 
      -53344.43013618191, 
      -141.6448593144141, 
      -470871.54449804226, 
      1007431.5994983877, 
      4763638.488605919
    ], 
    [
      126900.95881246301, 
      1508736.7341291893, 
      46565.48293799411, 
      -630814.1626586386, 
      7232.9336720896345, 
      811266.5154024647, 
      4763638.488605919, 
      2366326187.7853465
    ]
  ], 
  "parameters": [
    "nu_nubar_ratio", 
    "theta13", 
    "theta23", 
    "nue_numu_ratio", 
    "hierarchy", 
    "aeff_scale", 
    "energy_scale", 
    "deltam31"
  ], 
  "priors": [
    0.1, 
    0.003490658503988659, 
    Infinity, 
    0.03, 
    Infinity, 
    Infinity, 
    0.1, 
    Infinity
  ]
}