{
  "best_fits": [
    0.98244155965090985, 
    0.14865725292386342, 
    0.89220123259782691, 
    1.0416042724855352, 
    0.0, 
    0.95263704197831001, 
    0.96952065394357545, 
    -0.002237285643389127
  ], 
  "labels": [
    "nu_nubar_ratio", 
    "theta13", 
    "theta23", 
    "nue_numu_ratio", 
    "hierarchy", 
    "aeff_scale", 
    "energy_scale", 
    "deltam31"
  ], 
  "matrix": [
    [
      5891.0581563003725, 
      1402.7729129558527, 
      12672.930603125133, 
      3649.290732430053, 
      -63.57892647895797, 
      38029.17318849148, 
      -77792.8402547657, 
      151175.92072188773
    ], 
    [
      1402.7729129558527, 
      2515.9034078191453, 
      1693.9043597013713, 
      1970.7094599733348, 
      100.79076111960455, 
      9752.27211853128, 
      -17747.371570899, 
      1311216.5709486317
    ], 
    [
      12672.930603125133, 
      1693.9043597013713, 
      36923.85142176489, 
      5088.454371878726, 
      -128.41949654318591, 
      81461.47324630183, 
      -165907.42317434115, 
      594635.641172668
    ], 
    [
      3649.290732430053, 
      1970.7094599733348, 
      5088.454371878726, 
      5819.306570656844, 
      18.439685143735076, 
      24195.961759274207, 
      -52322.06196059008, 
      -645010.8550253803
    ], 
    [
      -63.57892647895797, 
      100.79076111960455, 
      -128.41949654318591, 
      18.439685143735076, 
      29.167719104337294, 
      -314.47343431520414, 
      578.0201119712624, 
      -32636.091025126814
    ], 
    [
      38029.17318849148, 
      9752.27211853128, 
      81461.47324630183, 
      24195.961759274207, 
      -314.47343431520414, 
      245997.84074680944, 
      -503983.3300344452, 
      943352.2965990198
    ], 
    [
      -77792.8402547657, 
      -17747.371570899, 
      -165907.42317434115, 
      -52322.06196059008, 
      578.0201119712624, 
      -503983.3300344452, 
      1060270.5298285503, 
      4115038.7621703628
    ], 
    [
      151175.92072188773, 
      1311216.5709486317, 
      594635.641172668, 
      -645010.8550253803, 
      -32636.091025126814, 
      943352.2965990198, 
      4115038.7621703628, 
      2238453462.721516
    ]
  ], 
  "parameters": [
    "nu_nubar_ratio", 
    "theta13", 
    "theta23", 
    "nue_numu_ratio", 
    "hierarchy", 
    "aeff_scale", 
    "energy_scale", 
    "deltam31"
  ], 
  "priors": [
    0.1, 
    0.003490658503988659, 
    Infinity, 
    0.03, 
    Infinity, 
    Infinity, 
    0.1, 
    Infinity
  ]
}