{
  "best_fits": [
    0.99565412686990418, 
    0.14923354121088472, 
    0.81315232642031299, 
    1.0417821926557842, 
    0.0, 
    0.97253311370222328, 
    0.984767190414503, 
    -0.0022941651187786071
  ], 
  "labels": [
    "nu_nubar_ratio", 
    "theta13", 
    "theta23", 
    "nue_numu_ratio", 
    "hierarchy", 
    "aeff_scale", 
    "energy_scale", 
    "deltam31"
  ], 
  "matrix": [
    [
      4159.778828496731, 
      1087.650393110134, 
      2669.7440869951324, 
      4459.50134869314, 
      4.829552813690241, 
      26842.74486127223, 
      -55910.65993977696, 
      -164064.43688577463
    ], 
    [
      1087.650393110134, 
      683.4444002580573, 
      791.3345669437606, 
      1358.7839844073756, 
      59.55330214682446, 
      7299.265525625202, 
      -16239.87623161679, 
      -46675.805447344625
    ], 
    [
      2669.7440869951324, 
      791.3345669437606, 
      1892.0360542676485, 
      2719.8463903421552, 
      36.59536994328233, 
      17346.287531333124, 
      -35594.993354021, 
      -86922.54982720764
    ], 
    [
      4459.50134869314, 
      1358.7839844073756, 
      2719.8463903421552, 
      5171.459429329086, 
      6.274923439228405, 
      28856.65389394896, 
      -61901.987539602094, 
      -251000.47854089126
    ], 
    [
      4.829552813690241, 
      59.55330214682446, 
      36.59536994328233, 
      6.274923439228405, 
      15.430167282195606, 
      90.14303895255767, 
      -294.15359423981585, 
      -8527.922695140021
    ], 
    [
      26842.74486127223, 
      7299.265525625202, 
      17346.287531333124, 
      28856.65389394896, 
      90.14303895255767, 
      173478.0430965147, 
      -362131.07455452904, 
      -1097826.874383792
    ], 
    [
      -55910.65993977696, 
      -16239.87623161679, 
      -35594.993354021, 
      -61901.987539602094, 
      -294.15359423981585, 
      -362131.07455452904, 
      767751.0669766797, 
      3194541.248831326
    ], 
    [
      -164064.43688577463, 
      -46675.805447344625, 
      -86922.54982720764, 
      -251000.47854089126, 
      -8527.922695140021, 
      -1097826.874383792, 
      3194541.248831326, 
      198403553.85804072
    ]
  ], 
  "parameters": [
    "nu_nubar_ratio", 
    "theta13", 
    "theta23", 
    "nue_numu_ratio", 
    "hierarchy", 
    "aeff_scale", 
    "energy_scale", 
    "deltam31"
  ], 
  "priors": [
    0.1, 
    0.003490658503988659, 
    Infinity, 
    0.03, 
    Infinity, 
    Infinity, 
    0.1, 
    Infinity
  ]
}