{
  "best_fits": [
    0.99279551160650703, 
    0.14891100063264934, 
    0.81370220108428359, 
    1.0368449394000727, 
    0.0, 
    0.95826530607986093, 
    0.9778534160839979, 
    -0.0022648858677912398
  ], 
  "labels": [
    "nu_nubar_ratio", 
    "theta13", 
    "theta23", 
    "nue_numu_ratio", 
    "hierarchy", 
    "aeff_scale", 
    "energy_scale", 
    "deltam31"
  ], 
  "matrix": [
    [
      1454.8115595019117, 
      -32.36392727973605, 
      1091.226106449029, 
      -727.9153554853185, 
      -10.688183774063603, 
      9217.665153940634, 
      -18517.174160927134, 
      301576.89982040785
    ], 
    [
      -32.36392727973605, 
      1231.6777095870455, 
      -27.099294617609544, 
      -92.21534256127084, 
      4.1401552338133225, 
      -128.00816939976318, 
      4325.707511539267, 
      1567147.001236611
    ], 
    [
      1091.226106449029, 
      -27.099294617609544, 
      1276.135468045217, 
      -480.8503865068662, 
      -23.143873692411304, 
      6944.990541131298, 
      -14764.62239210505, 
      220382.39353074087
    ], 
    [
      -727.9153554853185, 
      -92.21534256127084, 
      -480.8503865068662, 
      811.1573952605129, 
      0.7366224419494434, 
      -4588.491959990368, 
      8837.476207524354, 
      -387404.24031282525
    ], 
    [
      -10.688183774063603, 
      4.1401552338133225, 
      -23.143873692411304, 
      0.7366224419494434, 
      2.773710412895406, 
      -66.76313087391787, 
      133.0263253368357, 
      -11979.763445927496
    ], 
    [
      9217.665153940634, 
      -128.00816939976318, 
      6944.990541131298, 
      -4588.491959990368, 
      -66.76313087391787, 
      58436.2356311587, 
      -117178.41652140177, 
      1996884.6993603043
    ], 
    [
      -18517.174160927134, 
      4325.707511539267, 
      -14764.62239210505, 
      8837.476207524354, 
      133.0263253368357, 
      -117178.41652140177, 
      252054.68040012664, 
      1573728.1630928726
    ], 
    [
      301576.89982040785, 
      1567147.001236611, 
      220382.39353074087, 
      -387404.24031282525, 
      -11979.763445927496, 
      1996884.6993603043, 
      1573728.1630928726, 
      2235638294.7374163
    ]
  ], 
  "parameters": [
    "nu_nubar_ratio", 
    "theta13", 
    "theta23", 
    "nue_numu_ratio", 
    "hierarchy", 
    "aeff_scale", 
    "energy_scale", 
    "deltam31"
  ], 
  "priors": [
    0.1, 
    0.003490658503988659, 
    Infinity, 
    0.03, 
    Infinity, 
    Infinity, 
    0.1, 
    Infinity
  ]
}