{
  "best_fits": [
    0.99565412686990418, 
    0.14923354121088472, 
    0.81315232642031299, 
    1.0417821926557842, 
    0.0, 
    0.97253311370222328, 
    0.984767190414503, 
    -0.0022941651187786071
  ], 
  "labels": [
    "nu_nubar_ratio", 
    "theta13", 
    "theta23", 
    "nue_numu_ratio", 
    "hierarchy", 
    "aeff_scale", 
    "energy_scale", 
    "deltam31"
  ], 
  "matrix": [
    [
      1445.5607012167816, 
      -32.62177833643293, 
      1061.5666092236936, 
      -721.8216552524138, 
      -15.017261955680553, 
      9057.709934158976, 
      -18369.541008942935, 
      294540.8047510021
    ], 
    [
      -32.62177833643293, 
      1235.9104944320122, 
      -24.291425493396865, 
      -91.73137041907273, 
      30.529856949488945, 
      -127.2743888514674, 
      4298.716723569148, 
      1546946.2306140803
    ], 
    [
      1061.5666092236936, 
      -24.291425493396865, 
      1218.3506284618488, 
      -467.2077198707002, 
      -19.109095256155705, 
      6681.371786865417, 
      -14342.915268783729, 
      214826.3301990945
    ], 
    [
      -721.8216552524138, 
      -91.73137041907273, 
      -467.2077198707002, 
      804.6488168475099, 
      -2.8276928454127623, 
      -4499.651503505379, 
      8747.971593751148, 
      -379228.85828491306
    ], 
    [
      -15.017261955680553, 
      30.529856949488945, 
      -19.109095256155705, 
      -2.8276928454127623, 
      3.207502141213549, 
      -91.98322115148073, 
      263.5647891551813, 
      21976.429903517306
    ], 
    [
      9057.709934158976, 
      -127.2743888514674, 
      6681.371786865417, 
      -4499.651503505379, 
      -91.98322115148073, 
      56786.93889492844, 
      -114957.52780687137, 
      1930038.6695286457
    ], 
    [
      -18369.541008942935, 
      4298.716723569148, 
      -14342.915268783729, 
      8747.971593751148, 
      263.5647891551813, 
      -114957.52780687137, 
      249574.16791664044, 
      1538273.8454856847
    ], 
    [
      294540.8047510021, 
      1546946.2306140803, 
      214826.3301990945, 
      -379228.85828491306, 
      21976.429903517306, 
      1930038.6695286457, 
      1538273.8454856847, 
      2167394952.955404
    ]
  ], 
  "parameters": [
    "nu_nubar_ratio", 
    "theta13", 
    "theta23", 
    "nue_numu_ratio", 
    "hierarchy", 
    "aeff_scale", 
    "energy_scale", 
    "deltam31"
  ], 
  "priors": [
    0.1, 
    0.003490658503988659, 
    Infinity, 
    0.03, 
    Infinity, 
    Infinity, 
    0.1, 
    Infinity
  ]
}