{
  "best_fits": [
    0.98159424487226821, 
    0.14793394867441387, 
    0.87645505762493403, 
    0.98080983274354561, 
    0.0, 
    0.9743840003563079, 
    0.9845814426644941, 
    -0.0023025190249595273
  ], 
  "labels": [
    "nu_nubar_ratio", 
    "theta13", 
    "theta23", 
    "nue_numu_ratio", 
    "hierarchy", 
    "aeff_scale", 
    "energy_scale", 
    "deltam31"
  ], 
  "matrix": [
    [
      5788.91818683499, 
      1529.4534087865484, 
      10997.321305128393, 
      3800.3772172590743, 
      -9.113827380830546, 
      36520.09378046852, 
      -75590.3843814448, 
      148538.751422853
    ], 
    [
      1529.4534087865484, 
      2728.659576768715, 
      1821.394608155976, 
      2225.2039520148833, 
      -1.4940738074858095, 
      10387.42145849361, 
      -19217.288216953253, 
      1310358.0011966028
    ], 
    [
      10997.321305128393, 
      1821.394608155976, 
      27898.353628097764, 
      4936.565856936134, 
      -10.289307478041408, 
      69125.45708376617, 
      -142704.3486764489, 
      506769.2024342442
    ], 
    [
      3800.3772172590743, 
      2225.2039520148833, 
      4936.565856936134, 
      6278.035279080143, 
      -7.535478076948511, 
      24638.521910004205, 
      -53811.905004767315, 
      -643065.4370041277
    ], 
    [
      -9.113827380830546, 
      -1.4940738074858095, 
      -10.289307478041408, 
      -7.535478076948511, 
      4.963534138714629, 
      -53.19385084334409, 
      95.58234143775907, 
      3537.5672611437253
    ], 
    [
      36520.09378046852, 
      10387.42145849361, 
      69125.45708376617, 
      24638.521910004205, 
      -53.19385084334409, 
      230908.32942172754, 
      -478727.9748917657, 
      905535.7293535122
    ], 
    [
      -75590.3843814448, 
      -19217.288216953253, 
      -142704.3486764489, 
      -53811.905004767315, 
      95.58234143775907, 
      -478727.9748917657, 
      1019956.6731866817, 
      4103676.9853881663
    ], 
    [
      148538.751422853, 
      1310358.0011966028, 
      506769.2024342442, 
      -643065.4370041277, 
      3537.5672611437253, 
      905535.7293535122, 
      4103676.9853881663, 
      2176980370.047509
    ]
  ], 
  "parameters": [
    "nu_nubar_ratio", 
    "theta13", 
    "theta23", 
    "nue_numu_ratio", 
    "hierarchy", 
    "aeff_scale", 
    "energy_scale", 
    "deltam31"
  ], 
  "priors": [
    0.1, 
    0.003490658503988659, 
    Infinity, 
    0.03, 
    Infinity, 
    Infinity, 
    0.1, 
    Infinity
  ]
}