{
  "best_fits": [
    1.0004767644600561, 
    0.14848737074929624, 
    0.82037058958364906, 
    1.0015398920738858, 
    0.0, 
    0.99867659712698298, 
    0.99826307093099376, 
    -0.0023313625118348801
  ], 
  "labels": [
    "nu_nubar_ratio", 
    "theta13", 
    "theta23", 
    "nue_numu_ratio", 
    "hierarchy", 
    "aeff_scale", 
    "energy_scale", 
    "deltam31"
  ], 
  "matrix": [
    [
      1440.38468332276, 
      -68.96201900670138, 
      1394.4834116577097, 
      -730.5195719521819, 
      -16.196922525758733, 
      8829.383665376887, 
      -18175.529183940365, 
      291176.6977400599
    ], 
    [
      -68.96201900670138, 
      1253.3718336583847, 
      -95.75864743606877, 
      -67.45863396804168, 
      19.31943416877948, 
      -343.0734298810753, 
      4708.41633667957, 
      1518891.3431241582
    ], 
    [
      1394.4834116577097, 
      -95.75864743606877, 
      2047.2870051947732, 
      -625.2719691162318, 
      -16.679585666357024, 
      8583.604713132532, 
      -18726.75228574652, 
      259148.23425818782
    ], 
    [
      -730.5195719521819, 
      -67.45863396804168, 
      -625.2719691162318, 
      831.5237779751621, 
      11.100195956662219, 
      -4455.854183395061, 
      8790.746787554313, 
      -380317.2138297206
    ], 
    [
      -16.196922525758733, 
      19.31943416877948, 
      -16.679585666357024, 
      11.100195956662219, 
      1.8146550160403008, 
      -96.00079086436924, 
      230.74086271250434, 
      9876.434616394476
    ], 
    [
      8829.383665376887, 
      -343.0734298810753, 
      8583.604713132532, 
      -4455.854183395061, 
      -96.00079086436924, 
      54153.69005863715, 
      -111259.84638249851, 
      1870675.033114398
    ], 
    [
      -18175.529183940365, 
      4708.41633667957, 
      -18726.75228574652, 
      8790.746787554313, 
      230.74086271250434, 
      -111259.84638249851, 
      244954.50308530455, 
      1426950.9147088693
    ], 
    [
      291176.6977400599, 
      1518891.3431241582, 
      259148.23425818782, 
      -380317.2138297206, 
      9876.434616394476, 
      1870675.033114398, 
      1426950.9147088693, 
      2098605490.252619
    ]
  ], 
  "parameters": [
    "nu_nubar_ratio", 
    "theta13", 
    "theta23", 
    "nue_numu_ratio", 
    "hierarchy", 
    "aeff_scale", 
    "energy_scale", 
    "deltam31"
  ], 
  "priors": [
    0.1, 
    0.003490658503988659, 
    Infinity, 
    0.03, 
    Infinity, 
    Infinity, 
    0.1, 
    Infinity
  ]
}