{
  "best_fits": [
    0.98159424487226821, 
    0.14793394867441387, 
    0.87645505762493403, 
    0.98080983274354561, 
    0.0, 
    0.9743840003563079, 
    0.9845814426644941, 
    -0.0023025190249595273
  ], 
  "labels": [
    "nu_nubar_ratio", 
    "theta13", 
    "theta23", 
    "nue_numu_ratio", 
    "hierarchy", 
    "aeff_scale", 
    "energy_scale", 
    "deltam31"
  ], 
  "matrix": [
    [
      4230.8017737557575, 
      1772.8942015378727, 
      6868.635959494908, 
      4586.586548469922, 
      -18.93941248693163, 
      27025.643475481593, 
      -56267.13821287781, 
      -157184.2177037438
    ], 
    [
      1772.8942015378727, 
      1410.2206042099367, 
      2758.9192748662836, 
      2194.8279247018745, 
      -4.169100453637775, 
      11767.346825221179, 
      -25917.409421230313, 
      -115822.15607275449
    ], 
    [
      6868.635959494908, 
      2758.9192748662836, 
      12455.839564438673, 
      6809.065882506944, 
      -43.9136338620021, 
      43901.3987689524, 
      -88444.24631972739, 
      -114888.51034177953
    ], 
    [
      4586.586548469922, 
      2194.8279247018745, 
      6809.065882506944, 
      5416.250350516136, 
      -16.4915863375092, 
      29409.119329630223, 
      -63161.923896124164, 
      -257775.73337123133
    ], 
    [
      -18.93941248693163, 
      -4.169100453637775, 
      -43.9136338620021, 
      -16.4915863375092, 
      1.9675838689765632, 
      -115.62617511919494, 
      217.10342612299553, 
      944.4770271707312
    ], 
    [
      27025.643475481593, 
      11767.346825221179, 
      43901.3987689524, 
      29409.119329630223, 
      -115.62617511919494, 
      173018.70754730538, 
      -361190.1187614539, 
      -1059419.6750360867
    ], 
    [
      -56267.13821287781, 
      -25917.409421230313, 
      -88444.24631972739, 
      -63161.923896124164, 
      217.10342612299553, 
      -361190.1187614539, 
      765944.4113737221, 
      3150089.7809197376
    ], 
    [
      -157184.2177037438, 
      -115822.15607275449, 
      -114888.51034177953, 
      -257775.73337123133, 
      944.4770271707312, 
      -1059419.6750360867, 
      3150089.7809197376, 
      199212951.71413276
    ]
  ], 
  "parameters": [
    "nu_nubar_ratio", 
    "theta13", 
    "theta23", 
    "nue_numu_ratio", 
    "hierarchy", 
    "aeff_scale", 
    "energy_scale", 
    "deltam31"
  ], 
  "priors": [
    0.1, 
    0.003490658503988659, 
    Infinity, 
    0.03, 
    Infinity, 
    Infinity, 
    0.1, 
    Infinity
  ]
}