{
  "best_fits": [
    0.99651675716016996, 
    0.14906423486563306, 
    0.68970133343025564, 
    1.0012668537740075, 
    0.0, 
    0.98840133712746314, 
    0.99096472559871496, 
    -0.0023121818552517322
  ], 
  "labels": [
    "nu_nubar_ratio", 
    "theta13", 
    "theta23", 
    "nue_numu_ratio", 
    "hierarchy", 
    "aeff_scale", 
    "energy_scale", 
    "deltam31"
  ], 
  "matrix": [
    [
      4309.799619838793, 
      174.70566289813738, 
      -5422.62040259855, 
      4551.205813596196, 
      -13.917557711451309, 
      26944.26773376734, 
      -56717.316778510096, 
      -172324.91393538401
    ], 
    [
      174.70566289813738, 
      211.1645493392292, 
      155.49878521297066, 
      330.082136009434, 
      20.446994614016543, 
      1230.8391277768203, 
      -3262.0616566787116, 
      31229.681026528586
    ], 
    [
      -5422.62040259855, 
      155.49878521297066, 
      8740.291558975878, 
      -4901.081356067694, 
      47.020215465647205, 
      -33622.74169172139, 
      66650.44568082053, 
      44342.73550346131
    ], 
    [
      4551.205813596196, 
      330.082136009434, 
      -4901.081356067694, 
      5260.191085880819, 
      -12.68858984440914, 
      28523.613909470394, 
      -61901.81713224161, 
      -246516.0071492841
    ], 
    [
      -13.917557711451309, 
      20.446994614016543, 
      47.020215465647205, 
      -12.68858984440914, 
      4.3792569797340635, 
      -66.99055476526227, 
      84.93409495562447, 
      -1487.8627631243558
    ], 
    [
      26944.26773376734, 
      1230.8391277768203, 
      -33622.74169172139, 
      28523.613909470394, 
      -66.99055476526227, 
      168588.85425002378, 
      -355489.6756753394, 
      -1099565.749624852
    ], 
    [
      -56717.316778510096, 
      -3262.0616566787116, 
      66650.44568082053, 
      -61901.81713224161, 
      84.93409495562447, 
      -355489.6756753394, 
      760667.5084087938, 
      3098799.659181233
    ], 
    [
      -172324.91393538401, 
      31229.681026528586, 
      44342.73550346131, 
      -246516.0071492841, 
      -1487.8627631243558, 
      -1099565.749624852, 
      3098799.659181233, 
      177469700.36473763
    ]
  ], 
  "parameters": [
    "nu_nubar_ratio", 
    "theta13", 
    "theta23", 
    "nue_numu_ratio", 
    "hierarchy", 
    "aeff_scale", 
    "energy_scale", 
    "deltam31"
  ], 
  "priors": [
    0.1, 
    0.003490658503988659, 
    Infinity, 
    0.03, 
    Infinity, 
    Infinity, 
    0.1, 
    Infinity
  ]
}