{
  "best_fits": [
    1.0014897704447669, 
    0.14894946670021914, 
    0.7980810024315288, 
    1.0304140065593506, 
    0.0, 
    0.97896821324079519, 
    0.98904366138135924, 
    -0.0023034338884324172
  ], 
  "labels": [
    "nu_nubar_ratio", 
    "theta13", 
    "theta23", 
    "nue_numu_ratio", 
    "hierarchy", 
    "aeff_scale", 
    "energy_scale", 
    "deltam31"
  ], 
  "matrix": [
    [
      1419.5961918677485, 
      -6.606073707218405, 
      364.5577258421105, 
      -719.0711800315399, 
      8.976097056180382, 
      8912.428011274733, 
      -18130.138358133558, 
      290463.1955536939
    ], 
    [
      -6.606073707218405, 
      1219.7777406718294, 
      43.9976826549092, 
      -105.52433139186608, 
      17.70154493969824, 
      30.743821448415588, 
      3955.864478257368, 
      1546658.7348529631
    ], 
    [
      364.5577258421105, 
      43.9976826549092, 
      198.14530051463439, 
      -155.82695216674693, 
      0.9434831094541681, 
      2300.56849546951, 
      -4901.126216649203, 
      122507.34799467199
    ], 
    [
      -719.0711800315399, 
      -105.52433139186608, 
      -155.82695216674693, 
      812.6826297969035, 
      -10.705455270774426, 
      -4491.728212392464, 
      8759.023258246461, 
      -378932.9561436822
    ], 
    [
      8.976097056180382, 
      17.70154493969824, 
      0.9434831094541681, 
      -10.705455270774426, 
      1.8836221318892943, 
      58.6913452802416, 
      -88.54862043180522, 
      13454.170380652171
    ], 
    [
      8912.428011274733, 
      30.743821448415588, 
      2300.56849546951, 
      -4491.728212392464, 
      58.6913452802416, 
      55985.52097745628, 
      -113696.95061895257, 
      1903123.7874341034
    ], 
    [
      -18130.138358133558, 
      3955.864478257368, 
      -4901.126216649203, 
      8759.023258246461, 
      -88.54862043180522, 
      -113696.95061895257, 
      247791.0533609308, 
      1587190.1630057658
    ], 
    [
      290463.1955536939, 
      1546658.7348529631, 
      122507.34799467199, 
      -378932.9561436822, 
      13454.170380652171, 
      1903123.7874341034, 
      1587190.1630057658, 
      2168926884.1726108
    ]
  ], 
  "parameters": [
    "nu_nubar_ratio", 
    "theta13", 
    "theta23", 
    "nue_numu_ratio", 
    "hierarchy", 
    "aeff_scale", 
    "energy_scale", 
    "deltam31"
  ], 
  "priors": [
    0.1, 
    0.003490658503988659, 
    Infinity, 
    0.03, 
    Infinity, 
    Infinity, 
    0.1, 
    Infinity
  ]
}