{
  "best_fits": [
    0.99279551160650703, 
    0.14891100063264934, 
    0.81370220108428359, 
    1.0368449394000727, 
    0.0, 
    0.95826530607986093, 
    0.9778534160839979, 
    -0.0022648858677912398
  ], 
  "labels": [
    "nu_nubar_ratio", 
    "theta13", 
    "theta23", 
    "nue_numu_ratio", 
    "hierarchy", 
    "aeff_scale", 
    "energy_scale", 
    "deltam31"
  ], 
  "matrix": [
    [
      5631.755884521968, 
      1075.9894671524335, 
      3798.4939289855383, 
      3752.9792940557554, 
      -24.479576909310847, 
      36475.97619557516, 
      -74758.58327510535, 
      135493.1400680592
    ], 
    [
      1075.9894671524335, 
      1925.5030355271524, 
      783.5710894771123, 
      1288.4365768322602, 
      41.96979872962823, 
      7389.270274708317, 
      -12221.799098915426, 
      1520115.0406373346
    ], 
    [
      3798.4939289855383, 
      783.5710894771123, 
      3213.857826473673, 
      2275.1717116830205, 
      -5.220506512347818, 
      24731.633746602383, 
      -50899.93464509481, 
      131957.65644322793
    ], 
    [
      3752.9792940557554, 
      1288.4365768322602, 
      2275.1717116830205, 
      6012.77445974976, 
      -19.015892117921833, 
      24732.743892994775, 
      -53477.90755204218, 
      -642384.6760307312
    ], 
    [
      -24.479576909310847, 
      41.96979872962823, 
      -5.220506512347818, 
      -19.015892117921833, 
      12.726305270281351, 
      -112.08630461881049, 
      166.98940509131782, 
      -18911.538412760012
    ], 
    [
      36475.97619557516, 
      7389.270274708317, 
      24731.633746602383, 
      24732.743892994775, 
      -112.08630461881049, 
      236590.74976012885, 
      -485563.4192246315, 
      873149.5083152917
    ], 
    [
      -74758.58327510535, 
      -12221.799098915426, 
      -50899.93464509481, 
      -53477.90755204218, 
      166.98940509131782, 
      -485563.4192246315, 
      1025763.447451949, 
      4822303.298505817
    ], 
    [
      135493.1400680592, 
      1520115.0406373346, 
      131957.65644322793, 
      -642384.6760307312, 
      -18911.538412760012, 
      873149.5083152917, 
      4822303.298505817, 
      2441345924.055778
    ]
  ], 
  "parameters": [
    "nu_nubar_ratio", 
    "theta13", 
    "theta23", 
    "nue_numu_ratio", 
    "hierarchy", 
    "aeff_scale", 
    "energy_scale", 
    "deltam31"
  ], 
  "priors": [
    0.1, 
    0.003490658503988659, 
    Infinity, 
    0.03, 
    Infinity, 
    Infinity, 
    0.1, 
    Infinity
  ]
}