{
  "best_fits": [
    0.99709850299487801, 
    0.14933050737757836, 
    0.81816830861806966, 
    1.0399196517254041, 
    0.0, 
    0.97854183158025498, 
    0.98678966927146117, 
    -0.0022964273155627914
  ], 
  "labels": [
    "nu_nubar_ratio", 
    "theta13", 
    "theta23", 
    "nue_numu_ratio", 
    "hierarchy", 
    "aeff_scale", 
    "energy_scale", 
    "deltam31"
  ], 
  "matrix": [
    [
      5596.4575861844905, 
      1088.172466881482, 
      4286.632853875302, 
      3737.807104256535, 
      -13.110813298636003, 
      35703.38936027274, 
      -74197.17200669636, 
      132400.43044355692
    ], 
    [
      1088.172466881482, 
      1964.071170987901, 
      838.8499973551642, 
      1327.7127896168324, 
      95.94858247415272, 
      7371.860163126825, 
      -12449.545392987216, 
      1494163.6546930794
    ], 
    [
      4286.632853875302, 
      838.8499973551642, 
      4145.652787900648, 
      2465.5139077736058, 
      21.979205501721417, 
      27457.45720580488, 
      -57249.95103688434, 
      156794.13999461438
    ], 
    [
      3737.807104256535, 
      1327.7127896168324, 
      2465.5139077736058, 
      5996.61236281579, 
      15.068557409567072, 
      24278.290700165788, 
      -53219.27336531512, 
      -631812.4917946222
    ], 
    [
      -13.110813298636003, 
      95.94858247415272, 
      21.979205501721417, 
      15.068557409567072, 
      21.298656742396766, 
      -12.597218601583421, 
      -49.11249153427286, 
      6162.297794038694
    ], 
    [
      35703.38936027274, 
      7371.860163126825, 
      27457.45720580488, 
      24278.290700165788, 
      -12.597218601583421, 
      228116.08948476508, 
      -474721.9295731164, 
      839668.2630237755
    ], 
    [
      -74197.17200669636, 
      -12449.545392987216, 
      -57249.95103688434, 
      -53219.27336531512, 
      -49.11249153427286, 
      -474721.9295731164, 
      1016653.5010526502, 
      4684183.232302514
    ], 
    [
      132400.43044355692, 
      1494163.6546930794, 
      156794.13999461438, 
      -631812.4917946222, 
      6162.297794038694, 
      839668.2630237755, 
      4684183.232302514, 
      2358951092.60597
    ]
  ], 
  "parameters": [
    "nu_nubar_ratio", 
    "theta13", 
    "theta23", 
    "nue_numu_ratio", 
    "hierarchy", 
    "aeff_scale", 
    "energy_scale", 
    "deltam31"
  ], 
  "priors": [
    0.1, 
    0.003490658503988659, 
    Infinity, 
    0.03, 
    Infinity, 
    Infinity, 
    0.1, 
    Infinity
  ]
}