{
  "best_fits": [
    0.9997072072000357, 
    0.14961883545256441, 
    0.84182591295377107, 
    1.0330192448438824, 
    0.0, 
    0.98734398052533667, 
    0.98883873089906926, 
    -0.002303356153928572
  ], 
  "labels": [
    "nu_nubar_ratio", 
    "theta13", 
    "theta23", 
    "nue_numu_ratio", 
    "hierarchy", 
    "aeff_scale", 
    "energy_scale", 
    "deltam31"
  ], 
  "matrix": [
    [
      4127.389775296125, 
      1322.1745575375967, 
      4511.221715797984, 
      4455.351780515597, 
      15.384416613730375, 
      26473.51495761883, 
      -55747.48862207576, 
      -160217.72230909858
    ], 
    [
      1322.1745575375967, 
      901.0724207603474, 
      1450.0932072400385, 
      1645.2560059230607, 
      82.17392679228858, 
      8809.331447509689, 
      -19715.78027125388, 
      -71241.44353595484
    ], 
    [
      4511.221715797984, 
      1450.0932072400385, 
      5453.0241444553685, 
      4514.023808915748, 
      58.005491111214404, 
      29013.10126776803, 
      -59460.09439323275, 
      -104093.19926874683
    ], 
    [
      4455.351780515597, 
      1645.2560059230607, 
      4514.023808915748, 
      5212.918420617888, 
      18.18845326760472, 
      28666.308884411348, 
      -62203.13657221518, 
      -252280.74289553962
    ], 
    [
      15.384416613730375, 
      82.17392679228858, 
      58.005491111214404, 
      18.18845326760472, 
      21.67277132697132, 
      174.1969690462939, 
      -489.2168670091957, 
      -11270.777266775074
    ], 
    [
      26473.51495761883, 
      8809.331447509689, 
      29013.10126776803, 
      28666.308884411348, 
      174.1969690462939, 
      170104.56879409202, 
      -359053.9406992345, 
      -1072489.6635493375
    ], 
    [
      -55747.48862207576, 
      -19715.78027125388, 
      -59460.09439323275, 
      -62203.13657221518, 
      -489.2168670091957, 
      -359053.9406992345, 
      769765.2952707696, 
      3179069.7348212167
    ], 
    [
      -160217.72230909858, 
      -71241.44353595484, 
      -104093.19926874683, 
      -252280.74289553962, 
      -11270.777266775074, 
      -1072489.6635493375, 
      3179069.7348212167, 
      198355980.32148382
    ]
  ], 
  "parameters": [
    "nu_nubar_ratio", 
    "theta13", 
    "theta23", 
    "nue_numu_ratio", 
    "hierarchy", 
    "aeff_scale", 
    "energy_scale", 
    "deltam31"
  ], 
  "priors": [
    0.1, 
    0.003490658503988659, 
    Infinity, 
    0.03, 
    Infinity, 
    Infinity, 
    0.1, 
    Infinity
  ]
}