{
  "best_fits": [
    0.99599652299824271, 
    0.14946995547299893, 
    0.84472640931063192, 
    1.0302205138015408, 
    0.0, 
    0.93986493538701532, 
    0.96547793359859624, 
    -0.0022447585093675307
  ], 
  "labels": [
    "nu_nubar_ratio", 
    "theta13", 
    "theta23", 
    "nue_numu_ratio", 
    "hierarchy", 
    "aeff_scale", 
    "energy_scale", 
    "deltam31"
  ], 
  "matrix": [
    [
      1470.7980923662276, 
      -106.54227364596878, 
      2535.6569936571304, 
      -742.3246615035075, 
      -53.82231176274037, 
      9506.537866244438, 
      -18907.056066271183, 
      304141.2984194272
    ], 
    [
      -106.54227364596878, 
      1266.653891094638, 
      -302.3540901403332, 
      -50.60950748683161, 
      32.23872220370976, 
      -597.9062264691097, 
      5284.5565536246295, 
      1552398.3238731262
    ], 
    [
      2535.6569936571304, 
      -302.3540901403332, 
      6358.930734324996, 
      -1143.3674343815037, 
      -111.40940695151374, 
      16449.034487793106, 
      -34625.336482337625, 
      414739.47728824796
    ], 
    [
      -742.3246615035075, 
      -50.60950748683161, 
      -1143.3674343815037, 
      825.8064227069023, 
      28.021326468165217, 
      -4774.056074171973, 
      9120.965773242617, 
      -393217.5964220481
    ], 
    [
      -53.82231176274037, 
      32.23872220370976, 
      -111.40940695151374, 
      28.021326468165217, 
      5.852387527224825, 
      -344.0748571798344, 
      747.0369666175989, 
      4599.9714473827
    ], 
    [
      9506.537866244438, 
      -597.9062264691097, 
      16449.034487793106, 
      -4774.056074171973, 
      -344.0748571798344, 
      61480.912563257814, 
      -122017.18027548552, 
      2064964.8578575167
    ], 
    [
      -18907.056066271183, 
      5284.5565536246295, 
      -34625.336482337625, 
      9120.965773242617, 
      747.0369666175989, 
      -122017.18027548552, 
      259037.80845323094, 
      1443458.1272069411
    ], 
    [
      304141.2984194272, 
      1552398.3238731262, 
      414739.47728824796, 
      -393217.5964220481, 
      4599.9714473827, 
      2064964.8578575167, 
      1443458.1272069411, 
      2222937893.337188
    ]
  ], 
  "parameters": [
    "nu_nubar_ratio", 
    "theta13", 
    "theta23", 
    "nue_numu_ratio", 
    "hierarchy", 
    "aeff_scale", 
    "energy_scale", 
    "deltam31"
  ], 
  "priors": [
    0.1, 
    0.003490658503988659, 
    Infinity, 
    0.03, 
    Infinity, 
    Infinity, 
    0.1, 
    Infinity
  ]
}