{
  "best_fits": [
    1.0000747908834104, 
    0.14829637986262975, 
    0.83752376111580473, 
    1.0006917781627209, 
    0.0, 
    0.99838660095373999, 
    0.99852712346675443, 
    -0.0023309667425944476
  ], 
  "labels": [
    "nu_nubar_ratio", 
    "theta13", 
    "theta23", 
    "nue_numu_ratio", 
    "hierarchy", 
    "aeff_scale", 
    "energy_scale", 
    "deltam31"
  ], 
  "matrix": [
    [
      4062.6855860565893, 
      1412.4582733401126, 
      4224.457715582937, 
      4505.401566532757, 
      -16.992117148474744, 
      25800.271316589646, 
      -54464.285471759074, 
      -158914.7528105249
    ], 
    [
      1412.4582733401126, 
      1004.2031546229695, 
      1495.4830963040033, 
      1793.3046114804308, 
      31.69724663841787, 
      9315.961016997506, 
      -20836.035957173823, 
      -77725.56346194964
    ], 
    [
      4224.457715582937, 
      1495.4830963040033, 
      4848.322603099327, 
      4358.5847306279575, 
      -22.249389633426098, 
      26912.182573646238, 
      -55369.844271463706, 
      -102164.81478146763
    ], 
    [
      4505.401566532757, 
      1793.3046114804308, 
      4358.5847306279575, 
      5410.877076575198, 
      -0.7483826171519388, 
      28705.82962006373, 
      -62413.327468728465, 
      -254961.93076304218
    ], 
    [
      -16.992117148474744, 
      31.69724663841787, 
      -22.249389633426098, 
      -0.7483826171519388, 
      5.559586855793953, 
      -73.97746292596291, 
      17.733726597629175, 
      -6165.617815495078
    ], 
    [
      25800.271316589646, 
      9315.961016997506, 
      26912.182573646238, 
      28705.82962006373, 
      -73.97746292596291, 
      164152.91126990816, 
      -347378.7754457088, 
      -1054447.1207690274
    ], 
    [
      -54464.285471759074, 
      -20836.035957173823, 
      -55369.844271463706, 
      -62413.327468728465, 
      17.733726597629175, 
      -347378.7754457088, 
      746554.0301695382, 
      3128099.7556837387
    ], 
    [
      -158914.7528105249, 
      -77725.56346194964, 
      -102164.81478146763, 
      -254961.93076304218, 
      -6165.617815495078, 
      -1054447.1207690274, 
      3128099.7556837387, 
      196021799.1608619
    ]
  ], 
  "parameters": [
    "nu_nubar_ratio", 
    "theta13", 
    "theta23", 
    "nue_numu_ratio", 
    "hierarchy", 
    "aeff_scale", 
    "energy_scale", 
    "deltam31"
  ], 
  "priors": [
    0.1, 
    0.003490658503988659, 
    Infinity, 
    0.03, 
    Infinity, 
    Infinity, 
    0.1, 
    Infinity
  ]
}