{
  "best_fits": [
    1.0006246404790358, 
    0.14950140454438329, 
    0.8586161943446009, 
    1.0306079678235216, 
    0.0, 
    0.98972242817447964, 
    0.9890243030121636, 
    -0.0023051603223873591
  ], 
  "labels": [
    "nu_nubar_ratio", 
    "theta13", 
    "theta23", 
    "nue_numu_ratio", 
    "hierarchy", 
    "aeff_scale", 
    "energy_scale", 
    "deltam31"
  ], 
  "matrix": [
    [
      4122.174284812422, 
      1442.695634657281, 
      5584.84113275021, 
      4438.928590798889, 
      14.641355736886817, 
      26458.532144350567, 
      -55808.05515849562, 
      -158064.88988786264
    ], 
    [
      1442.695634657281, 
      1032.5599724158287, 
      1899.2938167955338, 
      1787.4806925431453, 
      88.72443153357818, 
      9618.790100317132, 
      -21539.506531564584, 
      -85314.59794048726
    ], 
    [
      5584.84113275021, 
      1899.2938167955338, 
      8414.518603146485, 
      5530.186518115921, 
      64.60475033133775, 
      35898.29871860343, 
      -73438.19945515663, 
      -111399.94664666303
    ], 
    [
      4438.928590798889, 
      1787.4806925431453, 
      5530.186518115921, 
      5191.7707241162525, 
      16.385651886521586, 
      28586.56261699395, 
      -62164.62912752269, 
      -251905.7212218332
    ], 
    [
      14.641355736886817, 
      88.72443153357818, 
      64.60475033133775, 
      16.385651886521586, 
      23.052237755790415, 
      174.51348678864986, 
      -486.0667458539392, 
      -11345.34900539372
    ], 
    [
      26458.532144350567, 
      9618.790100317132, 
      35898.29871860343, 
      28586.56261699395, 
      174.51348678864986, 
      170148.9851380317, 
      -359773.4694876492, 
      -1062620.410869036
    ], 
    [
      -55808.05515849562, 
      -21539.506531564584, 
      -73438.19945515663, 
      -62164.62912752269, 
      -486.0667458539392, 
      -359773.4694876492, 
      772672.8728085184, 
      3165629.692440006
    ], 
    [
      -158064.88988786264, 
      -85314.59794048726, 
      -111399.94664666303, 
      -251905.7212218332, 
      -11345.34900539372, 
      -1062620.410869036, 
      3165629.692440006, 
      196925159.49291536
    ]
  ], 
  "parameters": [
    "nu_nubar_ratio", 
    "theta13", 
    "theta23", 
    "nue_numu_ratio", 
    "hierarchy", 
    "aeff_scale", 
    "energy_scale", 
    "deltam31"
  ], 
  "priors": [
    0.1, 
    0.003490658503988659, 
    Infinity, 
    0.03, 
    Infinity, 
    Infinity, 
    0.1, 
    Infinity
  ]
}