{
  "best_fits": [
    0.99651675716016996, 
    0.14906423486563306, 
    0.68970133343025564, 
    1.0012668537740075, 
    0.0, 
    0.98840133712746314, 
    0.99096472559871496, 
    -0.0023121818552517322
  ], 
  "labels": [
    "nu_nubar_ratio", 
    "theta13", 
    "theta23", 
    "nue_numu_ratio", 
    "hierarchy", 
    "aeff_scale", 
    "energy_scale", 
    "deltam31"
  ], 
  "matrix": [
    [
      1467.8557433140738, 
      118.29116751831232, 
      -4638.519807585822, 
      -808.2110676844763, 
      8.578180491539435, 
      9128.637378283322, 
      -18771.754037245533, 
      271818.34571309085
    ], 
    [
      118.29116751831232, 
      1037.5137294093765, 
      -135.67302705295603, 
      -187.4435296634642, 
      11.783573412484985, 
      779.8228666881868, 
      1874.5245756994366, 
      1378733.6204724966
    ], 
    [
      -4638.519807585822, 
      -135.67302705295603, 
      20117.399302341317, 
      2369.424469892802, 
      -99.2057580770298, 
      -29035.190596686458, 
      63431.462922664956, 
      -436959.6590118336
    ], 
    [
      -808.2110676844763, 
      -187.4435296634642, 
      2369.424469892802, 
      891.0340157480291, 
      0.8714005980055598, 
      -5013.445375303741, 
      10007.354322647501, 
      -359059.22711357166
    ], 
    [
      8.578180491539435, 
      11.783573412484985, 
      -99.2057580770298, 
      0.8714005980055598, 
      2.222169224302279, 
      58.06935899902811, 
      -147.2472184792971, 
      4757.801031104709
    ], 
    [
      9128.637378283322, 
      779.8228666881868, 
      -29035.190596686458, 
      -5013.445375303741, 
      58.06935899902811, 
      56807.025152007736, 
      -116750.48614085281, 
      1731654.3277563618
    ], 
    [
      -18771.754037245533, 
      1874.5245756994366, 
      63431.462922664956, 
      10007.354322647501, 
      -147.2472184792971, 
      -116750.48614085281, 
      255256.87158773997, 
      1366972.8776158162
    ], 
    [
      271818.34571309085, 
      1378733.6204724966, 
      -436959.6590118336, 
      -359059.22711357166, 
      4757.801031104709, 
      1731654.3277563618, 
      1366972.8776158162, 
      1953273101.0103061
    ]
  ], 
  "parameters": [
    "nu_nubar_ratio", 
    "theta13", 
    "theta23", 
    "nue_numu_ratio", 
    "hierarchy", 
    "aeff_scale", 
    "energy_scale", 
    "deltam31"
  ], 
  "priors": [
    0.1, 
    0.003490658503988659, 
    Infinity, 
    0.03, 
    Infinity, 
    Infinity, 
    0.1, 
    Infinity
  ]
}