{
  "best_fits": [
    0.99651675716016996, 
    0.14906423486563306, 
    0.68970133343025564, 
    1.0012668537740075, 
    0.0, 
    0.98840133712746314, 
    0.99096472559871496, 
    -0.0023121818552517322
  ], 
  "labels": [
    "nu_nubar_ratio", 
    "theta13", 
    "theta23", 
    "nue_numu_ratio", 
    "hierarchy", 
    "aeff_scale", 
    "energy_scale", 
    "deltam31"
  ], 
  "matrix": [
    [
      5777.655363152867, 
      292.9968304164497, 
      -10061.14021018437, 
      3742.9947459117197, 
      -5.339377219911874, 
      36072.90511205066, 
      -75489.07081575564, 
      99493.43177770684
    ], 
    [
      292.9968304164497, 
      1248.6782787486059, 
      19.82575816001463, 
      142.6386063459698, 
      32.23056802650153, 
      2010.661994465007, 
      -1387.537080979275, 
      1409963.3014990252
    ], 
    [
      -10061.14021018437, 
      19.82575816001463, 
      28857.690861317195, 
      -2531.6568861748924, 
      -52.185542611382594, 
      -62657.93228840785, 
      130081.90860348548, 
      -392616.9235083723
    ], 
    [
      3742.9947459117197, 
      142.6386063459698, 
      -2531.6568861748924, 
      6151.225101628848, 
      -11.817189246403581, 
      23510.168534166653, 
      -51894.46280959411, 
      -605575.2342628557
    ], 
    [
      -5.339377219911874, 
      32.23056802650153, 
      -52.185542611382594, 
      -11.817189246403581, 
      6.6014262040363425, 
      -8.921195766234163, 
      -62.313123523672616, 
      3269.9382679803534
    ], 
    [
      36072.90511205066, 
      2010.661994465007, 
      -62657.93228840785, 
      23510.168534166653, 
      -8.921195766234163, 
      225395.8794020315, 
      -472240.1618161922, 
      632088.5781315097
    ], 
    [
      -75489.07081575564, 
      -1387.537080979275, 
      130081.90860348548, 
      -51894.46280959411, 
      -62.313123523672616, 
      -472240.1618161922, 
      1015924.3799965337, 
      4465772.536797049
    ], 
    [
      99493.43177770684, 
      1409963.3014990252, 
      -392616.9235083723, 
      -605575.2342628557, 
      3269.9382679803534, 
      632088.5781315097, 
      4465772.536797049, 
      2130742801.3750439
    ]
  ], 
  "parameters": [
    "nu_nubar_ratio", 
    "theta13", 
    "theta23", 
    "nue_numu_ratio", 
    "hierarchy", 
    "aeff_scale", 
    "energy_scale", 
    "deltam31"
  ], 
  "priors": [
    0.1, 
    0.003490658503988659, 
    Infinity, 
    0.03, 
    Infinity, 
    Infinity, 
    0.1, 
    Infinity
  ]
}