{
  "best_fits": [
    0.98584556348806052, 
    0.14816088626643875, 
    0.85959601031597899, 
    0.98820564706517766, 
    0.0, 
    0.96960253048451228, 
    0.98206090507732335, 
    -0.0022866174567229354
  ], 
  "labels": [
    "nu_nubar_ratio", 
    "theta13", 
    "theta23", 
    "nue_numu_ratio", 
    "hierarchy", 
    "aeff_scale", 
    "energy_scale", 
    "deltam31"
  ], 
  "matrix": [
    [
      5718.919596855094, 
      1446.3312531028591, 
      9025.145055203957, 
      3812.787265595419, 
      -24.2428642238478, 
      36420.36660047476, 
      -75198.44228443189, 
      148054.41327335723
    ], 
    [
      1446.3312531028591, 
      2517.432039227, 
      1583.7404406204032, 
      2019.98308571999, 
      4.18131238365341, 
      9860.505801840905, 
      -17856.54378819692, 
      1385631.0615656627
    ], 
    [
      9025.145055203957, 
      1583.7404406204032, 
      18892.81504448325, 
      4275.428853545746, 
      -41.87148660538742, 
      57354.16682160127, 
      -118244.62500850868, 
      407207.8886508147
    ], 
    [
      3812.787265595419, 
      2019.98308571999, 
      4275.428853545746, 
      6291.570227510074, 
      -0.09039340825313147, 
      24887.657889571583, 
      -54214.1042134164, 
      -650337.1055026683
    ], 
    [
      -24.2428642238478, 
      4.18131238365341, 
      -41.87148660538742, 
      -0.09039340825313147, 
      4.980539080974037, 
      -136.99746964991238, 
      221.24959461678935, 
      -16091.877896306258
    ], 
    [
      36420.36660047476, 
      9860.505801840905, 
      57354.16682160127, 
      24887.657889571583, 
      -136.99746964991238, 
      232411.48179794557, 
      -480627.63572858536, 
      918316.9656199804
    ], 
    [
      -75198.44228443189, 
      -17856.54378819692, 
      -118244.62500850868, 
      -54214.1042134164, 
      221.24959461678935, 
      -480627.63572858536, 
      1022108.9627495704, 
      4344957.912613236
    ], 
    [
      148054.41327335723, 
      1385631.0615656627, 
      407207.8886508147, 
      -650337.1055026683, 
      -16091.877896306258, 
      918316.9656199804, 
      4344957.912613236, 
      2286004078.57212
    ]
  ], 
  "parameters": [
    "nu_nubar_ratio", 
    "theta13", 
    "theta23", 
    "nue_numu_ratio", 
    "hierarchy", 
    "aeff_scale", 
    "energy_scale", 
    "deltam31"
  ], 
  "priors": [
    0.1, 
    0.003490658503988659, 
    Infinity, 
    0.03, 
    Infinity, 
    Infinity, 
    0.1, 
    Infinity
  ]
}