{
  "best_fits": [
    0.98244155965090985, 
    0.14865725292386342, 
    0.89220123259782691, 
    1.0416042724855352, 
    0.0, 
    0.95263704197831001, 
    0.96952065394357545, 
    -0.002237285643389127
  ], 
  "labels": [
    "nu_nubar_ratio", 
    "theta13", 
    "theta23", 
    "nue_numu_ratio", 
    "hierarchy", 
    "aeff_scale", 
    "energy_scale", 
    "deltam31"
  ], 
  "matrix": [
    [
      1571.0922801282227, 
      -243.4607925504354, 
      4852.775756915835, 
      -787.4251595003482, 
      -65.74462894991586, 
      9802.40974187234, 
      -19712.426509401474, 
      315112.287525877
    ], 
    [
      -243.4607925504354, 
      1280.3207137761003, 
      -1098.1861335801002, 
      24.43755291857948, 
      24.20429791569607, 
      -1416.8695874752711, 
      6660.212058503779, 
      1420463.935386649
    ], 
    [
      4852.775756915835, 
      -1098.1861335801002, 
      21022.063724834345, 
      -2198.061683990038, 
      -204.58263924812536, 
      30357.203771053446, 
      -64367.97335252689, 
      726813.8624389819
    ], 
    [
      -787.4251595003482, 
      24.43755291857948, 
      -2198.061683990038, 
      836.3364352186649, 
      32.209924226152566, 
      -4891.8511387989765, 
      9495.979152730652, 
      -388443.9332573162
    ], 
    [
      -65.74462894991586, 
      24.20429791569607, 
      -204.58263924812536, 
      32.209924226152566, 
      7.410269948238659, 
      -405.7822208356838, 
      800.8672182661458, 
      -21177.82561113835
    ], 
    [
      9802.40974187234, 
      -1416.8695874752711, 
      30357.203771053446, 
      -4891.8511387989765, 
      -405.7822208356838, 
      61195.77973189624, 
      -122783.97489027982, 
      2068714.7789224111
    ], 
    [
      -19712.426509401474, 
      6660.212058503779, 
      -64367.97335252689, 
      9495.979152730652, 
      800.8672182661458, 
      -122783.97489027982, 
      261445.2898472019, 
      836722.8727045022
    ], 
    [
      315112.287525877, 
      1420463.935386649, 
      726813.8624389819, 
      -388443.9332573162, 
      -21177.82561113835, 
      2068714.7789224111, 
      836722.8727045022, 
      2033912606.0110059
    ]
  ], 
  "parameters": [
    "nu_nubar_ratio", 
    "theta13", 
    "theta23", 
    "nue_numu_ratio", 
    "hierarchy", 
    "aeff_scale", 
    "energy_scale", 
    "deltam31"
  ], 
  "priors": [
    0.1, 
    0.003490658503988659, 
    Infinity, 
    0.03, 
    Infinity, 
    Infinity, 
    0.1, 
    Infinity
  ]
}