{
  "best_fits": [
    1.0, 
    0.14835298641951802, 
    0.70879820243452984, 
    1.0, 
    1.0, 
    1.0, 
    1.0, 
    0.0024941304906895721
  ], 
  "labels": [
    "nu_nubar_ratio", 
    "theta13", 
    "theta23", 
    "nue_numu_ratio", 
    "hierarchy", 
    "aeff_scale", 
    "energy_scale", 
    "deltam31"
  ], 
  "matrix": [
    [
      1.8732231171410155e-25, 
      2.2717444747908827e-13, 
      5.4444731372252326e-12, 
      6.718683044322419e-13, 
      -5.129647360551503e-14, 
      -1.3656136980114774e-11, 
      3.0085046677951245e-11, 
      -2.2090891545173485e-10
    ], 
    [
      2.2717444747908827e-13, 
      8744.23401082945, 
      -643.6500467837445, 
      -892.2798257429987, 
      105.19028453157325, 
      4258.3819394459015, 
      8048.672270257355, 
      -6618021.358615856
    ], 
    [
      5.4444731372252326e-12, 
      -643.6500467837445, 
      53516.887774198374, 
      6539.660801115601, 
      -350.60003622261803, 
      -84428.79640910319, 
      185908.8596023386, 
      1103891.3752734216
    ], 
    [
      6.718683044322419e-13, 
      -892.2798257429987, 
      6539.660801115601, 
      2727.571525961154, 
      -43.98018431241804, 
      -15378.265752211713, 
      30546.723947697603, 
      1178070.8509852237
    ], 
    [
      -5.129647360551503e-14, 
      105.19028453157325, 
      -350.60003622261803, 
      -43.98018431241804, 
      9.147098616790947, 
      605.2218597506204, 
      -1256.538693599837, 
      -26137.20775239096
    ], 
    [
      -1.3656136980114774e-11, 
      4258.3819394459015, 
      -84428.79640910319, 
      -15378.265752211713, 
      605.2218597506204, 
      182261.63221940887, 
      -375694.3711340852, 
      -5641090.714333818
    ], 
    [
      3.0085046677951245e-11, 
      8048.672270257355, 
      185908.8596023386, 
      30546.723947697603, 
      -1256.538693599837, 
      -375694.3711340852, 
      823536.7235288101, 
      -3853621.6870887526
    ], 
    [
      -2.2090891545173485e-10, 
      -6618021.358615856, 
      1103891.3752734216, 
      1178070.8509852237, 
      -26137.20775239096, 
      -5641090.714333818, 
      -3853621.6870887526, 
      6018626475.804521
    ]
  ], 
  "parameters": [
    "nu_nubar_ratio", 
    "theta13", 
    "theta23", 
    "nue_numu_ratio", 
    "hierarchy", 
    "aeff_scale", 
    "energy_scale", 
    "deltam31"
  ], 
  "priors": [
    0.1, 
    0.003490658503988659, 
    null, 
    0.03, 
    null, 
    null, 
    0.1, 
    5e-05
  ]
}