{
  "best_fits": [
    1.0, 
    0.14835298641951802, 
    0.7382742735936013, 
    1.0, 
    1.0, 
    1.0, 
    0.00246
  ], 
  "labels": [
    "nu_nubar_ratio", 
    "theta13", 
    "theta23", 
    "nue_numu_ratio", 
    "aeff_scale", 
    "energy_scale", 
    "deltam31"
  ], 
  "matrix": [
    [
      6.178773369648309e-25, 
      6.267754340036472e-13, 
      1.3550737791905765e-11, 
      -7.34387596220642e-12, 
      -7.58521945760587e-11, 
      1.587813784074727e-10, 
      -1.3750768356787636e-09
    ], 
    [
      6.267754340036472e-13, 
      14053.678213373254, 
      3304.508079836492, 
      3422.5468223829516, 
      25189.51599161147, 
      -41827.64614340487, 
      -6644051.234232037
    ], 
    [
      1.3550737791905765e-11, 
      3304.508079836492, 
      31117.421386448434, 
      906.1698138627512, 
      -84189.59223412494, 
      172680.30098006566, 
      1177121.0229502919
    ], 
    [
      -7.34387596220642e-12, 
      3422.5468223829516, 
      906.1698138627512, 
      17673.41699760154, 
      71699.89720462306, 
      -158467.00438286483, 
      2104910.9183248975
    ], 
    [
      -7.58521945760587e-11, 
      25189.51599161147, 
      -84189.59223412494, 
      71699.89720462306, 
      725355.2855155164, 
      -1522562.9416257797, 
      -1913399.0492578903
    ], 
    [
      1.587813784074727e-10, 
      -41827.64614340487, 
      172680.30098006566, 
      -158467.00438286483, 
      -1522562.9416257797, 
      3286563.541307557, 
      -16123286.458907485
    ], 
    [
      -1.3750768356787636e-09, 
      -6644051.234232037, 
      1177121.0229502919, 
      2104910.9183248975, 
      -1913399.0492578903, 
      -16123286.458907485, 
      7211949533.483106
    ]
  ], 
  "parameters": [
    "nu_nubar_ratio", 
    "theta13", 
    "theta23", 
    "nue_numu_ratio", 
    "aeff_scale", 
    "energy_scale", 
    "deltam31"
  ], 
  "priors": [
    0.1, 
    0.003490658503988659, 
    null, 
    0.03, 
    null, 
    0.1, 
    5e-05
  ]
}