{
  "best_fits": [
    1.0, 
    0.14835298641951802, 
    0.7382742735936013, 
    1.0, 
    1.0, 
    1.0, 
    0.00246
  ], 
  "labels": [
    "nu_nubar_ratio", 
    "theta13", 
    "theta23", 
    "nue_numu_ratio", 
    "aeff_scale", 
    "energy_scale", 
    "deltam31"
  ], 
  "matrix": [
    [
      4.441302549539171e-25, 
      1.0450942530348314e-13, 
      6.172626023859663e-12, 
      -7.936362061524034e-12, 
      -5.6588205309714167e-11, 
      1.1329310048455449e-10, 
      -5.635120568820567e-10
    ], 
    [
      1.0450942530348314e-13, 
      4761.875121951074, 
      2584.4163518882133, 
      4148.731282507423, 
      22804.104729697458, 
      -55057.49998697729, 
      415224.8624448279
    ], 
    [
      6.172626023859663e-12, 
      2584.4163518882133, 
      6054.429373911205, 
      -3317.4160777913226, 
      -27007.399857819262, 
      46345.51463313335, 
      507213.0629680784
    ], 
    [
      -7.936362061524034e-12, 
      4148.731282507423, 
      -3317.4160777913226, 
      15014.39186431464, 
      86385.93829979115, 
      -187377.89597547316, 
      859381.4879948613
    ], 
    [
      -5.6588205309714167e-11, 
      22804.104729697458, 
      -27007.399857819262, 
      86385.93829979115, 
      545001.1273607134, 
      -1151618.648155754, 
      4113919.5873576384
    ], 
    [
      1.1329310048455449e-10, 
      -55057.49998697729, 
      46345.51463313335, 
      -187377.89597547316, 
      -1151618.648155754, 
      2472086.773194969, 
      -12050037.720317679
    ], 
    [
      -5.635120568820567e-10, 
      415224.8624448279, 
      507213.0629680784, 
      859381.4879948613, 
      4113919.5873576384, 
      -12050037.720317679, 
      720723222.6329172
    ]
  ], 
  "parameters": [
    "nu_nubar_ratio", 
    "theta13", 
    "theta23", 
    "nue_numu_ratio", 
    "aeff_scale", 
    "energy_scale", 
    "deltam31"
  ], 
  "priors": [
    0.1, 
    0.003490658503988659, 
    null, 
    0.03, 
    null, 
    0.1, 
    5e-05
  ]
}