{
  "best_fits": [
    1.0, 
    0.14835298641951802, 
    0.83729428228634073, 
    1.0, 
    0.0, 
    1.0, 
    1.0, 
    -0.0023368941117986775
  ], 
  "labels": [
    "nu_nubar_ratio", 
    "theta13", 
    "theta23", 
    "nue_numu_ratio", 
    "hierarchy", 
    "aeff_scale", 
    "energy_scale", 
    "deltam31"
  ], 
  "matrix": [
    [
      5.889567712072713e-25, 
      -2.7708892094967488e-12, 
      -1.5145139694876524e-11, 
      -7.405551052831598e-12, 
      -9.427578859768751e-14, 
      -8.082486437120415e-11, 
      1.7027410848408992e-10, 
      -2.385557535519136e-10
    ], 
    [
      -2.7708892094967488e-12, 
      7567.829574787856, 
      4087.2740120885646, 
      5841.017840370508, 
      208.60357993348987, 
      29006.044700546936, 
      -52074.801604487344, 
      4697807.805543875
    ], 
    [
      -1.5145139694876524e-11, 
      4087.2740120885646, 
      32049.706823365712, 
      11200.49141785292, 
      -3.2169791285082594, 
      133743.06545274623, 
      -280779.3798619448, 
      870688.8406402189
    ], 
    [
      -7.405551052831598e-12, 
      5841.017840370508, 
      11200.49141785292, 
      20798.363062581357, 
      110.1984028265744, 
      80576.62182952926, 
      -178211.89885970348, 
      -2108730.0008555315
    ], 
    [
      -9.427578859768751e-14, 
      208.60357993348987, 
      -3.2169791285082594, 
      110.1984028265744, 
      27.98097039851808, 
      334.8320027593838, 
      -1138.5592663801494, 
      16338.853725296089
    ], 
    [
      -8.082486437120415e-11, 
      29006.044700546936, 
      133743.06545274623, 
      80576.62182952926, 
      334.8320027593838, 
      725020.4535127563, 
      -1523304.5587576914, 
      2715972.826397164
    ], 
    [
      1.7027410848408992e-10, 
      -52074.801604487344, 
      -280779.3798619448, 
      -178211.89885970348, 
      -1138.5592663801494, 
      -1523304.5587576914, 
      3292045.793013811, 
      14702155.941127108
    ], 
    [
      -2.385557535519136e-10, 
      4697807.805543875, 
      870688.8406402189, 
      -2108730.0008555315, 
      16338.853725296089, 
      2715972.826397164, 
      14702155.941127108, 
      7466085012.626886
    ]
  ], 
  "parameters": [
    "nu_nubar_ratio", 
    "theta13", 
    "theta23", 
    "nue_numu_ratio", 
    "hierarchy", 
    "aeff_scale", 
    "energy_scale", 
    "deltam31"
  ], 
  "priors": [
    0.1, 
    0.003490658503988659, 
    null, 
    0.03, 
    null, 
    null, 
    0.1, 
    5e-05
  ]
}