{
  "best_fits": [
    1.0, 
    0.14835298641951802, 
    0.7382742735936013, 
    1.0, 
    1.0, 
    1.0, 
    0.00246
  ], 
  "labels": [
    "nu_nubar_ratio", 
    "theta13", 
    "theta23", 
    "nue_numu_ratio", 
    "aeff_scale", 
    "energy_scale", 
    "deltam31"
  ], 
  "matrix": [
    [
      1.7374708201091385e-25, 
      5.22266008700164e-13, 
      7.378111768046102e-12, 
      5.924860993176139e-13, 
      -1.9263989266344527e-11, 
      4.548827792291822e-11, 
      -8.11564778796707e-10
    ], 
    [
      5.22266008700164e-13, 
      9291.80309142218, 
      720.0917279482788, 
      -726.1844601244717, 
      2385.4112619140133, 
      13229.853843572419, 
      -7059276.096676866
    ], 
    [
      7.378111768046102e-12, 
      720.0917279482788, 
      25062.992012537226, 
      4223.585891654074, 
      -57182.19237630568, 
      126334.78634693229, 
      669907.9599822134
    ], 
    [
      5.924860993176139e-13, 
      -726.1844601244717, 
      4223.585891654074, 
      2659.0251332868975, 
      -14686.041095168079, 
      28910.89159260832, 
      1245529.4303300362
    ], 
    [
      -1.9263989266344527e-11, 
      2385.4112619140133, 
      -57182.19237630568, 
      -14686.041095168079, 
      180354.158154803, 
      -370944.2934700258, 
      -6027318.636615529
    ], 
    [
      4.548827792291822e-11, 
      13229.853843572419, 
      126334.78634693229, 
      28910.89159260832, 
      -370944.2934700258, 
      814476.7681125877, 
      -4073248.738589806
    ], 
    [
      -8.11564778796707e-10, 
      -7059276.096676866, 
      669907.9599822134, 
      1245529.4303300362, 
      -6027318.636615529, 
      -4073248.738589806, 
      6491226310.850188
    ]
  ], 
  "parameters": [
    "nu_nubar_ratio", 
    "theta13", 
    "theta23", 
    "nue_numu_ratio", 
    "aeff_scale", 
    "energy_scale", 
    "deltam31"
  ], 
  "priors": [
    0.1, 
    0.003490658503988659, 
    null, 
    0.03, 
    null, 
    0.1, 
    5e-05
  ]
}