{
  "best_fits": [
    1.0, 
    0.14835298641951802, 
    0.8639379797371931, 
    1.0, 
    1.0, 
    1.0, 
    -0.00237
  ], 
  "labels": [
    "nu_nubar_ratio", 
    "theta13", 
    "theta23", 
    "nue_numu_ratio", 
    "aeff_scale", 
    "energy_scale", 
    "deltam31"
  ], 
  "matrix": [
    [
      1.6360757847389966e-25, 
      -1.8538767340416902e-13, 
      -4.631609699169581e-12, 
      -4.070805138244095e-13, 
      -9.857779632407941e-12, 
      1.9286486966229996e-11, 
      -5.680158551131777e-10
    ], 
    [
      -1.8538767340416902e-13, 
      4310.824723166523, 
      -2266.3190555881342, 
      24.235964726478485, 
      -3676.8123370597195, 
      20410.821973272403, 
      4697293.449600864
    ], 
    [
      -4.631609699169581e-12, 
      -2266.3190555881342, 
      37917.814476969885, 
      -5217.449394413238, 
      69787.22500011152, 
      -152188.00492026162, 
      1694235.0901198115
    ], 
    [
      -4.070805138244095e-13, 
      24.235964726478485, 
      -5217.449394413238, 
      2775.441698371051, 
      -15048.666250957202, 
      29813.135829133662, 
      -1217438.9241552656
    ], 
    [
      -9.857779632407941e-12, 
      -3676.8123370597195, 
      69787.22500011152, 
      -15048.666250957202, 
      181656.41035965848, 
      -373423.24420462974, 
      6025541.837469176
    ], 
    [
      1.9286486966229996e-11, 
      20410.821973272403, 
      -152188.00492026162, 
      29813.135829133662, 
      -373423.24420462974, 
      818122.4565520458, 
      3654052.1015341496
    ], 
    [
      -5.680158551131777e-10, 
      4697293.449600864, 
      1694235.0901198115, 
      -1217438.9241552656, 
      6025541.837469176, 
      3654052.1015341496, 
      6332703995.727656
    ]
  ], 
  "parameters": [
    "nu_nubar_ratio", 
    "theta13", 
    "theta23", 
    "nue_numu_ratio", 
    "aeff_scale", 
    "energy_scale", 
    "deltam31"
  ], 
  "priors": [
    0.1, 
    0.003490658503988659, 
    null, 
    0.03, 
    null, 
    0.1, 
    5e-05
  ]
}