{
  "best_fits": [
    1.0, 
    0.14835298641951802, 
    0.8639379797371931, 
    1.0, 
    1.0, 
    1.0, 
    -0.00237
  ], 
  "labels": [
    "nu_nubar_ratio", 
    "theta13", 
    "theta23", 
    "nue_numu_ratio", 
    "aeff_scale", 
    "energy_scale", 
    "deltam31"
  ], 
  "matrix": [
    [
      4.323112629212807e-25, 
      -3.268600215087805e-12, 
      -1.5945942952332865e-11, 
      -9.31282920037843e-12, 
      -6.268493187665803e-11, 
      1.2710270746411522e-10, 
      -3.1601368004916625e-10
    ], 
    [
      -3.268600215087805e-12, 
      4097.886214474554, 
      7427.012045140521, 
      6667.855048362012, 
      34924.13488003199, 
      -78091.73589600212, 
      -332641.0599470651
    ], 
    [
      -1.5945942952332865e-11, 
      7427.012045140521, 
      31845.75632203274, 
      19877.146246139408, 
      125213.14230181655, 
      -256061.916305682, 
      -380435.0385129115
    ], 
    [
      -9.31282920037843e-12, 
      6667.855048362012, 
      19877.146246139408, 
      17737.648196230915, 
      94833.06965537762, 
      -206182.05707572025, 
      -838503.6602674776
    ], 
    [
      -6.268493187665803e-11, 
      34924.13488003199, 
      125213.14230181655, 
      94833.06965537762, 
      547712.7224338624, 
      -1158450.6268038845, 
      -3474412.0913689137
    ], 
    [
      1.2710270746411522e-10, 
      -78091.73589600212, 
      -256061.916305682, 
      -206182.05707572025, 
      -1158450.6268038845, 
      2488257.843325189, 
      10272489.866872339
    ], 
    [
      -3.1601368004916625e-10, 
      -332641.0599470651, 
      -380435.0385129115, 
      -838503.6602674776, 
      -3474412.0913689137, 
      10272489.866872339, 
      618614567.6732972
    ]
  ], 
  "parameters": [
    "nu_nubar_ratio", 
    "theta13", 
    "theta23", 
    "nue_numu_ratio", 
    "aeff_scale", 
    "energy_scale", 
    "deltam31"
  ], 
  "priors": [
    0.1, 
    0.003490658503988659, 
    null, 
    0.03, 
    null, 
    0.1, 
    5e-05
  ]
}