{
  "best_fits": [
    1.0, 
    0.14835298641951802, 
    0.70879820243452984, 
    1.0, 
    1.0, 
    1.0, 
    1.0, 
    0.0024941304906895721
  ], 
  "labels": [
    "nu_nubar_ratio", 
    "theta13", 
    "theta23", 
    "nue_numu_ratio", 
    "hierarchy", 
    "aeff_scale", 
    "energy_scale", 
    "deltam31"
  ], 
  "matrix": [
    [
      4.221905011406627e-25, 
      -1.5749670854067943e-12, 
      4.237096166168593e-12, 
      -6.993817829185435e-12, 
      2.852905743151989e-14, 
      -4.924280813102726e-11, 
      1.0632770101471163e-10, 
      -3.667128412892291e-10
    ], 
    [
      -1.5749670854067943e-12, 
      3548.7288587538183, 
      2470.91155266223, 
      2750.288709141436, 
      120.40749503878197, 
      14216.686101751684, 
      -36071.64412303307, 
      226186.28410211435
    ], 
    [
      4.237096166168593e-12, 
      2470.91155266223, 
      15937.33118343868, 
      -8616.372682229661, 
      353.123400570537, 
      -65793.17104637444, 
      124318.70548155409, 
      348751.65869945625
    ], 
    [
      -6.993817829185435e-12, 
      2750.288709141436, 
      -8616.372682229661, 
      14741.730662967764, 
      -158.31821723858295, 
      85540.13861668711, 
      -185584.8444179592, 
      844634.4961166357
    ], 
    [
      2.852905743151989e-14, 
      120.40749503878197, 
      353.123400570537, 
      -158.31821723858295, 
      13.988305823564648, 
      -1161.1412580003903, 
      2093.1950057105596, 
      9848.694349966809
    ], 
    [
      -4.924280813102726e-11, 
      14216.686101751684, 
      -65793.17104637444, 
      85540.13861668711, 
      -1161.1412580003903, 
      546551.5811758611, 
      -1154466.8235633557, 
      4173536.4942918373
    ], 
    [
      1.0632770101471163e-10, 
      -36071.64412303307, 
      124318.70548155409, 
      -185584.8444179592, 
      2093.1950057105596, 
      -1154466.8235633557, 
      2476104.3328160485, 
      -11864367.451199822
    ], 
    [
      -3.667128412892291e-10, 
      226186.28410211435, 
      348751.65869945625, 
      844634.4961166357, 
      9848.694349966809, 
      4173536.4942918373, 
      -11864367.451199822, 
      651140712.7130693
    ]
  ], 
  "parameters": [
    "nu_nubar_ratio", 
    "theta13", 
    "theta23", 
    "nue_numu_ratio", 
    "hierarchy", 
    "aeff_scale", 
    "energy_scale", 
    "deltam31"
  ], 
  "priors": [
    0.1, 
    0.003490658503988659, 
    null, 
    0.03, 
    null, 
    null, 
    0.1, 
    5e-05
  ]
}