{
  "best_fits": [
    1.0, 
    0.14835298641951802, 
    0.83729428228634073, 
    1.0, 
    0.0, 
    1.0, 
    1.0, 
    -0.0023368941117986775
  ], 
  "labels": [
    "nu_nubar_ratio", 
    "theta13", 
    "theta23", 
    "nue_numu_ratio", 
    "hierarchy", 
    "aeff_scale", 
    "energy_scale", 
    "deltam31"
  ], 
  "matrix": [
    [
      4.514398373504488e-25, 
      -3.624832426377636e-12, 
      -8.843842293797653e-12, 
      -1.0068019686965042e-11, 
      -1.2246663809098855e-13, 
      -5.599251483679963e-11, 
      1.1778773192270064e-10, 
      5.286333079769706e-10
    ], 
    [
      -3.624832426377636e-12, 
      3352.6214838936494, 
      4974.463930238348, 
      5982.032823343558, 
      152.65802697260082, 
      31010.474053394784, 
      -69371.53199233855, 
      -259347.05998880314
    ], 
    [
      -8.843842293797653e-12, 
      4974.463930238348, 
      16043.739186076671, 
      14478.253152126874, 
      3.571092941414955, 
      89190.11553708668, 
      -183565.87311579072, 
      -340604.9529448797
    ], 
    [
      -1.0068019686965042e-11, 
      5982.032823343558, 
      14478.253152126874, 
      18026.631908171184, 
      105.17353322919254, 
      95450.1058471028, 
      -207568.31945771963, 
      -848460.4742389518
    ], 
    [
      -1.2246663809098855e-13, 
      152.65802697260082, 
      3.571092941414955, 
      105.17353322919254, 
      22.254768608897333, 
      293.10101136631994, 
      -1167.051769666794, 
      -27122.987367620903
    ], 
    [
      -5.599251483679963e-11, 
      31010.474053394784, 
      89190.11553708668, 
      95450.1058471028, 
      293.10101136631994, 
      544708.0263493464, 
      -1152978.2537624307, 
      -3507244.2755990103
    ], 
    [
      1.1778773192270064e-10, 
      -69371.53199233855, 
      -183565.87311579072, 
      -207568.31945771963, 
      -1167.051769666794, 
      -1152978.2537624307, 
      2478395.1489904365, 
      10394828.973725865
    ], 
    [
      5.286333079769706e-10, 
      -259347.05998880314, 
      -340604.9529448797, 
      -848460.4742389518, 
      -27122.987367620903, 
      -3507244.2755990103, 
      10394828.973725865, 
      649302551.5909426
    ]
  ], 
  "parameters": [
    "nu_nubar_ratio", 
    "theta13", 
    "theta23", 
    "nue_numu_ratio", 
    "hierarchy", 
    "aeff_scale", 
    "energy_scale", 
    "deltam31"
  ], 
  "priors": [
    0.1, 
    0.003490658503988659, 
    null, 
    0.03, 
    null, 
    null, 
    0.1, 
    5e-05
  ]
}