{
  "best_fits": [
    1.0, 
    0.14835298641951802, 
    0.83729428228634073, 
    1.0, 
    0.0, 
    1.0, 
    1.0, 
    -0.0023368941117986775
  ], 
  "labels": [
    "nu_nubar_ratio", 
    "theta13", 
    "theta23", 
    "nue_numu_ratio", 
    "hierarchy", 
    "aeff_scale", 
    "energy_scale", 
    "deltam31"
  ], 
  "matrix": [
    [
      1.3751693385682258e-25, 
      8.539432168808872e-13, 
      -6.301297401078871e-12, 
      2.662468634133444e-12, 
      2.8190849493301034e-14, 
      -2.4832349534404528e-11, 
      5.248637656138928e-11, 
      -7.671890615288842e-10
    ], 
    [
      8.539432168808872e-13, 
      4215.208090894206, 
      -887.1899181497837, 
      -141.01498297305093, 
      55.94555296088906, 
      -2004.4293528478477, 
      17296.73038785121, 
      4957154.865532679
    ], 
    [
      -6.301297401078871e-12, 
      -887.1899181497837, 
      16005.96763728904, 
      -3277.7617342739536, 
      -6.788072069923214, 
      44552.94991565955, 
      -97213.50674615413, 
      1211293.7935850986
    ], 
    [
      2.662468634133444e-12, 
      -141.01498297305093, 
      -3277.7617342739536, 
      2771.731154410171, 
      5.024869597381854, 
      -14873.484017573528, 
      29356.420598016153, 
      -1260269.5266165799
    ], 
    [
      2.8190849493301034e-14, 
      55.94555296088906, 
      -6.788072069923214, 
      5.024869597381854, 
      5.726201789620748, 
      41.730991393063846, 
      28.492503286644578, 
      43461.84109291699
    ], 
    [
      -2.4832349534404528e-11, 
      -2004.4293528478477, 
      44552.94991565955, 
      -14873.484017573528, 
      41.730991393063846, 
      180312.42716340988, 
      -370326.30499526067, 
      6223217.101996174
    ], 
    [
      5.248637656138928e-11, 
      17296.73038785121, 
      -97213.50674615413, 
      29356.420598016153, 
      28.492503286644578, 
      -370326.30499526067, 
      813650.6440233745, 
      4307326.967401244
    ], 
    [
      -7.671890615288842e-10, 
      4957154.865532679, 
      1211293.7935850986, 
      -1260269.5266165799, 
      43461.84109291699, 
      6223217.101996174, 
      4307326.967401244, 
      6816782461.035944
    ]
  ], 
  "parameters": [
    "nu_nubar_ratio", 
    "theta13", 
    "theta23", 
    "nue_numu_ratio", 
    "hierarchy", 
    "aeff_scale", 
    "energy_scale", 
    "deltam31"
  ], 
  "priors": [
    0.1, 
    0.003490658503988659, 
    null, 
    0.03, 
    null, 
    null, 
    0.1, 
    5e-05
  ]
}