{
  "best_fits": [
    1.0, 
    0.14835298641951802, 
    0.70879820243452984, 
    1.0, 
    1.0, 
    1.0, 
    1.0, 
    0.0024941304906895721
  ], 
  "labels": [
    "nu_nubar_ratio", 
    "theta13", 
    "theta23", 
    "nue_numu_ratio", 
    "hierarchy", 
    "aeff_scale", 
    "energy_scale", 
    "deltam31"
  ], 
  "matrix": [
    [
      6.0951281285476425e-25, 
      -1.347792637927706e-12, 
      9.681569303393825e-12, 
      -6.321949524753193e-12, 
      -2.2767416173995142e-14, 
      -6.289894511114203e-11, 
      1.3641274769266289e-10, 
      -5.876217567409639e-10
    ], 
    [
      -1.347792637927706e-12, 
      12292.962869583269, 
      1827.2615058784854, 
      1858.0088833984373, 
      225.59777957035521, 
      18475.068041197585, 
      -28022.971852775714, 
      -6391835.074513742
    ], 
    [
      9.681569303393825e-12, 
      1827.2615058784854, 
      69454.21895763706, 
      -2076.71188111406, 
      2.523364347918971, 
      -150221.96745547763, 
      310227.56508389267, 
      1452643.033972878
    ], 
    [
      -6.321949524753193e-12, 
      1858.0088833984373, 
      -2076.71188111406, 
      17469.30218892892, 
      -202.29840155100098, 
      70161.8728644754, 
      -155038.12047026158, 
      2022705.3471018593
    ], 
    [
      -2.2767416173995142e-14, 
      225.59777957035521, 
      2.523364347918971, 
      -202.29840155100098, 
      23.135404440355593, 
      -555.9193982497699, 
      836.6563121107226, 
      -16288.513402424152
    ], 
    [
      -6.289894511114203e-11, 
      18475.068041197585, 
      -150221.96745547763, 
      70161.8728644754, 
      -555.9193982497699, 
      728813.2133952699, 
      -1530161.1946974408, 
      -1467554.220041981
    ], 
    [
      1.3641274769266289e-10, 
      -28022.971852775714, 
      310227.56508389267, 
      -155038.12047026158, 
      836.6563121107226, 
      -1530161.1946974408, 
      3299641.0563448584, 
      -15717989.138288574
    ], 
    [
      -5.876217567409639e-10, 
      -6391835.074513742, 
      1452643.033972878, 
      2022705.3471018593, 
      -16288.513402424152, 
      -1467554.220041981, 
      -15717989.138288574, 
      6669767188.51759
    ]
  ], 
  "parameters": [
    "nu_nubar_ratio", 
    "theta13", 
    "theta23", 
    "nue_numu_ratio", 
    "hierarchy", 
    "aeff_scale", 
    "energy_scale", 
    "deltam31"
  ], 
  "priors": [
    0.1, 
    0.003490658503988659, 
    null, 
    0.03, 
    null, 
    null, 
    0.1, 
    5e-05
  ]
}