{
  "best_fits": [
    1.0, 
    0.14835298641951802, 
    0.8639379797371931, 
    1.0, 
    1.0, 
    1.0, 
    -0.00237
  ], 
  "labels": [
    "nu_nubar_ratio", 
    "theta13", 
    "theta23", 
    "nue_numu_ratio", 
    "aeff_scale", 
    "energy_scale", 
    "deltam31"
  ], 
  "matrix": [
    [
      5.959188413951803e-25, 
      -3.453987888491974e-12, 
      -2.0577552651502447e-11, 
      -9.719909714202839e-12, 
      -7.254271150906597e-11, 
      1.4638919443034522e-10, 
      -8.840295351623439e-10
    ], 
    [
      -3.453987888491974e-12, 
      8408.710937641077, 
      5160.692989552386, 
      6692.09101308849, 
      31247.32254297227, 
      -57680.91392272972, 
      4364652.389653799
    ], 
    [
      -2.0577552651502447e-11, 
      5160.692989552386, 
      69763.57079900263, 
      14659.69685172617, 
      195000.36730192805, 
      -408249.9212259436, 
      1313800.0516069
    ], 
    [
      -9.719909714202839e-12, 
      6692.09101308849, 
      14659.69685172617, 
      20513.089894601966, 
      79784.40340442042, 
      -176368.9212465866, 
      -2055942.5844227432
    ], 
    [
      -7.254271150906597e-11, 
      31247.32254297227, 
      195000.36730192805, 
      79784.40340442042, 
      729369.1327935208, 
      -1531873.8710085142, 
      2551129.7461002627
    ], 
    [
      1.4638919443034522e-10, 
      -57680.91392272972, 
      -408249.9212259436, 
      -176368.9212465866, 
      -1531873.8710085142, 
      3306380.2998772347, 
      13926541.968406487
    ], 
    [
      -8.840295351623439e-10, 
      4364652.389653799, 
      1313800.0516069, 
      -2055942.5844227432, 
      2551129.7461002627, 
      13926541.968406487, 
      6951318563.400953
    ]
  ], 
  "parameters": [
    "nu_nubar_ratio", 
    "theta13", 
    "theta23", 
    "nue_numu_ratio", 
    "aeff_scale", 
    "energy_scale", 
    "deltam31"
  ], 
  "priors": [
    0.1, 
    0.003490658503988659, 
    null, 
    0.03, 
    null, 
    0.1, 
    5e-05
  ]
}