{
  "best_fits": [
    1.0, 
    0.14835298641951802, 
    0.7382742735936013, 
    1.0, 
    1.0, 
    1.0, 
    1.0, 
    0.00246
  ], 
  "labels": [
    "nu_nubar_ratio", 
    "theta13", 
    "theta23", 
    "nue_numu_ratio", 
    "hierarchy", 
    "aeff_scale", 
    "energy_scale", 
    "deltam31"
  ], 
  "matrix": [
    [
      1.8263608178087616e-25, 
      -1.872264907753076e-13, 
      9.763702037423765e-13, 
      -1.3133749482726693e-12, 
      7.510759746712634e-14, 
      -9.553002908009866e-12, 
      2.1998484939428093e-11, 
      -5.24285333710052e-10
    ], 
    [
      -1.872264907753076e-13, 
      4216.103464011924, 
      991.3524239509085, 
      1026.7640467149076, 
      154.05444051225555, 
      7556.854797483723, 
      -12548.293843022155, 
      -1993215.3702695854
    ], 
    [
      9.763702037423765e-13, 
      991.3524239509085, 
      9335.226415934532, 
      271.85094415882384, 
      327.40927910179755, 
      -25256.877670237496, 
      51804.090294019705, 
      353136.3068850896
    ], 
    [
      -1.3133749482726693e-12, 
      1026.7640467149076, 
      271.85094415882384, 
      5302.025099280471, 
      -90.94140228482298, 
      21509.969161386958, 
      -47540.10131485941, 
      631473.275497471
    ], 
    [
      7.510759746712634e-14, 
      154.05444051225555, 
      327.40927910179755, 
      -90.94140228482298, 
      21.763606087793647, 
      -1204.1541834011105, 
      2590.40409203391, 
      -64892.96704985359
    ], 
    [
      -9.553002908009866e-12, 
      7556.854797483723, 
      -25256.877670237496, 
      21509.969161386958, 
      -1204.1541834011105, 
      217606.5856546548, 
      -456768.8824877342, 
      -574019.7147773441
    ], 
    [
      2.1998484939428093e-11, 
      -12548.293843022155, 
      51804.090294019705, 
      -47540.10131485941, 
      2590.40409203391, 
      -456768.8824877342, 
      985969.0623922672, 
      -4836985.937672289
    ], 
    [
      -5.24285333710052e-10, 
      -1993215.3702695854, 
      353136.3068850896, 
      631473.275497471, 
      -64892.96704985359, 
      -574019.7147773441, 
      -4836985.937672289, 
      2163584860.0449305
    ]
  ], 
  "parameters": [
    "nu_nubar_ratio", 
    "theta13", 
    "theta23", 
    "nue_numu_ratio", 
    "hierarchy", 
    "aeff_scale", 
    "energy_scale", 
    "deltam31"
  ], 
  "priors": [
    0.1, 
    0.003490658503988659, 
    null, 
    0.03, 
    null, 
    null, 
    0.1, 
    5e-05
  ]
}