{
  "best_fits": [
    1.0, 
    0.14835298641951802, 
    0.8639379797371931, 
    1.0, 
    1.0, 
    1.0, 
    -0.00237
  ], 
  "labels": [
    "nu_nubar_ratio", 
    "theta13", 
    "theta23", 
    "nue_numu_ratio", 
    "aeff_scale", 
    "energy_scale", 
    "deltam31"
  ], 
  "matrix": [
    [
      4.1708082235602654e-26, 
      5.6195298236264924e-14, 
      -1.394951315347971e-12, 
      1.6941132352443882e-13, 
      -4.028346571612477e-12, 
      7.825995144247594e-12, 
      -2.750885767186763e-10
    ], 
    [
      5.6195298236264924e-14, 
      1293.2474169499449, 
      -679.8957166764433, 
      7.27078941796298, 
      -1103.0437011179952, 
      6123.246591981837, 
      1409188.0348802418
    ], 
    [
      -1.394951315347971e-12, 
      -679.8957166764433, 
      11375.344343090967, 
      -1565.234818323973, 
      20936.16750003346, 
      -45656.40147607843, 
      508270.5270359469
    ], 
    [
      1.6941132352443882e-13, 
      7.27078941796298, 
      -1565.234818323973, 
      832.6325095113173, 
      -4514.599875287162, 
      8943.940748740115, 
      -365231.67724657926
    ], 
    [
      -4.028346571612477e-12, 
      -1103.0437011179952, 
      20936.16750003346, 
      -4514.599875287162, 
      54496.923107897455, 
      -112026.97326138883, 
      1807662.551240747
    ], 
    [
      7.825995144247594e-12, 
      6123.246591981837, 
      -45656.40147607843, 
      8943.940748740115, 
      -112026.97326138883, 
      245436.7369656132, 
      1096215.6304602588
    ], 
    [
      -2.750885767186763e-10, 
      1409188.0348802418, 
      508270.5270359469, 
      -365231.67724657926, 
      1807662.551240747, 
      1096215.6304602588, 
      1899811198.7182953
    ]
  ], 
  "parameters": [
    "nu_nubar_ratio", 
    "theta13", 
    "theta23", 
    "nue_numu_ratio", 
    "aeff_scale", 
    "energy_scale", 
    "deltam31"
  ], 
  "priors": [
    0.1, 
    0.003490658503988659, 
    null, 
    0.03, 
    null, 
    0.1, 
    5e-05
  ]
}