{
  "best_fits": [
    1.0, 
    0.14835298641951802, 
    0.7382742735936013, 
    1.0, 
    1.0, 
    1.0, 
    0.00246
  ], 
  "labels": [
    "nu_nubar_ratio", 
    "theta13", 
    "theta23", 
    "nue_numu_ratio", 
    "aeff_scale", 
    "energy_scale", 
    "deltam31"
  ], 
  "matrix": [
    [
      1.4892818652757716e-25, 
      -3.787874827533929e-13, 
      -4.039820866000436e-13, 
      -6.944803513365747e-13, 
      -1.6958005622527336e-12, 
      5.4529443502436625e-12, 
      -2.714440071393446e-10
    ], 
    [
      -3.787874827533929e-13, 
      1428.5625365853668, 
      775.3249055664674, 
      1244.6193847522604, 
      6841.231418909435, 
      -16517.249996093615, 
      124567.45873345279
    ], 
    [
      -4.039820866000436e-13, 
      775.3249055664674, 
      1816.32881217337, 
      -995.2248233374047, 
      -8102.219957345778, 
      13903.654389940055, 
      152163.91889042317
    ], 
    [
      -6.944803513365747e-13, 
      1244.6193847522604, 
      -995.2248233374047, 
      4504.317559294403, 
      25915.78148993737, 
      -56213.36879264188, 
      257814.44639845894
    ], 
    [
      -1.6958005622527336e-12, 
      6841.231418909435, 
      -8102.219957345778, 
      25915.78148993737, 
      163500.33820821394, 
      -345485.59444672643, 
      1234175.8762072988
    ], 
    [
      5.4529443502436625e-12, 
      -16517.249996093615, 
      13903.654389940055, 
      -56213.36879264188, 
      -345485.59444672643, 
      741626.0319584907, 
      -3615011.3160953163
    ], 
    [
      -2.714440071393446e-10, 
      124567.45873345279, 
      152163.91889042317, 
      257814.44639845894, 
      1234175.8762072988, 
      -3615011.3160953163, 
      216216966.78987506
    ]
  ], 
  "parameters": [
    "nu_nubar_ratio", 
    "theta13", 
    "theta23", 
    "nue_numu_ratio", 
    "aeff_scale", 
    "energy_scale", 
    "deltam31"
  ], 
  "priors": [
    0.1, 
    0.003490658503988659, 
    null, 
    0.03, 
    null, 
    0.1, 
    5e-05
  ]
}