{
  "best_fits": [
    1.0, 
    0.14835298641951802, 
    0.8639379797371931, 
    1.0, 
    0.0, 
    1.0, 
    1.0, 
    -0.00237
  ], 
  "labels": [
    "nu_nubar_ratio", 
    "theta13", 
    "theta23", 
    "nue_numu_ratio", 
    "hierarchy", 
    "aeff_scale", 
    "energy_scale", 
    "deltam31"
  ], 
  "matrix": [
    [
      1.6390298147968124e-25, 
      1.2815420279965283e-13, 
      -1.5802988116100035e-12, 
      -1.0091894637630189e-13, 
      2.026530870565166e-14, 
      -5.442221337059453e-12, 
      1.048380379600454e-11, 
      -6.161288982174396e-12
    ], 
    [
      1.2815420279965283e-13, 
      2522.6132812923393, 
      1548.2078968657656, 
      2007.6273039265739, 
      71.91100795241037, 
      9374.19676289169, 
      -17304.27417681891, 
      1309395.7168961195
    ], 
    [
      -1.5802988116100035e-12, 
      1548.2078968657656, 
      20929.071239700766, 
      4397.909055517845, 
      -469.28669542858535, 
      58500.11019057837, 
      -122474.9763677832, 
      394140.0154820703
    ], 
    [
      -1.0091894637630189e-13, 
      2007.6273039265739, 
      4397.909055517845, 
      6153.926968380586, 
      -91.04351659105969, 
      23935.321021326097, 
      -52910.676373976035, 
      -616782.7753268252
    ], 
    [
      2.026530870565166e-14, 
      71.91100795241037, 
      -469.28669542858535, 
      -91.04351659105969, 
      21.37157963048482, 
      -1204.1541834013037, 
      2582.724299636922, 
      65428.5514015087
    ], 
    [
      -5.442221337059453e-12, 
      9374.19676289169, 
      58500.11019057837, 
      23935.321021326097, 
      -1204.1541834013037, 
      218810.73983805592, 
      -459562.1613025548, 
      765338.9238300611
    ], 
    [
      1.048380379600454e-11, 
      -17304.27417681891, 
      -122474.9763677832, 
      -52910.676373976035, 
      2582.724299636922, 
      -459562.1613025548, 
      991914.0899631709, 
      4177962.590521982
    ], 
    [
      -6.161288982174396e-12, 
      1309395.7168961195, 
      394140.0154820703, 
      -616782.7753268252, 
      65428.5514015087, 
      765338.9238300611, 
      4177962.590521982, 
      2085395569.020282
    ]
  ], 
  "parameters": [
    "nu_nubar_ratio", 
    "theta13", 
    "theta23", 
    "nue_numu_ratio", 
    "hierarchy", 
    "aeff_scale", 
    "energy_scale", 
    "deltam31"
  ], 
  "priors": [
    0.1, 
    0.003490658503988659, 
    null, 
    0.03, 
    null, 
    null, 
    0.1, 
    5e-05
  ]
}