{
  "best_fits": [
    1.0, 
    0.14835298641951802, 
    0.8639379797371931, 
    1.0, 
    1.0, 
    1.0, 
    -0.00237
  ], 
  "labels": [
    "nu_nubar_ratio", 
    "theta13", 
    "theta23", 
    "nue_numu_ratio", 
    "aeff_scale", 
    "energy_scale", 
    "deltam31"
  ], 
  "matrix": [
    [
      1.2518221386396169e-25, 
      -4.0044216590419516e-13, 
      -1.56610958910604e-12, 
      -1.015650187395839e-12, 
      -6.9915808234141975e-12, 
      1.334300183027857e-11, 
      5.1275472367660973e-11
    ], 
    [
      -4.0044216590419516e-13, 
      1229.3658643423948, 
      2228.1036135421937, 
      2000.3565145086045, 
      10477.240464009657, 
      -23427.520768800678, 
      -99792.31798412574
    ], 
    [
      -1.56610958910604e-12, 
      2228.1036135421937, 
      9553.726896609809, 
      5963.143873841825, 
      37563.94269054491, 
      -76818.57489170477, 
      -114130.51155387693
    ], 
    [
      -1.015650187395839e-12, 
      2000.3565145086045, 
      5963.143873841825, 
      5321.294458869266, 
      28449.920896613236, 
      -61854.61712271613, 
      -251551.09808024694
    ], 
    [
      -6.9915808234141975e-12, 
      10477.240464009657, 
      37563.94269054491, 
      28449.920896613236, 
      164313.8167301585, 
      -347535.188041166, 
      -1042323.6274106896
    ], 
    [
      1.334300183027857e-11, 
      -23427.520768800678, 
      -76818.57489170477, 
      -61854.61712271613, 
      -347535.188041166, 
      746477.3529975575, 
      3081746.960061746
    ], 
    [
      5.1275472367660973e-11, 
      -99792.31798412574, 
      -114130.51155387693, 
      -251551.09808024694, 
      -1042323.6274106896, 
      3081746.960061746, 
      185584370.3019905
    ]
  ], 
  "parameters": [
    "nu_nubar_ratio", 
    "theta13", 
    "theta23", 
    "nue_numu_ratio", 
    "aeff_scale", 
    "energy_scale", 
    "deltam31"
  ], 
  "priors": [
    0.1, 
    0.003490658503988659, 
    null, 
    0.03, 
    null, 
    0.1, 
    5e-05
  ]
}