{
  "best_fits": [
    1.0, 
    0.14835298641951802, 
    0.7382742735936013, 
    1.0, 
    1.0, 
    1.0, 
    1.0, 
    0.00246
  ], 
  "labels": [
    "nu_nubar_ratio", 
    "theta13", 
    "theta23", 
    "nue_numu_ratio", 
    "hierarchy", 
    "aeff_scale", 
    "energy_scale", 
    "deltam31"
  ], 
  "matrix": [
    [
      4.898548269694498e-26, 
      2.4723438744005385e-13, 
      8.214892044561665e-13, 
      3.384079352100676e-14, 
      3.0585881867894894e-14, 
      -1.6602099806380562e-12, 
      4.35124635991453e-12, 
      -2.717582049178746e-10
    ], 
    [
      2.4723438744005385e-13, 
      2787.54092742656, 
      216.02751838444306, 
      -217.85533803735177, 
      106.47405419803808, 
      715.6233785743007, 
      3968.9561530714645, 
      -2117782.8290030384
    ], 
    [
      8.214892044561665e-13, 
      216.02751838444306, 
      7518.897603761171, 
      1267.0757674962272, 
      196.68127518299517, 
      -17154.65771289171, 
      37900.43590407967, 
      200972.38799466717
    ], 
    [
      3.384079352100676e-14, 
      -217.85533803735177, 
      1267.0757674962272, 
      797.7075399860687, 
      21.864494146760126, 
      -4405.812328550422, 
      8673.267477782489, 
      373658.82909901097
    ], 
    [
      3.0585881867894894e-14, 
      106.47405419803808, 
      196.68127518299517, 
      21.864494146760126, 
      9.895512095595542, 
      -390.6756614565739, 
      1063.293463060599, 
      -65713.9104310343
    ], 
    [
      -1.6602099806380562e-12, 
      715.6233785743007, 
      -17154.65771289171, 
      -4405.812328550422, 
      -390.6756614565739, 
      54106.24744644086, 
      -111283.2880410078, 
      -1808195.5909846504
    ], 
    [
      4.35124635991453e-12, 
      3968.9561530714645, 
      37900.43590407967, 
      8673.267477782489, 
      1063.293463060599, 
      -111283.2880410078, 
      244343.03043377638, 
      -1221974.6215769544
    ], 
    [
      -2.717582049178746e-10, 
      -2117782.8290030384, 
      200972.38799466717, 
      373658.82909901097, 
      -65713.9104310343, 
      -1808195.5909846504, 
      -1221974.6215769544, 
      1947367893.2550554
    ]
  ], 
  "parameters": [
    "nu_nubar_ratio", 
    "theta13", 
    "theta23", 
    "nue_numu_ratio", 
    "hierarchy", 
    "aeff_scale", 
    "energy_scale", 
    "deltam31"
  ], 
  "priors": [
    0.1, 
    0.003490658503988659, 
    null, 
    0.03, 
    null, 
    null, 
    0.1, 
    5e-05
  ]
}