{
  "best_fits": [
    1.0, 
    0.14835298641951802, 
    0.7382742735936013, 
    1.0, 
    1.0, 
    1.0, 
    1.0, 
    0.00246
  ], 
  "labels": [
    "nu_nubar_ratio", 
    "theta13", 
    "theta23", 
    "nue_numu_ratio", 
    "hierarchy", 
    "aeff_scale", 
    "energy_scale", 
    "deltam31"
  ], 
  "matrix": [
    [
      1.336505990839312e-25, 
      -4.3446087821536146e-13, 
      1.5488099928620991e-13, 
      -1.347215741793676e-12, 
      4.4521715599231444e-14, 
      -7.89279292737181e-12, 
      1.7647238579513564e-11, 
      -2.5252712879217743e-10
    ], 
    [
      -4.3446087821536146e-13, 
      1428.5625365853643, 
      775.3249055664654, 
      1244.6193847522595, 
      47.58038631421747, 
      6841.231418909422, 
      -16517.24999609362, 
      124567.45873345304
    ], 
    [
      1.5488099928620991e-13, 
      775.3249055664654, 
      1816.3288121733615, 
      -995.2248233374033, 
      130.72800391880236, 
      -8102.2199573457865, 
      13903.654389940033, 
      152163.91889042244
    ], 
    [
      -1.347215741793676e-12, 
      1244.6193847522595, 
      -995.2248233374033, 
      4504.317559294403, 
      -112.80589643158311, 
      25915.78148993738, 
      -56213.36879264189, 
      257814.44639846002
    ], 
    [
      4.4521715599231444e-14, 
      47.58038631421747, 
      130.72800391880236, 
      -112.80589643158311, 
      11.868093992198107, 
      -813.4785219445365, 
      1527.110628973311, 
      820.9433811807033
    ], 
    [
      -7.89279292737181e-12, 
      6841.231418909422, 
      -8102.2199573457865, 
      25915.78148993738, 
      -813.4785219445365, 
      163500.33820821394, 
      -345485.5944467264, 
      1234175.8762073063
    ], 
    [
      1.7647238579513564e-11, 
      -16517.24999609362, 
      13903.654389940033, 
      -56213.36879264189, 
      1527.110628973311, 
      -345485.5944467264, 
      741626.0319584908, 
      -3615011.3160953345
    ], 
    [
      -2.5252712879217743e-10, 
      124567.45873345304, 
      152163.91889042244, 
      257814.44639846002, 
      820.9433811807033, 
      1234175.8762073063, 
      -3615011.3160953345, 
      216216966.78987512
    ]
  ], 
  "parameters": [
    "nu_nubar_ratio", 
    "theta13", 
    "theta23", 
    "nue_numu_ratio", 
    "hierarchy", 
    "aeff_scale", 
    "energy_scale", 
    "deltam31"
  ], 
  "priors": [
    0.1, 
    0.003490658503988659, 
    null, 
    0.03, 
    null, 
    null, 
    0.1, 
    5e-05
  ]
}