{
  "best_fits": [
    1.0, 
    0.14835298641951802, 
    0.8639379797371931, 
    1.0, 
    0.0, 
    1.0, 
    1.0, 
    -0.00237
  ], 
  "labels": [
    "nu_nubar_ratio", 
    "theta13", 
    "theta23", 
    "nue_numu_ratio", 
    "hierarchy", 
    "aeff_scale", 
    "energy_scale", 
    "deltam31"
  ], 
  "matrix": [
    [
      4.579541666028811e-26, 
      1.7374440746516451e-13, 
      -1.2195975968800502e-12, 
      6.679108378857987e-14, 
      2.6340336554234895e-14, 
      -3.6745798144970836e-12, 
      7.513926622273473e-12, 
      -1.0741922314385873e-10
    ], 
    [
      1.7374440746516451e-13, 
      1293.2474169499421, 
      -679.8957166764395, 
      7.270789417963745, 
      78.1535498733683, 
      -1103.043701117988, 
      6123.246591981818, 
      1409188.0348802432
    ], 
    [
      -1.2195975968800502e-12, 
      -679.8957166764395, 
      11375.344343090983, 
      -1565.234818323973, 
      -235.759970710398, 
      20936.167500033487, 
      -45656.40147607846, 
      508270.5270359459
    ], 
    [
      6.679108378857987e-14, 
      7.270789417963745, 
      -1565.234818323973, 
      832.6325095113182, 
      23.861635044513672, 
      -4514.599875287164, 
      8943.940748740117, 
      -365231.67724657943
    ], 
    [
      2.6340336554234895e-14, 
      78.1535498733683, 
      -235.759970710398, 
      23.861635044513672, 
      9.550985954134022, 
      -390.67566145661164, 
      1053.4334324897877, 
      64438.4261565963
    ], 
    [
      -3.6745798144970836e-12, 
      -1103.043701117988, 
      20936.167500033487, 
      -4514.599875287164, 
      -390.67566145661164, 
      54496.923107897455, 
      -112026.97326138885, 
      1807662.5512407448
    ], 
    [
      7.513926622273473e-12, 
      6123.246591981818, 
      -45656.40147607846, 
      8943.940748740117, 
      1053.4334324897877, 
      -112026.97326138885, 
      245436.7369656133, 
      1096215.6304602535
    ], 
    [
      -1.0741922314385873e-10, 
      1409188.0348802432, 
      508270.5270359459, 
      -365231.67724657943, 
      64438.4261565963, 
      1807662.5512407448, 
      1096215.6304602535, 
      1899811198.7182915
    ]
  ], 
  "parameters": [
    "nu_nubar_ratio", 
    "theta13", 
    "theta23", 
    "nue_numu_ratio", 
    "hierarchy", 
    "aeff_scale", 
    "energy_scale", 
    "deltam31"
  ], 
  "priors": [
    0.1, 
    0.003490658503988659, 
    null, 
    0.03, 
    null, 
    null, 
    0.1, 
    5e-05
  ]
}