{
  "best_fits": [
    1.0, 
    0.14835298641951802, 
    0.7382742735936013, 
    1.0, 
    1.0, 
    1.0, 
    0.00246
  ], 
  "labels": [
    "nu_nubar_ratio", 
    "theta13", 
    "theta23", 
    "nue_numu_ratio", 
    "aeff_scale", 
    "energy_scale", 
    "deltam31"
  ], 
  "matrix": [
    [
      1.9962649909832644e-25, 
      -1.9543605819588286e-13, 
      7.635392392787863e-13, 
      -5.190474205104729e-13, 
      -4.675099924758678e-12, 
      1.214479499036881e-11, 
      -4.4062347183864753e-10
    ], 
    [
      -1.9543605819588286e-13, 
      4216.103464011932, 
      991.3524239509056, 
      1026.7640467149083, 
      7556.854797483738, 
      -12548.293843022144, 
      -1993215.3702695917
    ], 
    [
      7.635392392787863e-13, 
      991.3524239509056, 
      9335.226415934538, 
      271.8509441588225, 
      -25256.87767023749, 
      51804.090294019734, 
      353136.3068850921
    ], 
    [
      -5.190474205104729e-13, 
      1026.7640467149083, 
      271.8509441588225, 
      5302.025099280471, 
      21509.96916138695, 
      -47540.101314859385, 
      631473.2754974696
    ], 
    [
      -4.675099924758678e-12, 
      7556.854797483738, 
      -25256.87767023749, 
      21509.96916138695, 
      217606.5856546548, 
      -456768.8824877342, 
      -574019.7147773523
    ], 
    [
      1.214479499036881e-11, 
      -12548.293843022144, 
      51804.090294019734, 
      -47540.101314859385, 
      -456768.8824877342, 
      985969.062392267, 
      -4836985.937672266
    ], 
    [
      -4.4062347183864753e-10, 
      -1993215.3702695917, 
      353136.3068850921, 
      631473.2754974696, 
      -574019.7147773523, 
      -4836985.937672266, 
      2163584860.0449295
    ]
  ], 
  "parameters": [
    "nu_nubar_ratio", 
    "theta13", 
    "theta23", 
    "nue_numu_ratio", 
    "aeff_scale", 
    "energy_scale", 
    "deltam31"
  ], 
  "priors": [
    0.1, 
    0.003490658503988659, 
    null, 
    0.03, 
    null, 
    0.1, 
    5e-05
  ]
}