{
  "best_fits": [
    1.0, 
    0.14835298641951802, 
    0.8639379797371931, 
    1.0, 
    0.0, 
    1.0, 
    1.0, 
    -0.00237
  ], 
  "labels": [
    "nu_nubar_ratio", 
    "theta13", 
    "theta23", 
    "nue_numu_ratio", 
    "hierarchy", 
    "aeff_scale", 
    "energy_scale", 
    "deltam31"
  ], 
  "matrix": [
    [
      1.1810756481939313e-25, 
      -4.559020466551167e-14, 
      -3.6070121472995323e-13, 
      -1.6771003016488176e-13, 
      -6.0750278485832366e-15, 
      -1.7676415225623698e-12, 
      2.969877173731067e-12, 
      1.0125793416168433e-10
    ], 
    [
      -4.559020466551167e-14, 
      1229.3658643423971, 
      2228.103613542205, 
      2000.3565145086102, 
      -6.242541920957929, 
      10477.240464009677, 
      -23427.52076880073, 
      -99792.31798412376
    ], 
    [
      -3.6070121472995323e-13, 
      2228.103613542205, 
      9553.726896609782, 
      5963.143873841818, 
      -233.52672471818735, 
      37563.942690544885, 
      -76818.57489170473, 
      -114130.51155387565
    ], 
    [
      -1.6771003016488176e-13, 
      2000.3565145086102, 
      5963.143873841818, 
      5321.294458869268, 
      -114.90515163557336, 
      28449.92089661326, 
      -61854.617122716154, 
      -251551.0980802458
    ], 
    [
      -6.0750278485832366e-15, 
      -6.242541920957929, 
      -233.52672471818735, 
      -114.90515163557336, 
      11.820593676350798, 
      -813.4785219446921, 
      1529.2908671471341, 
      990.1252449124031
    ], 
    [
      -1.7676415225623698e-12, 
      10477.240464009677, 
      37563.942690544885, 
      28449.92089661326, 
      -813.4785219446921, 
      164313.81673015846, 
      -347535.188041166, 
      -1042323.6274106837
    ], 
    [
      2.969877173731067e-12, 
      -23427.52076880073, 
      -76818.57489170473, 
      -61854.617122716154, 
      1529.2908671471341, 
      -347535.188041166, 
      746477.3529975576, 
      3081746.9600617285
    ], 
    [
      1.0125793416168433e-10, 
      -99792.31798412376, 
      -114130.51155387565, 
      -251551.0980802458, 
      990.1252449124031, 
      -1042323.6274106837, 
      3081746.9600617285, 
      185584370.3019905
    ]
  ], 
  "parameters": [
    "nu_nubar_ratio", 
    "theta13", 
    "theta23", 
    "nue_numu_ratio", 
    "hierarchy", 
    "aeff_scale", 
    "energy_scale", 
    "deltam31"
  ], 
  "priors": [
    0.1, 
    0.003490658503988659, 
    null, 
    0.03, 
    null, 
    null, 
    0.1, 
    5e-05
  ]
}