{
  "best_fits": [
    1.0, 
    0.14835298641951802, 
    0.7382742735936013, 
    1.0, 
    1.0, 
    1.0, 
    0.00246
  ], 
  "labels": [
    "nu_nubar_ratio", 
    "theta13", 
    "theta23", 
    "nue_numu_ratio", 
    "aeff_scale", 
    "energy_scale", 
    "deltam31"
  ], 
  "matrix": [
    [
      5.069831257074928e-26, 
      1.8335142455751003e-13, 
      1.16752132587883e-12, 
      1.7543293082610184e-13, 
      -2.9792993625059442e-12, 
      6.691850640125147e-12, 
      -1.6917946469930291e-10
    ], 
    [
      1.8335142455751003e-13, 
      2787.5409274265658, 
      216.0275183844383, 
      -217.85533803735206, 
      715.6233785743032, 
      3968.956153071471, 
      -2117782.8290030444
    ], 
    [
      1.16752132587883e-12, 
      216.0275183844383, 
      7518.897603761168, 
      1267.0757674962272, 
      -17154.657712891712, 
      37900.43590407968, 
      200972.38799466894
    ], 
    [
      1.7543293082610184e-13, 
      -217.85533803735206, 
      1267.0757674962272, 
      797.7075399860686, 
      -4405.812328550418, 
      8673.267477782492, 
      373658.8290990107
    ], 
    [
      -2.9792993625059442e-12, 
      715.6233785743032, 
      -17154.657712891712, 
      -4405.812328550418, 
      54106.24744644086, 
      -111283.28804100779, 
      -1808195.5909846511
    ], 
    [
      6.691850640125147e-12, 
      3968.956153071471, 
      37900.43590407968, 
      8673.267477782492, 
      -111283.28804100779, 
      244343.03043377632, 
      -1221974.6215769495
    ], 
    [
      -1.6917946469930291e-10, 
      -2117782.8290030444, 
      200972.38799466894, 
      373658.8290990107, 
      -1808195.5909846511, 
      -1221974.6215769495, 
      1947367893.2550545
    ]
  ], 
  "parameters": [
    "nu_nubar_ratio", 
    "theta13", 
    "theta23", 
    "nue_numu_ratio", 
    "aeff_scale", 
    "energy_scale", 
    "deltam31"
  ], 
  "priors": [
    0.1, 
    0.003490658503988659, 
    null, 
    0.03, 
    null, 
    0.1, 
    5e-05
  ]
}