{
  "best_fits": [
    1.0, 
    0.14835298641951802, 
    0.8639379797371931, 
    1.0, 
    1.0, 
    1.0, 
    -0.00237
  ], 
  "labels": [
    "nu_nubar_ratio", 
    "theta13", 
    "theta23", 
    "nue_numu_ratio", 
    "aeff_scale", 
    "energy_scale", 
    "deltam31"
  ], 
  "matrix": [
    [
      1.6689029609956433e-25, 
      -3.4424686766793026e-13, 
      -2.961060904454011e-12, 
      -8.462388638714002e-13, 
      -1.1019927395026675e-11, 
      2.1168996974526164e-11, 
      -2.2381310435101534e-10
    ], 
    [
      -3.4424686766793026e-13, 
      2522.6132812923397, 
      1548.2078968657504, 
      2007.6273039265675, 
      9374.196762891663, 
      -17304.274176818843, 
      1309395.716896116
    ], 
    [
      -2.961060904454011e-12, 
      1548.2078968657504, 
      20929.071239700774, 
      4397.909055517852, 
      58500.11019057837, 
      -122474.97636778321, 
      394140.01548207
    ], 
    [
      -8.462388638714002e-13, 
      2007.6273039265675, 
      4397.909055517852, 
      6153.926968380583, 
      23935.321021326075, 
      -52910.67637397602, 
      -616782.7753268261
    ], 
    [
      -1.1019927395026675e-11, 
      9374.196762891663, 
      58500.11019057837, 
      23935.321021326075, 
      218810.73983805595, 
      -459562.1613025548, 
      765338.9238300575
    ], 
    [
      2.1168996974526164e-11, 
      -17304.274176818843, 
      -122474.97636778321, 
      -52910.67637397602, 
      -459562.1613025548, 
      991914.0899631707, 
      4177962.590522005
    ], 
    [
      -2.2381310435101534e-10, 
      1309395.716896116, 
      394140.01548207, 
      -616782.7753268261, 
      765338.9238300575, 
      4177962.590522005, 
      2085395569.0202858
    ]
  ], 
  "parameters": [
    "nu_nubar_ratio", 
    "theta13", 
    "theta23", 
    "nue_numu_ratio", 
    "aeff_scale", 
    "energy_scale", 
    "deltam31"
  ], 
  "priors": [
    0.1, 
    0.003490658503988659, 
    null, 
    0.03, 
    null, 
    0.1, 
    5e-05
  ]
}