{
  "best_fits": [
    1.0, 
    0.14835298641951802, 
    0.7382742735936013, 
    1.0, 
    1.0, 
    1.0, 
    1.0, 
    0.00246
  ], 
  "labels": [
    "nu_nubar_ratio", 
    "theta13", 
    "theta23", 
    "nue_numu_ratio", 
    "hierarchy", 
    "aeff_scale", 
    "energy_scale", 
    "deltam31"
  ], 
  "matrix": [
    [
      14883.20650589899, 
      3381.456604586379, 
      -10104.523687829702, 
      9010.858580446285, 
      -481.8845075483344, 
      89942.4984258211, 
      -188600.22737021762, 
      -325772.6347327129
    ], 
    [
      3381.456604586379, 
      10540.258660029996, 
      2478.381059877226, 
      2566.9101167873555, 
      385.1361012806419, 
      18892.13699370981, 
      -31370.734607556104, 
      -4983038.425674041
    ], 
    [
      -10104.523687829702, 
      2478.381059877226, 
      23338.066039836398, 
      679.6273603970535, 
      818.523197754498, 
      -63142.194175593875, 
      129510.22573504917, 
      882840.7672127406
    ], 
    [
      9010.858580446285, 
      2566.9101167873555, 
      679.6273603970535, 
      13255.062748201173, 
      -227.3535057120605, 
      53774.92290346744, 
      -118850.25328714875, 
      1578683.1887436775
    ], 
    [
      -481.8845075483344, 
      385.1361012806419, 
      818.523197754498, 
      -227.3535057120605, 
      54.40901521948487, 
      -3010.3854585027934, 
      6476.0102300848, 
      -162232.41762463536
    ], 
    [
      89942.4984258211, 
      18892.13699370981, 
      -63142.194175593875, 
      53774.92290346744, 
      -3010.3854585027934, 
      544016.4641366373, 
      -1141922.2062193367, 
      -1435049.286943431
    ], 
    [
      -188600.22737021762, 
      -31370.734607556104, 
      129510.22573504917, 
      -118850.25328714875, 
      6476.0102300848, 
      -1141922.2062193367, 
      2464922.65598067, 
      -12092464.844180554
    ], 
    [
      -325772.6347327129, 
      -4983038.425674041, 
      882840.7672127406, 
      1578683.1887436775, 
      -162232.41762463536, 
      -1435049.286943431, 
      -12092464.844180554, 
      5408962150.112326
    ]
  ], 
  "parameters": [
    "nu_nubar_ratio", 
    "theta13", 
    "theta23", 
    "nue_numu_ratio", 
    "hierarchy", 
    "aeff_scale", 
    "energy_scale", 
    "deltam31"
  ], 
  "priors": [
    0.1, 
    0.003490658503988659, 
    Infinity, 
    0.03, 
    Infinity, 
    Infinity, 
    0.1, 
    Infinity
  ]
}