{
  "best_fits": [
    1.0, 
    0.14835298641951802, 
    0.7382742735936013, 
    1.0, 
    1.0, 
    1.0, 
    1.0, 
    0.00246
  ], 
  "labels": [
    "nu_nubar_ratio", 
    "theta13", 
    "theta23", 
    "nue_numu_ratio", 
    "hierarchy", 
    "aeff_scale", 
    "energy_scale", 
    "deltam31"
  ], 
  "matrix": [
    [
      11368.539212579592, 
      2933.32530708818, 
      -3298.161265087436, 
      10797.604334826892, 
      -332.3736589628045, 
      68157.61891570737, 
      -144120.3324518, 
      514681.7046902481
    ], 
    [
      2933.32530708818, 
      3571.406341463344, 
      1938.3122639160833, 
      3111.5484618807386, 
      118.95096578553901, 
      17103.07854727412, 
      -41293.12499023508, 
      311418.646833622
    ], 
    [
      -3298.161265087436, 
      1938.3122639160833, 
      4540.822030433458, 
      -2488.062058343512, 
      326.8200097970094, 
      -20255.549893364558, 
      34759.13597485025, 
      380409.7972260588
    ], 
    [
      10797.604334826892, 
      3111.5484618807386, 
      -2488.062058343512, 
      11260.793898235992, 
      -282.01474107896075, 
      64789.4537248435, 
      -140533.42198160497, 
      644536.1159961455
    ], 
    [
      -332.3736589628045, 
      118.95096578553901, 
      326.8200097970094, 
      -282.01474107896075, 
      29.670234980495717, 
      -2033.6963048613575, 
      3817.7765724333044, 
      2052.3584529515942
    ], 
    [
      68157.61891570737, 
      17103.07854727412, 
      -20255.549893364558, 
      64789.4537248435, 
      -2033.6963048613575, 
      408750.8455205351, 
      -863713.9861168176, 
      3085439.6905182265
    ], 
    [
      -144120.3324518, 
      -41293.12499023508, 
      34759.13597485025, 
      -140533.42198160497, 
      3817.7765724333044, 
      -863713.9861168176, 
      1854065.0798962282, 
      -9037528.290238257
    ], 
    [
      514681.7046902481, 
      311418.646833622, 
      380409.7972260588, 
      644536.1159961455, 
      2052.3584529515942, 
      3085439.6905182265, 
      -9037528.290238257, 
      540542416.9746869
    ]
  ], 
  "parameters": [
    "nu_nubar_ratio", 
    "theta13", 
    "theta23", 
    "nue_numu_ratio", 
    "hierarchy", 
    "aeff_scale", 
    "energy_scale", 
    "deltam31"
  ], 
  "priors": [
    0.1, 
    0.003490658503988659, 
    Infinity, 
    0.03, 
    Infinity, 
    Infinity, 
    0.1, 
    Infinity
  ]
}