{
  "best_fits": [
    1.0, 
    0.14835298641951802, 
    0.8639379797371931, 
    1.0, 
    0.0, 
    1.0, 
    1.0, 
    -0.00237
  ], 
  "labels": [
    "nu_nubar_ratio", 
    "theta13", 
    "theta23", 
    "nue_numu_ratio", 
    "hierarchy", 
    "aeff_scale", 
    "energy_scale", 
    "deltam31"
  ], 
  "matrix": [
    [
      10138.81392619777, 
      3960.850974936675, 
      14754.485614732688, 
      11143.533627923927, 
      -334.48815266800756, 
      64467.20201554767, 
      -135992.57859671072, 
      -390308.1195339769
    ], 
    [
      3960.850974936675, 
      3073.4146608559467, 
      5570.259033855678, 
      5000.891286271598, 
      -15.60635480239887, 
      26193.101160024857, 
      -58568.801922003164, 
      -249480.7949603163
    ], 
    [
      14754.485614732688, 
      5570.259033855678, 
      23884.317241524557, 
      14907.85968460453, 
      -583.8168117954705, 
      93909.85672636225, 
      -192046.43722926173, 
      -285326.2788846935
    ], 
    [
      11143.533627923927, 
      5000.891286271598, 
      14907.85968460453, 
      13303.236147173153, 
      -287.2628790889338, 
      71124.80224153298, 
      -154636.54280679018, 
      -628877.7452006154
    ], 
    [
      -334.48815266800756, 
      -15.60635480239887, 
      -583.8168117954705, 
      -287.2628790889338, 
      29.55148419087731, 
      -2033.6963048617356, 
      3823.227167867849, 
      2475.313112280947
    ], 
    [
      64467.20201554767, 
      26193.101160024857, 
      93909.85672636225, 
      71124.80224153298, 
      -2033.6963048617356, 
      410784.5418253958, 
      -868837.9701029123, 
      -2605809.0685267206
    ], 
    [
      -135992.57859671072, 
      -58568.801922003164, 
      -192046.43722926173, 
      -154636.54280679018, 
      3823.227167867849, 
      -868837.9701029123, 
      1866193.3824938943, 
      7704367.400154345
    ], 
    [
      -390308.1195339769, 
      -249480.7949603163, 
      -285326.2788846935, 
      -628877.7452006154, 
      2475.313112280947, 
      -2605809.0685267206, 
      7704367.400154345, 
      463960925.7549764
    ]
  ], 
  "parameters": [
    "nu_nubar_ratio", 
    "theta13", 
    "theta23", 
    "nue_numu_ratio", 
    "hierarchy", 
    "aeff_scale", 
    "energy_scale", 
    "deltam31"
  ], 
  "priors": [
    0.1, 
    0.003490658503988659, 
    Infinity, 
    0.03, 
    Infinity, 
    Infinity, 
    0.1, 
    Infinity
  ]
}