{
  "best_fits": [
    1.0, 
    0.14835298641951802, 
    0.8639379797371931, 
    1.0, 
    0.0, 
    1.0, 
    1.0, 
    -0.00237
  ], 
  "labels": [
    "nu_nubar_ratio", 
    "theta13", 
    "theta23", 
    "nue_numu_ratio", 
    "hierarchy", 
    "aeff_scale", 
    "energy_scale", 
    "deltam31"
  ], 
  "matrix": [
    [
      3676.1010429578246, 
      -492.6357824857467, 
      8575.107766879617, 
      -1863.0475271717253, 
      -162.40044444288338, 
      22372.926525095292, 
      -46096.84346981894, 
      703640.4181252323
    ], 
    [
      -492.6357824857467, 
      3233.1185423748766, 
      -1699.7392916912004, 
      18.176973544953007, 
      195.38387468342117, 
      -2757.6092527951846, 
      15308.11647995501, 
      3522970.0872005913
    ], 
    [
      8575.107766879617, 
      -1699.7392916912004, 
      28438.360857727414, 
      -3913.087045809926, 
      -589.399926775991, 
      52340.41875008371, 
      -114141.00369019624, 
      1270676.3175898574
    ], 
    [
      -1863.0475271717253, 
      18.176973544953007, 
      -3913.087045809926, 
      2081.581273778291, 
      59.6540876112843, 
      -11286.499688217886, 
      22359.85187185027, 
      -913079.1931164498
    ], 
    [
      -162.40044444288338, 
      195.38387468342117, 
      -589.399926775991, 
      59.6540876112843, 
      23.877464885334867, 
      -976.689153641529, 
      2633.583581224461, 
      161096.0653914896
    ], 
    [
      22372.926525095292, 
      -2757.6092527951846, 
      52340.41875008371, 
      -11286.499688217886, 
      -976.689153641529, 
      136242.3077697436, 
      -280067.4331534728, 
      4519156.378101875
    ], 
    [
      -46096.84346981894, 
      15308.11647995501, 
      -114141.00369019624, 
      22359.85187185027, 
      2633.583581224461, 
      -280067.4331534728, 
      613591.8424140346, 
      2740539.0761506264
    ], 
    [
      703640.4181252323, 
      3522970.0872005913, 
      1270676.3175898574, 
      -913079.1931164498, 
      161096.0653914896, 
      4519156.378101875, 
      2740539.0761506264, 
      4749527996.795734
    ]
  ], 
  "parameters": [
    "nu_nubar_ratio", 
    "theta13", 
    "theta23", 
    "nue_numu_ratio", 
    "hierarchy", 
    "aeff_scale", 
    "energy_scale", 
    "deltam31"
  ], 
  "priors": [
    0.1, 
    0.003490658503988659, 
    Infinity, 
    0.03, 
    Infinity, 
    Infinity, 
    0.1, 
    Infinity
  ]
}