{
  "best_fits": [
    1.0, 
    0.14835298641951802, 
    0.8639379797371931, 
    1.0, 
    0.0, 
    1.0, 
    1.0, 
    -0.00237
  ], 
  "labels": [
    "nu_nubar_ratio", 
    "theta13", 
    "theta23", 
    "nue_numu_ratio", 
    "hierarchy", 
    "aeff_scale", 
    "energy_scale", 
    "deltam31"
  ], 
  "matrix": [
    [
      13814.914969155594, 
      3468.215192450928, 
      23329.593381612307, 
      9280.486100752201, 
      -496.88859711089094, 
      86840.12854064297, 
      -182089.42206652966, 
      313332.29859125544
    ], 
    [
      3468.215192450928, 
      6306.533203230823, 
      3870.519742164478, 
      5019.068259816551, 
      179.7775198810223, 
      23435.491907229673, 
      -43260.685442048154, 
      3273489.292240275
    ], 
    [
      23329.593381612307, 
      3870.519742164478, 
      52322.67809925197, 
      10994.772638794602, 
      -1173.2167385714615, 
      146250.27547644597, 
      -306187.440919458, 
      985350.0387051639
    ], 
    [
      9280.486100752201, 
      5019.068259816551, 
      10994.772638794602, 
      15384.817420951444, 
      -227.6087914776495, 
      59838.302553315094, 
      -132276.69093493992, 
      -1541956.9383170651
    ], 
    [
      -496.88859711089094, 
      179.7775198810223, 
      -1173.2167385714615, 
      -227.6087914776495, 
      53.42894907621218, 
      -3010.3854585032645, 
      6456.81074909231, 
      163571.37850377054
    ], 
    [
      86840.12854064297, 
      23435.491907229673, 
      146250.27547644597, 
      59838.302553315094, 
      -3010.3854585032645, 
      547026.8495951394, 
      -1148905.4032563851, 
      1913347.3095751544
    ], 
    [
      -182089.42206652966, 
      -43260.685442048154, 
      -306187.440919458, 
      -132276.69093493992, 
      6456.81074909231, 
      -1148905.4032563851, 
      2479785.224907929, 
      10444906.47630497
    ], 
    [
      313332.29859125544, 
      3273489.292240275, 
      985350.0387051639, 
      -1541956.9383170651, 
      163571.37850377054, 
      1913347.3095751544, 
      10444906.47630497, 
      5213488922.550711
    ]
  ], 
  "parameters": [
    "nu_nubar_ratio", 
    "theta13", 
    "theta23", 
    "nue_numu_ratio", 
    "hierarchy", 
    "aeff_scale", 
    "energy_scale", 
    "deltam31"
  ], 
  "priors": [
    0.1, 
    0.003490658503988659, 
    Infinity, 
    0.03, 
    Infinity, 
    Infinity, 
    0.1, 
    Infinity
  ]
}