{
  "best_fits": [
    1.0, 
    0.14835298641951802, 
    0.7382742735936013, 
    1.0, 
    1.0, 
    1.0, 
    1.0, 
    0.00246
  ], 
  "labels": [
    "nu_nubar_ratio", 
    "theta13", 
    "theta23", 
    "nue_numu_ratio", 
    "hierarchy", 
    "aeff_scale", 
    "energy_scale", 
    "deltam31"
  ], 
  "matrix": [
    [
      3514.667293319398, 
      448.1312974981987, 
      -6806.362422742266, 
      -1786.7457543806072, 
      -149.5108485855299, 
      21784.879510113733, 
      -44479.89491841762, 
      -840454.339422961
    ], 
    [
      448.1312974981987, 
      6968.852318566653, 
      540.0687959611428, 
      -544.638345093383, 
      266.18513549510294, 
      1789.058446435692, 
      9922.39038267898, 
      -5294457.072507663
    ], 
    [
      -6806.362422742266, 
      540.0687959611428, 
      18797.24400940294, 
      3167.6894187405655, 
      491.70318795748864, 
      -42886.64428222932, 
      94751.08976019891, 
      502430.9699866818
    ], 
    [
      -1786.7457543806072, 
      -544.638345093383, 
      3167.6894187405655, 
      1994.2688499651804, 
      54.66123536690027, 
      -11014.53082137606, 
      21683.16869445623, 
      934147.0727475319
    ], 
    [
      -149.5108485855299, 
      266.18513549510294, 
      491.70318795748864, 
      54.66123536690027, 
      24.73878023898915, 
      -976.6891536414361, 
      2658.233657651496, 
      -164284.77607758695
    ], 
    [
      21784.879510113733, 
      1789.058446435692, 
      -42886.64428222932, 
      -11014.53082137606, 
      -976.6891536414361, 
      135265.61861610223, 
      -278208.2201025192, 
      -4520488.9774616575
    ], 
    [
      -44479.89491841762, 
      9922.39038267898, 
      94751.08976019891, 
      21683.16869445623, 
      2658.233657651496, 
      -278208.2201025192, 
      610857.5760844415, 
      -3054936.553942296
    ], 
    [
      -840454.339422961, 
      -5294457.072507663, 
      502430.9699866818, 
      934147.0727475319, 
      -164284.77607758695, 
      -4520488.9774616575, 
      -3054936.553942296, 
      4868419733.137639
    ]
  ], 
  "parameters": [
    "nu_nubar_ratio", 
    "theta13", 
    "theta23", 
    "nue_numu_ratio", 
    "hierarchy", 
    "aeff_scale", 
    "energy_scale", 
    "deltam31"
  ], 
  "priors": [
    0.1, 
    0.003490658503988659, 
    Infinity, 
    0.03, 
    Infinity, 
    Infinity, 
    0.1, 
    Infinity
  ]
}