{
  "best_fits": [
    1.0, 
    0.14835298641951802, 
    0.8639379797371931, 
    1.0, 
    1.0, 
    1.0, 
    -0.00237
  ], 
  "labels": [
    "nu_nubar_ratio", 
    "theta13", 
    "theta23", 
    "nue_numu_ratio", 
    "aeff_scale", 
    "energy_scale", 
    "deltam31"
  ], 
  "matrix": [
    [
      1.6037084567847044e-25, 
      5.798186178179045e-13, 
      -4.233453332927854e-12, 
      3.8189474283379545e-13, 
      -1.3679414370342206e-11, 
      2.7888733843539058e-11, 
      -1.7341491919636107e-10
    ], 
    [
      5.798186178179045e-13, 
      4310.824723166477, 
      -2266.319055588117, 
      24.23596472648664, 
      -3676.812337059634, 
      20410.821973272166, 
      4697293.44960084
    ], 
    [
      -4.233453332927854e-12, 
      -2266.319055588117, 
      37917.814476969885, 
      -5217.449394413234, 
      69787.22500011155, 
      -152188.00492026174, 
      1694235.0901198047
    ], 
    [
      3.8189474283379545e-13, 
      24.23596472648664, 
      -5217.449394413234, 
      2775.4416983710494, 
      -15048.666250957196, 
      29813.135829133615, 
      -1217438.9241552649
    ], 
    [
      -1.3679414370342206e-11, 
      -3676.812337059634, 
      69787.22500011155, 
      -15048.666250957196, 
      181656.41035965848, 
      -373423.2442046297, 
      6025541.837469176
    ], 
    [
      2.7888733843539058e-11, 
      20410.821973272166, 
      -152188.00492026174, 
      29813.135829133615, 
      -373423.2442046297, 
      818122.4565520457, 
      3654052.1015341594
    ], 
    [
      -1.7341491919636107e-10, 
      4697293.44960084, 
      1694235.0901198047, 
      -1217438.9241552649, 
      6025541.837469176, 
      3654052.1015341594, 
      6332703995.727654
    ]
  ], 
  "parameters": [
    "nu_nubar_ratio", 
    "theta13", 
    "theta23", 
    "nue_numu_ratio", 
    "aeff_scale", 
    "energy_scale", 
    "deltam31"
  ], 
  "priors": [
    0.1, 
    0.003490658503988659, 
    null, 
    0.03, 
    null, 
    0.1, 
    5e-05
  ]
}