{
  "best_fits": [
    1.0, 
    0.14835298641951802, 
    0.7382742735936013, 
    1.0, 
    1.0, 
    1.0, 
    0.00246
  ], 
  "labels": [
    "nu_nubar_ratio", 
    "theta13", 
    "theta23", 
    "nue_numu_ratio", 
    "aeff_scale", 
    "energy_scale", 
    "deltam31"
  ], 
  "matrix": [
    [
      4.488429450256276e-25, 
      -1.6268244332772097e-12, 
      8.36225684789599e-12, 
      -1.3038947445325749e-11, 
      -9.215041005733885e-11, 
      1.8645322317151333e-10, 
      -6.103265414966596e-10
    ], 
    [
      -1.6268244332772097e-12, 
      4761.875121951097, 
      2584.4163518882133, 
      4148.731282507451, 
      22804.1047296976, 
      -55057.49998697758, 
      415224.8624448207
    ], 
    [
      8.36225684789599e-12, 
      2584.4163518882133, 
      6054.429373911209, 
      -3317.416077791322, 
      -27007.39985781926, 
      46345.51463313322, 
      507213.0629680807
    ], 
    [
      -1.3038947445325749e-11, 
      4148.731282507451, 
      -3317.416077791322, 
      15014.391864314648, 
      86385.93829979119, 
      -187377.89597547307, 
      859381.4879948621
    ], 
    [
      -9.215041005733885e-11, 
      22804.1047296976, 
      -27007.39985781926, 
      86385.93829979119, 
      545001.1273607134, 
      -1151618.6481557544, 
      4113919.5873576407
    ], 
    [
      1.8645322317151333e-10, 
      -55057.49998697758, 
      46345.51463313322, 
      -187377.89597547307, 
      -1151618.6481557544, 
      2472086.77319497, 
      -12050037.720317688
    ], 
    [
      -6.103265414966596e-10, 
      415224.8624448207, 
      507213.0629680807, 
      859381.4879948621, 
      4113919.5873576407, 
      -12050037.720317688, 
      720723222.6329168
    ]
  ], 
  "parameters": [
    "nu_nubar_ratio", 
    "theta13", 
    "theta23", 
    "nue_numu_ratio", 
    "aeff_scale", 
    "energy_scale", 
    "deltam31"
  ], 
  "priors": [
    0.1, 
    0.003490658503988659, 
    null, 
    0.03, 
    null, 
    0.1, 
    5e-05
  ]
}