{
  "best_fits": [
    1.0, 
    0.14835298641951802, 
    0.7382742735936013, 
    1.0, 
    1.0, 
    1.0, 
    0.00246
  ], 
  "labels": [
    "nu_nubar_ratio", 
    "theta13", 
    "theta23", 
    "nue_numu_ratio", 
    "aeff_scale", 
    "energy_scale", 
    "deltam31"
  ], 
  "matrix": [
    [
      1.7490233586841707e-25, 
      1.0741254752993764e-12, 
      9.281596892186835e-12, 
      5.699836810008312e-13, 
      -2.299447266367814e-11, 
      5.428284798491934e-11, 
      -1.2148792651406852e-09
    ], 
    [
      1.0741254752993764e-12, 
      9291.8030914222, 
      720.091727948322, 
      -726.1844601244687, 
      2385.411261913924, 
      13229.85384357263, 
      -7059276.096676862
    ], 
    [
      9.281596892186835e-12, 
      720.091727948322, 
      25062.992012537226, 
      4223.585891654077, 
      -57182.192376305684, 
      126334.78634693228, 
      669907.9599822141
    ], 
    [
      5.699836810008312e-13, 
      -726.1844601244687, 
      4223.585891654077, 
      2659.025133286898, 
      -14686.041095168084, 
      28910.891592608325, 
      1245529.4303300364
    ], 
    [
      -2.299447266367814e-11, 
      2385.411261913924, 
      -57182.192376305684, 
      -14686.041095168084, 
      180354.15815480304, 
      -370944.29347002576, 
      -6027318.636615531
    ], 
    [
      5.428284798491934e-11, 
      13229.85384357263, 
      126334.78634693228, 
      28910.891592608325, 
      -370944.29347002576, 
      814476.7681125875, 
      -4073248.738589793
    ], 
    [
      -1.2148792651406852e-09, 
      -7059276.096676862, 
      669907.9599822141, 
      1245529.4303300364, 
      -6027318.636615531, 
      -4073248.738589793, 
      6491226310.850191
    ]
  ], 
  "parameters": [
    "nu_nubar_ratio", 
    "theta13", 
    "theta23", 
    "nue_numu_ratio", 
    "aeff_scale", 
    "energy_scale", 
    "deltam31"
  ], 
  "priors": [
    0.1, 
    0.003490658503988659, 
    null, 
    0.03, 
    null, 
    0.1, 
    5e-05
  ]
}