{
  "best_fits": [
    1.0, 
    0.14835298641951802, 
    0.8639379797371931, 
    1.0, 
    1.0, 
    1.0, 
    -0.00237
  ], 
  "labels": [
    "nu_nubar_ratio", 
    "theta13", 
    "theta23", 
    "nue_numu_ratio", 
    "aeff_scale", 
    "energy_scale", 
    "deltam31"
  ], 
  "matrix": [
    [
      5.94206844972351e-25, 
      -2.5072967559283e-12, 
      -1.8630735903442124e-11, 
      -8.369267018597574e-12, 
      -7.097542234126297e-11, 
      1.454302282529835e-10, 
      -4.31936368452167e-10
    ], 
    [
      -2.5072967559283e-12, 
      8408.710937641024, 
      5160.692989552339, 
      6692.09101308846, 
      31247.322542972146, 
      -57680.91392272936, 
      4364652.38965377
    ], 
    [
      -1.8630735903442124e-11, 
      5160.692989552339, 
      69763.57079900263, 
      14659.696851726181, 
      195000.36730192805, 
      -408249.92122594366, 
      1313800.051606887
    ], 
    [
      -8.369267018597574e-12, 
      6692.09101308846, 
      14659.696851726181, 
      20513.08989460197, 
      79784.40340442036, 
      -176368.92124658654, 
      -2055942.5844227462
    ], 
    [
      -7.097542234126297e-11, 
      31247.322542972146, 
      195000.36730192805, 
      79784.40340442036, 
      729369.1327935208, 
      -1531873.8710085144, 
      2551129.7461002404
    ], 
    [
      1.454302282529835e-10, 
      -57680.91392272936, 
      -408249.92122594366, 
      -176368.92124658654, 
      -1531873.8710085144, 
      3306380.2998772347, 
      13926541.968406541
    ], 
    [
      -4.31936368452167e-10, 
      4364652.38965377, 
      1313800.051606887, 
      -2055942.5844227462, 
      2551129.7461002404, 
      13926541.968406541, 
      6951318563.400952
    ]
  ], 
  "parameters": [
    "nu_nubar_ratio", 
    "theta13", 
    "theta23", 
    "nue_numu_ratio", 
    "aeff_scale", 
    "energy_scale", 
    "deltam31"
  ], 
  "priors": [
    0.1, 
    0.003490658503988659, 
    null, 
    0.03, 
    null, 
    0.1, 
    5e-05
  ]
}