{
  "best_fits": [
    1.0, 
    0.14835298641951802, 
    0.8639379797371931, 
    1.0, 
    0.0, 
    1.0, 
    1.0, 
    -0.00237
  ], 
  "labels": [
    "nu_nubar_ratio", 
    "theta13", 
    "theta23", 
    "nue_numu_ratio", 
    "hierarchy", 
    "aeff_scale", 
    "energy_scale", 
    "deltam31"
  ], 
  "matrix": [
    [
      4.389472628164526e-25, 
      -2.150448726634295e-12, 
      -1.2399925970971389e-11, 
      -6.6150675176209905e-12, 
      4.0066199489988937e-13, 
      -4.7103136950690716e-11, 
      9.459909252046e-11, 
      -3.0519532935852663e-10
    ], 
    [
      -2.150448726634295e-12, 
      4097.886214474619, 
      7427.012045140659, 
      6667.855048362099, 
      -20.80847306985567, 
      34924.13488003257, 
      -78091.73589600326, 
      -332641.0599470728
    ], 
    [
      -1.2399925970971389e-11, 
      7427.012045140659, 
      31845.756322032765, 
      19877.146246139393, 
      -778.4224157272923, 
      125213.14230181662, 
      -256061.91630568175, 
      -380435.0385129182
    ], 
    [
      -6.6150675176209905e-12, 
      6667.855048362099, 
      19877.146246139393, 
      17737.648196230904, 
      -383.01717211857897, 
      94833.06965537756, 
      -206182.05707572016, 
      -838503.660267483
    ], 
    [
      4.0066199489988937e-13, 
      -20.80847306985567, 
      -778.4224157272923, 
      -383.01717211857897, 
      39.40197892116987, 
      -2711.595073148982, 
      5097.636223823807, 
      3300.4174830408733
    ], 
    [
      -4.7103136950690716e-11, 
      34924.13488003257, 
      125213.14230181662, 
      94833.06965537756, 
      -2711.595073148982, 
      547712.7224338623, 
      -1158450.626803885, 
      -3474412.09136894
    ], 
    [
      9.459909252046e-11, 
      -78091.73589600326, 
      -256061.91630568175, 
      -206182.05707572016, 
      5097.636223823807, 
      -1158450.626803885, 
      2488257.8433251884, 
      10272489.866872398
    ], 
    [
      -3.0519532935852663e-10, 
      -332641.0599470728, 
      -380435.0385129182, 
      -838503.660267483, 
      3300.4174830408733, 
      -3474412.09136894, 
      10272489.866872398, 
      618614567.6732985
    ]
  ], 
  "parameters": [
    "nu_nubar_ratio", 
    "theta13", 
    "theta23", 
    "nue_numu_ratio", 
    "hierarchy", 
    "aeff_scale", 
    "energy_scale", 
    "deltam31"
  ], 
  "priors": [
    0.1, 
    0.003490658503988659, 
    null, 
    0.03, 
    null, 
    null, 
    0.1, 
    5e-05
  ]
}