{
  "best_fits": [
    1.0, 
    0.14835298641951802, 
    0.7382742735936013, 
    1.0, 
    1.0, 
    1.0, 
    1.0, 
    0.00246
  ], 
  "labels": [
    "nu_nubar_ratio", 
    "theta13", 
    "theta23", 
    "nue_numu_ratio", 
    "hierarchy", 
    "aeff_scale", 
    "energy_scale", 
    "deltam31"
  ], 
  "matrix": [
    [
      1.7337960300518711e-25, 
      9.552583342167596e-13, 
      8.44755384611589e-12, 
      1.1372352013233211e-12, 
      2.5334947743525923e-13, 
      -2.4758991142953883e-11, 
      5.573977470217164e-11, 
      -4.655552182125002e-10
    ], 
    [
      9.552583342167596e-13, 
      9291.803091422193, 
      720.0917279483141, 
      -726.1844601244701, 
      354.913513993469, 
      2385.4112619139432, 
      13229.853843572557, 
      -7059276.096676863
    ], 
    [
      8.44755384611589e-12, 
      720.0917279483141, 
      25062.992012537237, 
      4223.585891654081, 
      655.6042506099802, 
      -57182.19237630567, 
      126334.78634693216, 
      669907.9599822095
    ], 
    [
      1.1372352013233211e-12, 
      -726.1844601244701, 
      4223.585891654081, 
      2659.0251332868966, 
      72.88164715586721, 
      -14686.041095168084, 
      28910.89159260832, 
      1245529.4303300357
    ], 
    [
      2.5334947743525923e-13, 
      354.913513993469, 
      655.6042506099802, 
      72.88164715586721, 
      32.98504031865171, 
      -1302.2522048552312, 
      3544.311543535287, 
      -219046.36810344562
    ], 
    [
      -2.4758991142953883e-11, 
      2385.4112619139432, 
      -57182.19237630567, 
      -14686.041095168084, 
      -1302.2522048552312, 
      180354.15815480295, 
      -370944.29347002576, 
      -6027318.636615518
    ], 
    [
      5.573977470217164e-11, 
      13229.853843572557, 
      126334.78634693216, 
      28910.89159260832, 
      3544.311543535287, 
      -370944.29347002576, 
      814476.7681125875, 
      -4073248.7385898214
    ], 
    [
      -4.655552182125002e-10, 
      -7059276.096676863, 
      669907.9599822095, 
      1245529.4303300357, 
      -219046.36810344562, 
      -6027318.636615518, 
      -4073248.7385898214, 
      6491226310.850186
    ]
  ], 
  "parameters": [
    "nu_nubar_ratio", 
    "theta13", 
    "theta23", 
    "nue_numu_ratio", 
    "hierarchy", 
    "aeff_scale", 
    "energy_scale", 
    "deltam31"
  ], 
  "priors": [
    0.1, 
    0.003490658503988659, 
    null, 
    0.03, 
    null, 
    null, 
    0.1, 
    5e-05
  ]
}