{
  "best_fits": [
    1.0, 
    0.14835298641951802, 
    0.8639379797371931, 
    1.0, 
    0.0, 
    1.0, 
    1.0, 
    -0.00237
  ], 
  "labels": [
    "nu_nubar_ratio", 
    "theta13", 
    "theta23", 
    "nue_numu_ratio", 
    "hierarchy", 
    "aeff_scale", 
    "energy_scale", 
    "deltam31"
  ], 
  "matrix": [
    [
      6.0135717651138855e-25, 
      -2.9781840544784516e-12, 
      -1.490130674148584e-11, 
      -6.503248506516778e-12, 
      4.153922000557141e-13, 
      -5.7467678406136634e-11, 
      1.1182809295996388e-10, 
      -1.6483614341306824e-09
    ], 
    [
      -2.9781840544784516e-12, 
      8408.710937641148, 
      5160.692989552495, 
      6692.091013088583, 
      239.70335984137358, 
      31247.32254297281, 
      -57680.913922730804, 
      4364652.389653791
    ], 
    [
      -1.490130674148584e-11, 
      5160.692989552495, 
      69763.57079900269, 
      14659.696851726156, 
      -1564.2889847619579, 
      195000.36730192817, 
      -408249.92122594337, 
      1313800.0516068896
    ], 
    [
      -6.503248506516778e-12, 
      6692.091013088583, 
      14659.696851726156, 
      20513.089894601955, 
      -303.4783886368648, 
      79784.40340442036, 
      -176368.92124658654, 
      -2055942.5844227476
    ], 
    [
      4.153922000557141e-13, 
      239.70335984137358, 
      -1564.2889847619579, 
      -303.4783886368648, 
      71.23859876828341, 
      -4013.847278004378, 
      8609.08099878981, 
      218095.17133836276
    ], 
    [
      -5.7467678406136634e-11, 
      31247.32254297281, 
      195000.36730192817, 
      79784.40340442036, 
      -4013.847278004378, 
      729369.1327935208, 
      -1531873.8710085147, 
      2551129.7461002343
    ], 
    [
      1.1182809295996388e-10, 
      -57680.913922730804, 
      -408249.92122594337, 
      -176368.92124658654, 
      8609.08099878981, 
      -1531873.8710085147, 
      3306380.2998772343, 
      13926541.968406564
    ], 
    [
      -1.6483614341306824e-09, 
      4364652.389653791, 
      1313800.0516068896, 
      -2055942.5844227476, 
      218095.17133836276, 
      2551129.7461002343, 
      13926541.968406564, 
      6951318563.4009495
    ]
  ], 
  "parameters": [
    "nu_nubar_ratio", 
    "theta13", 
    "theta23", 
    "nue_numu_ratio", 
    "hierarchy", 
    "aeff_scale", 
    "energy_scale", 
    "deltam31"
  ], 
  "priors": [
    0.1, 
    0.003490658503988659, 
    null, 
    0.03, 
    null, 
    null, 
    0.1, 
    5e-05
  ]
}