{
  "best_fits": [
    1.0, 
    0.14835298641951802, 
    0.8639379797371931, 
    1.0, 
    0.0, 
    1.0, 
    1.0, 
    -0.00237
  ], 
  "labels": [
    "nu_nubar_ratio", 
    "theta13", 
    "theta23", 
    "nue_numu_ratio", 
    "hierarchy", 
    "aeff_scale", 
    "energy_scale", 
    "deltam31"
  ], 
  "matrix": [
    [
      1.6240991369493596e-25, 
      -8.277353278441567e-13, 
      -2.501380770514453e-12, 
      1.1181901110421196e-13, 
      1.473020515582472e-14, 
      -1.0364541455445918e-11, 
      1.722900043950389e-11, 
      -1.3431661047721557e-09
    ], 
    [
      -8.277353278441567e-13, 
      4310.824723166529, 
      -2266.3190555881633, 
      24.235964726483637, 
      260.51183291122925, 
      -3676.8123370597596, 
      20410.82197327245, 
      4697293.449600863
    ], 
    [
      -2.501380770514453e-12, 
      -2266.3190555881633, 
      37917.81447696993, 
      -5217.449394413236, 
      -785.8665690346655, 
      69787.22500011155, 
      -152188.00492026162, 
      1694235.0901198077
    ], 
    [
      1.1181901110421196e-13, 
      24.235964726483637, 
      -5217.449394413236, 
      2775.441698371052, 
      79.53878348171419, 
      -15048.666250957202, 
      29813.135829133636, 
      -1217438.9241552646
    ], 
    [
      1.473020515582472e-14, 
      260.51183291122925, 
      -785.8665690346655, 
      79.53878348171419, 
      31.836619847113543, 
      -1302.252204855396, 
      3511.444774966002, 
      214794.7538553219
    ], 
    [
      -1.0364541455445918e-11, 
      -3676.8123370597596, 
      69787.22500011155, 
      -15048.666250957202, 
      -1302.252204855396, 
      181656.41035965848, 
      -373423.2442046296, 
      6025541.8374691745
    ], 
    [
      1.722900043950389e-11, 
      20410.82197327245, 
      -152188.00492026162, 
      29813.135829133636, 
      3511.444774966002, 
      -373423.2442046296, 
      818122.4565520458, 
      3654052.1015341654
    ], 
    [
      -1.3431661047721557e-09, 
      4697293.449600863, 
      1694235.0901198077, 
      -1217438.9241552646, 
      214794.7538553219, 
      6025541.8374691745, 
      3654052.1015341654, 
      6332703995.727651
    ]
  ], 
  "parameters": [
    "nu_nubar_ratio", 
    "theta13", 
    "theta23", 
    "nue_numu_ratio", 
    "hierarchy", 
    "aeff_scale", 
    "energy_scale", 
    "deltam31"
  ], 
  "priors": [
    0.1, 
    0.003490658503988659, 
    null, 
    0.03, 
    null, 
    null, 
    0.1, 
    5e-05
  ]
}