{
  "best_fits": [
    1.0, 
    0.14835298641951802, 
    0.8639379797371931, 
    1.0, 
    1.0, 
    1.0, 
    -0.00237
  ], 
  "labels": [
    "nu_nubar_ratio", 
    "theta13", 
    "theta23", 
    "nue_numu_ratio", 
    "aeff_scale", 
    "energy_scale", 
    "deltam31"
  ], 
  "matrix": [
    [
      4.338359992938806e-25, 
      -3.0871153737462043e-12, 
      -1.439728257051427e-11, 
      -8.751161761431369e-12, 
      -5.729600797092076e-11, 
      1.1754149440944446e-10, 
      -2.585214492558059e-10
    ], 
    [
      -3.0871153737462043e-12, 
      4097.886214474547, 
      7427.0120451404555, 
      6667.855048361974, 
      34924.13488003178, 
      -78091.73589600153, 
      -332641.0599470697
    ], 
    [
      -1.439728257051427e-11, 
      7427.0120451404555, 
      31845.756322032736, 
      19877.146246139415, 
      125213.14230181652, 
      -256061.91630568192, 
      -380435.0385129178
    ], 
    [
      -8.751161761431369e-12, 
      6667.855048361974, 
      19877.146246139415, 
      17737.64819623092, 
      94833.06965537755, 
      -206182.05707572016, 
      -838503.6602674812
    ], 
    [
      -5.729600797092076e-11, 
      34924.13488003178, 
      125213.14230181652, 
      94833.06965537755, 
      547712.7224338624, 
      -1158450.6268038847, 
      -3474412.091368936
    ], 
    [
      1.1754149440944446e-10, 
      -78091.73589600153, 
      -256061.91630568192, 
      -206182.05707572016, 
      -1158450.6268038847, 
      2488257.843325189, 
      10272489.866872381
    ], 
    [
      -2.585214492558059e-10, 
      -332641.0599470697, 
      -380435.0385129178, 
      -838503.6602674812, 
      -3474412.091368936, 
      10272489.866872381, 
      618614567.6732982
    ]
  ], 
  "parameters": [
    "nu_nubar_ratio", 
    "theta13", 
    "theta23", 
    "nue_numu_ratio", 
    "aeff_scale", 
    "energy_scale", 
    "deltam31"
  ], 
  "priors": [
    0.1, 
    0.003490658503988659, 
    null, 
    0.03, 
    null, 
    0.1, 
    5e-05
  ]
}