{
  "best_fits": [
    1.0, 
    0.14835298641951802, 
    0.7382742735936013, 
    1.0, 
    1.0, 
    1.0, 
    1.0, 
    0.00246
  ], 
  "labels": [
    "nu_nubar_ratio", 
    "theta13", 
    "theta23", 
    "nue_numu_ratio", 
    "hierarchy", 
    "aeff_scale", 
    "energy_scale", 
    "deltam31"
  ], 
  "matrix": [
    [
      4.474759567663283e-25, 
      -1.4497713209799838e-12, 
      7.558970157620662e-12, 
      -1.1320686964134013e-11, 
      5.946968543274315e-13, 
      -8.0830720009384e-11, 
      1.6267170551701545e-10, 
      -5.238777423510752e-10
    ], 
    [
      -1.4497713209799838e-12, 
      4761.8751219511405, 
      2584.4163518882274, 
      4148.731282507464, 
      158.60128771406758, 
      22804.104729697607, 
      -55057.49998697766, 
      415224.8624448284
    ], 
    [
      7.558970157620662e-12, 
      2584.4163518882274, 
      6054.429373911224, 
      -3317.4160777913326, 
      435.7600130626819, 
      -27007.39985781933, 
      46345.51463313342, 
      507213.0629680787
    ], 
    [
      -1.1320686964134013e-11, 
      4148.731282507464, 
      -3317.4160777913326, 
      15014.391864314639, 
      -376.0196547719491, 
      86385.93829979115, 
      -187377.89597547293, 
      859381.4879948614
    ], 
    [
      5.946968543274315e-13, 
      158.60128771406758, 
      435.7600130626819, 
      -376.0196547719491, 
      39.56031330732809, 
      -2711.595073148483, 
      5090.368763244412, 
      2736.4779372694934
    ], 
    [
      -8.0830720009384e-11, 
      22804.104729697607, 
      -27007.39985781933, 
      86385.93829979115, 
      -2711.595073148483, 
      545001.1273607134, 
      -1151618.6481557544, 
      4113919.5873576486
    ], 
    [
      1.6267170551701545e-10, 
      -55057.49998697766, 
      46345.51463313342, 
      -187377.89597547293, 
      5090.368763244412, 
      -1151618.6481557544, 
      2472086.773194969, 
      -12050037.720317697
    ], 
    [
      -5.238777423510752e-10, 
      415224.8624448284, 
      507213.0629680787, 
      859381.4879948614, 
      2736.4779372694934, 
      4113919.5873576486, 
      -12050037.720317697, 
      720723222.6329174
    ]
  ], 
  "parameters": [
    "nu_nubar_ratio", 
    "theta13", 
    "theta23", 
    "nue_numu_ratio", 
    "hierarchy", 
    "aeff_scale", 
    "energy_scale", 
    "deltam31"
  ], 
  "priors": [
    0.1, 
    0.003490658503988659, 
    null, 
    0.03, 
    null, 
    null, 
    0.1, 
    5e-05
  ]
}