{
  "best_fits": [
    1.0, 
    0.14835298641951802, 
    0.7382742735936013, 
    1.0, 
    1.0, 
    1.0, 
    1.0, 
    0.00246
  ], 
  "labels": [
    "nu_nubar_ratio", 
    "theta13", 
    "theta23", 
    "nue_numu_ratio", 
    "hierarchy", 
    "aeff_scale", 
    "energy_scale", 
    "deltam31"
  ], 
  "matrix": [
    [
      6.208555597715154e-25, 
      -4.945129867632242e-13, 
      1.600652400373655e-11, 
      -1.0183451762810691e-11, 
      8.480463317626907e-13, 
      -1.0558971115233789e-10, 
      2.184114802191871e-10, 
      -9.894329605635754e-10
    ], 
    [
      -4.945129867632242e-13, 
      14053.678213373332, 
      3304.5080798365416, 
      3422.546822382994, 
      513.5148017075365, 
      25189.51599161155, 
      -41827.6461434051, 
      -6644051.2342320345
    ], 
    [
      1.600652400373655e-11, 
      3304.5080798365416, 
      31117.421386448463, 
      906.1698138627485, 
      1091.3642636726622, 
      -84189.592234125, 
      172680.30098006557, 
      1177121.0229502881
    ], 
    [
      -1.0183451762810691e-11, 
      3422.546822382994, 
      906.1698138627485, 
      17673.416997601536, 
      -303.1380076160819, 
      71699.89720462306, 
      -158467.0043828646, 
      2104910.918324897
    ], 
    [
      8.480463317626907e-13, 
      513.5148017075365, 
      1091.3642636726622, 
      -303.1380076160819, 
      72.5453536259798, 
      -4013.8472780037146, 
      8634.6803067797, 
      -216309.89016617613
    ], 
    [
      -1.0558971115233789e-10, 
      25189.51599161155, 
      -84189.592234125, 
      71699.89720462306, 
      -4013.8472780037146, 
      725355.2855155164, 
      -1522562.9416257802, 
      -1913399.049257869
    ], 
    [
      2.184114802191871e-10, 
      -41827.6461434051, 
      172680.30098006557, 
      -158467.0043828646, 
      8634.6803067797, 
      -1522562.9416257802, 
      3286563.5413075564, 
      -16123286.458907519
    ], 
    [
      -9.894329605635754e-10, 
      -6644051.2342320345, 
      1177121.0229502881, 
      2104910.918324897, 
      -216309.89016617613, 
      -1913399.049257869, 
      -16123286.458907519, 
      7211949533.483104
    ]
  ], 
  "parameters": [
    "nu_nubar_ratio", 
    "theta13", 
    "theta23", 
    "nue_numu_ratio", 
    "hierarchy", 
    "aeff_scale", 
    "energy_scale", 
    "deltam31"
  ], 
  "priors": [
    0.1, 
    0.003490658503988659, 
    null, 
    0.03, 
    null, 
    null, 
    0.1, 
    5e-05
  ]
}