{
  "best_fits": [
    1.0, 
    0.14835298641951802, 
    0.7382742735936013, 
    1.0, 
    1.0, 
    1.0, 
    0.00246
  ], 
  "labels": [
    "nu_nubar_ratio", 
    "theta13", 
    "theta23", 
    "nue_numu_ratio", 
    "aeff_scale", 
    "energy_scale", 
    "deltam31"
  ], 
  "matrix": [
    [
      6.237452808940446e-25, 
      -5.526989579778333e-13, 
      1.7643853740082825e-11, 
      -1.2468963764324918e-11, 
      -1.1514488272101699e-10, 
      2.407360711564327e-10, 
      -1.8252058066373449e-09
    ], 
    [
      -5.526989579778333e-13, 
      14053.678213373296, 
      3304.508079836535, 
      3422.5468223829826, 
      25189.515991611523, 
      -41827.64614340495, 
      -6644051.234232041
    ], 
    [
      1.7643853740082825e-11, 
      3304.508079836535, 
      31117.421386448434, 
      906.1698138627553, 
      -84189.59223412494, 
      172680.30098006548, 
      1177121.022950295
    ], 
    [
      -1.2468963764324918e-11, 
      3422.5468223829826, 
      906.1698138627553, 
      17673.416997601547, 
      71699.8972046231, 
      -158467.00438286475, 
      2104910.9183248985
    ], 
    [
      -1.1514488272101699e-10, 
      25189.515991611523, 
      -84189.59223412494, 
      71699.8972046231, 
      725355.2855155165, 
      -1522562.9416257802, 
      -1913399.0492578899
    ], 
    [
      2.407360711564327e-10, 
      -41827.64614340495, 
      172680.30098006548, 
      -158467.00438286475, 
      -1522562.9416257802, 
      3286563.5413075574, 
      -16123286.458907481
    ], 
    [
      -1.8252058066373449e-09, 
      -6644051.234232041, 
      1177121.022950295, 
      2104910.9183248985, 
      -1913399.0492578899, 
      -16123286.458907481, 
      7211949533.483108
    ]
  ], 
  "parameters": [
    "nu_nubar_ratio", 
    "theta13", 
    "theta23", 
    "nue_numu_ratio", 
    "aeff_scale", 
    "energy_scale", 
    "deltam31"
  ], 
  "priors": [
    0.1, 
    0.003490658503988659, 
    null, 
    0.03, 
    null, 
    0.1, 
    5e-05
  ]
}