{
  "best_fits": [
    1.0, 
    0.14835298641951802, 
    0.70915635775650809, 
    1.0, 
    1.0, 
    1.0, 
    1.0, 
    0.0024827707442621389
  ], 
  "labels": [
    "nu_nubar_ratio", 
    "theta13", 
    "theta23", 
    "nue_numu_ratio", 
    "hierarchy", 
    "aeff_scale", 
    "energy_scale", 
    "deltam31"
  ], 
  "matrix": [
    [
      4.915027285554559e-26, 
      -8.275161702248763e-14, 
      4.963230364819543e-13, 
      -6.954504905331235e-13, 
      1.53111787381579e-14, 
      -4.111924863375559e-12, 
      8.783405344738972e-12, 
      -5.977681798166206e-11
    ], 
    [
      -8.275161702248763e-14, 
      353.2579085514923, 
      242.7478832424805, 
      276.3649967806672, 
      11.795574837045137, 
      1431.7654825465966, 
      -3625.938191686032, 
      22522.068878899616
    ], 
    [
      4.963230364819543e-13, 
      242.7478832424805, 
      1571.9668350160018, 
      -854.9453354601733, 
      35.32224519490106, 
      -6531.453319035733, 
      12339.820725399426, 
      35527.971965519275
    ], 
    [
      -6.954504905331235e-13, 
      276.3649967806672, 
      -854.9453354601733, 
      1474.5323777308329, 
      -17.13147829950655, 
      8552.7541626089, 
      -18557.505100142986, 
      84402.73160107156
    ], 
    [
      1.53111787381579e-14, 
      11.795574837045137, 
      35.32224519490106, 
      -17.13147829950655, 
      1.412569462206706, 
      -123.59232907620728, 
      227.94203748596217, 
      270.9931934488341
    ], 
    [
      -4.111924863375559e-12, 
      1431.7654825465966, 
      -6531.453319035733, 
      8552.7541626089, 
      -123.59232907620728, 
      54647.67991431001, 
      -115431.61227623161, 
      415791.7709253196
    ], 
    [
      8.783405344738972e-12, 
      -3625.938191686032, 
      12339.820725399426, 
      -18557.505100142986, 
      227.94203748596217, 
      -115431.61227623161, 
      247584.30086726288, 
      -1185517.2777929688
    ], 
    [
      -5.977681798166206e-11, 
      22522.068878899616, 
      35527.971965519275, 
      84402.73160107156, 
      270.9931934488341, 
      415791.7709253196, 
      -1185517.2777929688, 
      65843892.46081286
    ]
  ], 
  "parameters": [
    "nu_nubar_ratio", 
    "theta13", 
    "theta23", 
    "nue_numu_ratio", 
    "hierarchy", 
    "aeff_scale", 
    "energy_scale", 
    "deltam31"
  ], 
  "priors": [
    0.1, 
    0.003490658503988659, 
    null, 
    0.03, 
    null, 
    null, 
    0.1, 
    5e-05
  ]
}