{
  "best_fits": [
    1.0, 
    0.14835298641951802, 
    0.8639379797371931, 
    1.0, 
    1.0, 
    1.0, 
    -0.00237
  ], 
  "labels": [
    "nu_nubar_ratio", 
    "theta13", 
    "theta23", 
    "nue_numu_ratio", 
    "aeff_scale", 
    "energy_scale", 
    "deltam31"
  ], 
  "matrix": [
    [
      4.2692782424455116e-26, 
      -8.97248218196637e-14, 
      -3.1803902643933183e-14, 
      -1.663252069139415e-13, 
      -5.572507203673824e-13, 
      1.537703863430441e-12, 
      -2.2424549835901463e-12
    ], 
    [
      -8.97248218196637e-14, 
      409.78862144746864, 
      742.7012045140772, 
      666.7855048362132, 
      3492.413488003279, 
      -7809.17358960038, 
      -33264.1059947075
    ], 
    [
      -3.1803902643933183e-14, 
      742.7012045140772, 
      3184.575632203272, 
      1987.714624613938, 
      12521.314230181652, 
      -25606.19163056821, 
      -38043.50385129241
    ], 
    [
      -1.663252069139415e-13, 
      666.7855048362132, 
      1987.714624613938, 
      1773.7648196230846, 
      9483.30696553774, 
      -20618.205707571993, 
      -83850.36602674803
    ], 
    [
      -5.572507203673824e-13, 
      3492.413488003279, 
      12521.314230181652, 
      9483.30696553774, 
      54771.2722433862, 
      -115845.06268038832, 
      -347441.20913689234
    ], 
    [
      1.537703863430441e-12, 
      -7809.17358960038, 
      -25606.19163056821, 
      -20618.205707571993, 
      -115845.06268038832, 
      248825.78433251908, 
      1027248.9866872366
    ], 
    [
      -2.2424549835901463e-12, 
      -33264.1059947075, 
      -38043.50385129241, 
      -83850.36602674803, 
      -347441.20913689234, 
      1027248.9866872366, 
      61861456.76733007
    ]
  ], 
  "parameters": [
    "nu_nubar_ratio", 
    "theta13", 
    "theta23", 
    "nue_numu_ratio", 
    "aeff_scale", 
    "energy_scale", 
    "deltam31"
  ], 
  "priors": [
    0.1, 
    0.003490658503988659, 
    null, 
    0.03, 
    null, 
    0.1, 
    5e-05
  ]
}