{
  "best_fits": [
    1.0, 
    0.14835298641951802, 
    0.7382742735936013, 
    1.0, 
    1.0, 
    1.0, 
    0.00246
  ], 
  "labels": [
    "nu_nubar_ratio", 
    "theta13", 
    "theta23", 
    "nue_numu_ratio", 
    "aeff_scale", 
    "energy_scale", 
    "deltam31"
  ], 
  "matrix": [
    [
      1.5074275602015772e-26, 
      -5.1446962152268774e-14, 
      5.69083765829069e-13, 
      2.969082228432695e-13, 
      -2.1983366908659564e-12, 
      4.269665956957483e-12, 
      1.7091283422161404e-10
    ], 
    [
      -5.1446962152268774e-14, 
      929.1803091422214, 
      72.00917279482141, 
      -72.61844601245274, 
      238.5411261914217, 
      1322.9853843572077, 
      -705927.6096676905
    ], 
    [
      5.69083765829069e-13, 
      72.00917279482141, 
      2506.2992012537256, 
      422.35858916540997, 
      -5718.219237630581, 
      12633.478634693203, 
      66990.79599822266
    ], 
    [
      2.969082228432695e-13, 
      -72.61844601245274, 
      422.35858916540997, 
      265.9025133286903, 
      -1468.6041095168084, 
      2891.089159260831, 
      124552.94303300363
    ], 
    [
      -2.1983366908659564e-12, 
      238.5411261914217, 
      -5718.219237630581, 
      -1468.6041095168084, 
      18035.415815480326, 
      -37094.42934700261, 
      -602731.86366155
    ], 
    [
      4.269665956957483e-12, 
      1322.9853843572077, 
      12633.478634693203, 
      2891.089159260831, 
      -37094.42934700261, 
      81447.67681125889, 
      -407324.8738589851
    ], 
    [
      1.7091283422161404e-10, 
      -705927.6096676905, 
      66990.79599822266, 
      124552.94303300363, 
      -602731.86366155, 
      -407324.8738589851, 
      649122631.0850195
    ]
  ], 
  "parameters": [
    "nu_nubar_ratio", 
    "theta13", 
    "theta23", 
    "nue_numu_ratio", 
    "aeff_scale", 
    "energy_scale", 
    "deltam31"
  ], 
  "priors": [
    0.1, 
    0.003490658503988659, 
    null, 
    0.03, 
    null, 
    0.1, 
    5e-05
  ]
}