{
  "best_fits": [
    1.0, 
    0.14835298641951802, 
    0.8639379797371931, 
    1.0, 
    1.0, 
    1.0, 
    -0.00237
  ], 
  "labels": [
    "nu_nubar_ratio", 
    "theta13", 
    "theta23", 
    "nue_numu_ratio", 
    "aeff_scale", 
    "energy_scale", 
    "deltam31"
  ], 
  "matrix": [
    [
      1.6324320171264483e-26, 
      3.677964247961394e-14, 
      -6.200870255997681e-13, 
      1.5403058570075722e-13, 
      -1.6394184562928432e-12, 
      3.4662715902965095e-12, 
      -3.076729189852806e-11
    ], 
    [
      3.677964247961394e-14, 
      431.0824723166491, 
      -226.63190555880624, 
      2.4235964726501136, 
      -367.6812337059634, 
      2041.0821973272168, 
      469729.3449600834
    ], 
    [
      -6.200870255997681e-13, 
      -226.63190555880624, 
      3791.781447696991, 
      -521.7449394413234, 
      6978.722500011168, 
      -15218.800492026154, 
      169423.50901198003
    ], 
    [
      1.5403058570075722e-13, 
      2.4235964726501136, 
      -521.7449394413234, 
      277.5441698371052, 
      -1504.866625095719, 
      2981.3135829133694, 
      -121743.89241552663
    ], 
    [
      -1.6394184562928432e-12, 
      -367.6812337059634, 
      6978.722500011168, 
      -1504.866625095719, 
      18165.641035965804, 
      -37342.324420462945, 
      602554.1837469172
    ], 
    [
      3.4662715902965095e-12, 
      2041.0821973272168, 
      -15218.800492026154, 
      2981.3135829133694, 
      -37342.324420462945, 
      81812.24565520455, 
      365405.2101534142
    ], 
    [
      -3.076729189852806e-11, 
      469729.3449600834, 
      169423.50901198003, 
      -121743.89241552663, 
      602554.1837469172, 
      365405.2101534142, 
      633270399.5727662
    ]
  ], 
  "parameters": [
    "nu_nubar_ratio", 
    "theta13", 
    "theta23", 
    "nue_numu_ratio", 
    "aeff_scale", 
    "energy_scale", 
    "deltam31"
  ], 
  "priors": [
    0.1, 
    0.003490658503988659, 
    null, 
    0.03, 
    null, 
    0.1, 
    5e-05
  ]
}