{
  "best_fits": [
    1.0, 
    0.14835298641951802, 
    0.8639379797371931, 
    1.0, 
    1.0, 
    1.0, 
    -0.00237
  ], 
  "labels": [
    "nu_nubar_ratio", 
    "theta13", 
    "theta23", 
    "nue_numu_ratio", 
    "aeff_scale", 
    "energy_scale", 
    "deltam31"
  ], 
  "matrix": [
    [
      5.90171025957196e-26, 
      -5.294517934004975e-14, 
      -6.518909282437012e-13, 
      -1.2294621213184281e-14, 
      -2.1966691766602255e-12, 
      5.003975453726951e-12, 
      -3.300974688211821e-11
    ], 
    [
      -5.294517934004975e-14, 
      840.8710937641177, 
      516.0692989552709, 
      669.2091013088634, 
      3124.7322542973156, 
      -5768.091392273163, 
      436465.23896537593
    ], 
    [
      -6.518909282437012e-13, 
      516.0692989552709, 
      6976.357079900263, 
      1465.9696851726146, 
      19500.03673019282, 
      -40824.99212259436, 
      131380.0051606876
    ], 
    [
      -1.2294621213184281e-14, 
      669.2091013088634, 
      1465.9696851726146, 
      2051.30898946019, 
      7978.440340442021, 
      -17636.892124658625, 
      -205594.25844227464
    ], 
    [
      -2.1966691766602255e-12, 
      3124.7322542973156, 
      19500.03673019282, 
      7978.440340442021, 
      72936.91327935201, 
      -153187.38710085128, 
      255112.97461002483
    ], 
    [
      5.003975453726951e-12, 
      -5768.091392273163, 
      -40824.99212259436, 
      -17636.892124658625, 
      -153187.38710085128, 
      330638.0299877236, 
      1392654.1968406509
    ], 
    [
      -3.300974688211821e-11, 
      436465.23896537593, 
      131380.0051606876, 
      -205594.25844227464, 
      255112.97461002483, 
      1392654.1968406509, 
      695131856.3400962
    ]
  ], 
  "parameters": [
    "nu_nubar_ratio", 
    "theta13", 
    "theta23", 
    "nue_numu_ratio", 
    "aeff_scale", 
    "energy_scale", 
    "deltam31"
  ], 
  "priors": [
    0.1, 
    0.003490658503988659, 
    null, 
    0.03, 
    null, 
    0.1, 
    5e-05
  ]
}