{
  "best_fits": [
    1.0, 
    0.14835298641951802, 
    0.70915635775650809, 
    1.0, 
    1.0, 
    1.0, 
    1.0, 
    0.0024827707442621389
  ], 
  "labels": [
    "nu_nubar_ratio", 
    "theta13", 
    "theta23", 
    "nue_numu_ratio", 
    "hierarchy", 
    "aeff_scale", 
    "energy_scale", 
    "deltam31"
  ], 
  "matrix": [
    [
      1.4925879628471162e-26, 
      -5.703065912394153e-14, 
      7.911243228068015e-13, 
      1.7038338936343339e-13, 
      -7.949670258293768e-15, 
      -1.980038679859505e-12, 
      4.041830464203242e-12, 
      1.961924142054414e-11
    ], 
    [
      -5.703065912394153e-14, 
      872.9034102414798, 
      -64.58993204072941, 
      -89.62951387319644, 
      18.07155860211663, 
      428.4420016036264, 
      801.5341496580216, 
      -665054.1835683556
    ], 
    [
      7.911243228068015e-13, 
      -64.58993204072941, 
      5305.447866741465, 
      650.3107283555978, 
      -34.16233331048795, 
      -8402.612743242596, 
      18499.127720068645, 
      112551.94862914522
    ], 
    [
      1.7038338936343339e-13, 
      -89.62951387319644, 
      650.3107283555978, 
      273.12788420484577, 
      -5.512075712841368, 
      -1539.1048488622007, 
      3055.7525512125676, 
      118958.2233309412
    ], 
    [
      -7.949670258293768e-15, 
      18.07155860211663, 
      -34.16233331048795, 
      -5.512075712841368, 
      1.0285649480553494, 
      63.89254146172614, 
      -114.16357277244694, 
      -9591.4676211617
    ], 
    [
      -1.980038679859505e-12, 
      428.4420016036264, 
      -8402.612743242596, 
      -1539.1048488622007, 
      63.89254146172614, 
      18229.53357742754, 
      -37567.27041900093, 
      -571132.3512918565
    ], 
    [
      4.041830464203242e-12, 
      801.5341496580216, 
      18499.127720068645, 
      3055.7525512125676, 
      -114.16357277244694, 
      -37567.27041900093, 
      82336.97342693628, 
      -379452.02423541486
    ], 
    [
      1.961924142054414e-11, 
      -665054.1835683556, 
      112551.94862914522, 
      118958.2233309412, 
      -9591.4676211617, 
      -571132.3512918565, 
      -379452.02423541486, 
      607739697.800525
    ]
  ], 
  "parameters": [
    "nu_nubar_ratio", 
    "theta13", 
    "theta23", 
    "nue_numu_ratio", 
    "hierarchy", 
    "aeff_scale", 
    "energy_scale", 
    "deltam31"
  ], 
  "priors": [
    0.1, 
    0.003490658503988659, 
    null, 
    0.03, 
    null, 
    null, 
    0.1, 
    5e-05
  ]
}