{
  "best_fits": [
    1.0, 
    0.14835298641951802, 
    0.7382742735936013, 
    1.0, 
    1.0, 
    1.0, 
    0.00246
  ], 
  "labels": [
    "nu_nubar_ratio", 
    "theta13", 
    "theta23", 
    "nue_numu_ratio", 
    "aeff_scale", 
    "energy_scale", 
    "deltam31"
  ], 
  "matrix": [
    [
      5.770506077995157e-26, 
      -5.1898694801125515e-14, 
      7.131169082136463e-13, 
      -2.340205760826241e-13, 
      -5.106600331772978e-12, 
      1.0635963161304086e-11, 
      1.7901203570122047e-10
    ], 
    [
      -5.1898694801125515e-14, 
      1405.367821337336, 
      330.45080798364313, 
      342.2546822382999, 
      2518.9515991612134, 
      -4182.764614340642, 
      -664405.1234232071
    ], 
    [
      7.131169082136463e-13, 
      330.45080798364313, 
      3111.7421386448445, 
      90.61698138627776, 
      -8418.959223412492, 
      17268.030098006522, 
      117712.1022950307
    ], 
    [
      -2.340205760826241e-13, 
      342.2546822382999, 
      90.61698138627776, 
      1767.3416997601573, 
      7169.989720462315, 
      -15846.700438286458, 
      210491.0918324904
    ], 
    [
      -5.106600331772978e-12, 
      2518.9515991612134, 
      -8418.959223412492, 
      7169.989720462315, 
      72535.52855155173, 
      -152256.29416257807, 
      -191339.9049257824
    ], 
    [
      1.0635963161304086e-11, 
      -4182.764614340642, 
      17268.030098006522, 
      -15846.700438286458, 
      -152256.29416257807, 
      328656.35413075564, 
      -1612328.645890762
    ], 
    [
      1.7901203570122047e-10, 
      -664405.1234232071, 
      117712.1022950307, 
      210491.0918324904, 
      -191339.9049257824, 
      -1612328.645890762, 
      721194953.3483113
    ]
  ], 
  "parameters": [
    "nu_nubar_ratio", 
    "theta13", 
    "theta23", 
    "nue_numu_ratio", 
    "aeff_scale", 
    "energy_scale", 
    "deltam31"
  ], 
  "priors": [
    0.1, 
    0.003490658503988659, 
    null, 
    0.03, 
    null, 
    0.1, 
    5e-05
  ]
}