{
  "best_fits": [
    1.0, 
    0.14835298641951802, 
    0.83753105209026757, 
    1.0, 
    0.0, 
    1.0, 
    1.0, 
    -0.0023475941627631798
  ], 
  "labels": [
    "nu_nubar_ratio", 
    "theta13", 
    "theta23", 
    "nue_numu_ratio", 
    "hierarchy", 
    "aeff_scale", 
    "energy_scale", 
    "deltam31"
  ], 
  "matrix": [
    [
      5.266239156971402e-26, 
      -1.5417517358025484e-13, 
      -5.052552040135598e-13, 
      -3.7706481975689243e-13, 
      7.821173985663524e-15, 
      -3.0073741079238303e-12, 
      6.8891191228392535e-12, 
      5.138155330469367e-11
    ], 
    [
      -1.5417517358025484e-13, 
      759.9657198612148, 
      408.17645473023026, 
      586.3505374797642, 
      25.848666696053215, 
      2898.620184037963, 
      -5206.868579749747, 
      467097.52781976346
    ], 
    [
      -5.052552040135598e-13, 
      408.17645473023026, 
      3229.880349789055, 
      1123.2515218257786, 
      -0.06570556654511595, 
      13425.687158135783, 
      -28187.714573322017, 
      85935.78201287007
    ], 
    [
      -3.7706481975689243e-13, 
      586.3505374797642, 
      1123.2515218257786, 
      2078.766364463472, 
      8.514841885203612, 
      8059.343323086987, 
      -17822.378580887253, 
      -209625.13417896305
    ], 
    [
      7.821173985663524e-15, 
      25.848666696053215, 
      -0.06570556654511595, 
      8.514841885203612, 
      2.9164602675281004, 
      33.33252223743377, 
      -91.89396814789255, 
      9476.877023662832
    ], 
    [
      -3.0073741079238303e-12, 
      2898.620184037963, 
      13425.687158135783, 
      8059.343323086987, 
      33.33252223743377, 
      72502.19602931416, 
      -152340.97079806626, 
      264059.83330576343
    ], 
    [
      6.8891191228392535e-12, 
      -5206.868579749747, 
      -28187.714573322017, 
      -17822.378580887253, 
      -91.89396814789255, 
      -152340.97079806626, 
      329240.20350448345, 
      1474237.8445559023
    ], 
    [
      5.138155330469367e-11, 
      467097.52781976346, 
      85935.78201287007, 
      -209625.13417896305, 
      9476.877023662832, 
      264059.83330576343, 
      1474237.8445559023, 
      738914424.0136256
    ]
  ], 
  "parameters": [
    "nu_nubar_ratio", 
    "theta13", 
    "theta23", 
    "nue_numu_ratio", 
    "hierarchy", 
    "aeff_scale", 
    "energy_scale", 
    "deltam31"
  ], 
  "priors": [
    0.1, 
    0.003490658503988659, 
    null, 
    0.03, 
    null, 
    null, 
    0.1, 
    5e-05
  ]
}