{
  "best_fits": [
    1.0, 
    0.14835298641951802, 
    0.83753105209026757, 
    1.0, 
    0.0, 
    1.0, 
    1.0, 
    -0.0023475941627631798
  ], 
  "labels": [
    "nu_nubar_ratio", 
    "theta13", 
    "theta23", 
    "nue_numu_ratio", 
    "hierarchy", 
    "aeff_scale", 
    "energy_scale", 
    "deltam31"
  ], 
  "matrix": [
    [
      3.835618619423955e-26, 
      -2.4120514090403937e-13, 
      -2.3982554433259637e-13, 
      -4.906509214918816e-13, 
      3.072005696769792e-15, 
      -2.125771964204126e-12, 
      4.9585584389522975e-12, 
      7.051592866808573e-11
    ], 
    [
      -2.4120514090403937e-13, 
      337.58268245303094, 
      499.2836871173909, 
      599.621837662197, 
      14.964825563123886, 
      3106.2309703548276, 
      -6951.1972948630155, 
      -26145.11392037093
    ], 
    [
      -2.3982554433259637e-13, 
      499.2836871173909, 
      1615.0490168428767, 
      1452.729170356114, 
      -0.3581969607239537, 
      8949.353820201697, 
      -18418.138700871437, 
      -34101.368201771715
    ], 
    [
      -4.906509214918816e-13, 
      599.621837662197, 
      1452.729170356114, 
      1802.0716964360645, 
      9.268784650634078, 
      9544.768005277389, 
      -20755.43826958535, 
      -84740.19233671945
    ], 
    [
      3.072005696769792e-15, 
      14.964825563123886, 
      -0.3581969607239537, 
      9.268784650634078, 
      2.175220115561951, 
      23.590293726960684, 
      -101.39779331710517, 
      -1981.8158862747416
    ], 
    [
      -2.125771964204126e-12, 
      3106.2309703548276, 
      8949.353820201697, 
      9544.768005277389, 
      23.590293726960684, 
      54476.522442344336, 
      -115310.9298758503, 
      -351222.2941061115
    ], 
    [
      4.9585584389522975e-12, 
      -6951.1972948630155, 
      -18418.138700871437, 
      -20755.43826958535, 
      -101.39779331710517, 
      -115310.9298758503, 
      247866.4626508728, 
      1038691.5694647498
    ], 
    [
      7.051592866808573e-11, 
      -26145.11392037093, 
      -34101.368201771715, 
      -84740.19233671945, 
      -1981.8158862747416, 
      -351222.2941061115, 
      1038691.5694647498, 
      64168434.79062256
    ]
  ], 
  "parameters": [
    "nu_nubar_ratio", 
    "theta13", 
    "theta23", 
    "nue_numu_ratio", 
    "hierarchy", 
    "aeff_scale", 
    "energy_scale", 
    "deltam31"
  ], 
  "priors": [
    0.1, 
    0.003490658503988659, 
    null, 
    0.03, 
    null, 
    null, 
    0.1, 
    5e-05
  ]
}