{
  "best_fits": [
    1.0, 
    0.14835298641951802, 
    0.7382742735936013, 
    1.0, 
    1.0, 
    1.0, 
    0.00246
  ], 
  "labels": [
    "nu_nubar_ratio", 
    "theta13", 
    "theta23", 
    "nue_numu_ratio", 
    "aeff_scale", 
    "energy_scale", 
    "deltam31"
  ], 
  "matrix": [
    [
      4.2630785177935794e-26, 
      -4.517326488567386e-16, 
      1.4403314238457729e-13, 
      -5.309287989258936e-13, 
      -2.9082636409070213e-12, 
      6.3662972043466035e-12, 
      8.09920147960644e-12
    ], 
    [
      -4.517326488567386e-16, 
      476.18751219511444, 
      258.44163518882175, 
      414.87312825075264, 
      2280.4104729697915, 
      -5505.74999869785, 
      41522.486244483414
    ], 
    [
      1.4403314238457729e-13, 
      258.44163518882175, 
      605.4429373911189, 
      -331.7416077791322, 
      -2700.7399857819114, 
      4634.551463313319, 
      50721.30629680803
    ], 
    [
      -5.309287989258936e-13, 
      414.87312825075264, 
      -331.7416077791322, 
      1501.439186431467, 
      8638.593829979123, 
      -18737.78959754729, 
      85938.14879948678
    ], 
    [
      -2.9082636409070213e-12, 
      2280.4104729697915, 
      -2700.7399857819114, 
      8638.593829979123, 
      54500.1127360714, 
      -115161.86481557545, 
      411391.9587357676
    ], 
    [
      6.3662972043466035e-12, 
      -5505.74999869785, 
      4634.551463313319, 
      -18737.78959754729, 
      -115161.86481557545, 
      247208.67731949678, 
      -1205003.772031777
    ], 
    [
      8.09920147960644e-12, 
      41522.486244483414, 
      50721.30629680803, 
      85938.14879948678, 
      411391.9587357676, 
      -1205003.772031777, 
      72072322.2632918
    ]
  ], 
  "parameters": [
    "nu_nubar_ratio", 
    "theta13", 
    "theta23", 
    "nue_numu_ratio", 
    "aeff_scale", 
    "energy_scale", 
    "deltam31"
  ], 
  "priors": [
    0.1, 
    0.003490658503988659, 
    null, 
    0.03, 
    null, 
    0.1, 
    5e-05
  ]
}