{
  "best_fits": [
    1.0, 
    0.14835298641951802, 
    0.70915635775650809, 
    1.0, 
    1.0, 
    1.0, 
    1.0, 
    0.0024827707442621389
  ], 
  "labels": [
    "nu_nubar_ratio", 
    "theta13", 
    "theta23", 
    "nue_numu_ratio", 
    "hierarchy", 
    "aeff_scale", 
    "energy_scale", 
    "deltam31"
  ], 
  "matrix": [
    [
      6.407615248401675e-26, 
      -1.3978227614642915e-13, 
      1.2874473592887558e-12, 
      -5.250671011696901e-13, 
      7.361508479864131e-15, 
      -6.0919635432350636e-12, 
      1.2825235808942214e-11, 
      -4.015757656111792e-11
    ], 
    [
      -1.3978227614642915e-13, 
      1226.161318792972, 
      178.15795120175108, 
      186.73548290747073, 
      29.86713343916177, 
      1860.207484150223, 
      -2824.4040420280103, 
      -642532.1146894561
    ], 
    [
      1.2874473592887558e-12, 
      178.15795120175108, 
      6877.414701757467, 
      -204.63460710457548, 
      1.1599118844131056, 
      -14934.066062278329, 
      30838.94844546807, 
      148079.9205946645
    ], 
    [
      -5.250671011696901e-13, 
      186.73548290747073, 
      -204.63460710457548, 
      1747.6602619356786, 
      -22.64355401234792, 
      7013.6493137467, 
      -15501.752548930417, 
      203360.95493201277
    ], 
    [
      7.361508479864131e-15, 
      29.86713343916177, 
      1.1599118844131056, 
      -22.64355401234792, 
      2.4411344102620554, 
      -59.69978761448114, 
      113.77846471351523, 
      -9320.474427712867
    ], 
    [
      -6.0919635432350636e-12, 
      1860.207484150223, 
      -14934.066062278329, 
      7013.6493137467, 
      -59.69978761448114, 
      72877.21349173755, 
      -152998.88269523255, 
      -155340.58036653692
    ], 
    [
      1.2825235808942214e-11, 
      -2824.4040420280103, 
      30838.94844546807, 
      -15501.752548930417, 
      113.77846471351523, 
      -152998.88269523255, 
      329921.2742941992, 
      -1564969.3020283836
    ], 
    [
      -4.015757656111792e-11, 
      -642532.1146894561, 
      148079.9205946645, 
      203360.95493201277, 
      -9320.474427712867, 
      -155340.58036653692, 
      -1564969.3020283836, 
      673583590.2613378
    ]
  ], 
  "parameters": [
    "nu_nubar_ratio", 
    "theta13", 
    "theta23", 
    "nue_numu_ratio", 
    "hierarchy", 
    "aeff_scale", 
    "energy_scale", 
    "deltam31"
  ], 
  "priors": [
    0.1, 
    0.003490658503988659, 
    null, 
    0.03, 
    null, 
    null, 
    0.1, 
    5e-05
  ]
}