{
  "best_fits": [
    1.0, 
    0.14835298641951802, 
    0.83753105209026757, 
    1.0, 
    0.0, 
    1.0, 
    1.0, 
    -0.0023475941627631798
  ], 
  "labels": [
    "nu_nubar_ratio", 
    "theta13", 
    "theta23", 
    "nue_numu_ratio", 
    "hierarchy", 
    "aeff_scale", 
    "energy_scale", 
    "deltam31"
  ], 
  "matrix": [
    [
      1.4306205375474473e-26, 
      8.702996732378453e-14, 
      -2.6542965968096334e-13, 
      1.1358610173498919e-13, 
      4.749168288893732e-15, 
      -8.816021437197044e-13, 
      1.930560683886956e-12, 
      -1.9134375363392057e-11
    ], 
    [
      8.702996732378453e-14, 
      422.38303740818384, 
      -91.10723238716064, 
      -13.271300182432846, 
      10.88384113292933, 
      -207.61078631686453, 
      1744.3287151132681, 
      493242.6417401344
    ], 
    [
      -2.6542965968096334e-13, 
      -91.10723238716064, 
      1614.8313329461782, 
      -329.47764853033556, 
      0.29249139417883774, 
      4476.333337934086, 
      -9769.575872450578, 
      120037.15021464178
    ], 
    [
      1.1358610173498919e-13, 
      -13.271300182432846, 
      -329.47764853033556, 
      276.6946680274076, 
      -0.7539427654304651, 
      -1485.424682190402, 
      2933.059688698095, 
      -124884.9418422436
    ], 
    [
      4.749168288893732e-15, 
      10.88384113292933, 
      0.29249139417883774, 
      -0.7539427654304651, 
      0.7412401519661492, 
      9.742228510473087, 
      9.503825169212618, 
      11458.692909937574
    ], 
    [
      -8.816021437197044e-13, 
      -207.61078631686453, 
      4476.333337934086, 
      -1485.424682190402, 
      9.742228510473087, 
      18025.673586969824, 
      -37030.04092221596, 
      615282.127411875
    ], 
    [
      1.930560683886956e-12, 
      1744.3287151132681, 
      -9769.575872450578, 
      2933.059688698095, 
      9.503825169212618, 
      -37030.04092221596, 
      81373.74085361068, 
      435546.2750911524
    ], 
    [
      -1.9134375363392057e-11, 
      493242.6417401344, 
      120037.15021464178, 
      -124884.9418422436, 
      11458.692909937574, 
      615282.127411875, 
      435546.2750911524, 
      674745989.223003
    ]
  ], 
  "parameters": [
    "nu_nubar_ratio", 
    "theta13", 
    "theta23", 
    "nue_numu_ratio", 
    "hierarchy", 
    "aeff_scale", 
    "energy_scale", 
    "deltam31"
  ], 
  "priors": [
    0.1, 
    0.003490658503988659, 
    null, 
    0.03, 
    null, 
    null, 
    0.1, 
    5e-05
  ]
}