{
  "best_fits": [
    1.0, 
    0.14835298641951802, 
    0.8639379797371931, 
    1.0, 
    0.0, 
    1.0, 
    1.0, 
    -0.00237
  ], 
  "labels": [
    "nu_nubar_ratio", 
    "theta13", 
    "theta23", 
    "nue_numu_ratio", 
    "hierarchy", 
    "aeff_scale", 
    "energy_scale", 
    "deltam31"
  ], 
  "matrix": [
    [
      4055.525570479106, 
      1584.3403899746284, 
      5901.794245893076, 
      4457.413451169578, 
      -133.7952610672015, 
      25786.880806219095, 
      -54397.03143868434, 
      -156123.24781359168
    ], 
    [
      1584.3403899746284, 
      1229.3658643424017, 
      2228.1036135422114, 
      2000.3565145086109, 
      -6.242541920957199, 
      10477.24046400972, 
      -23427.520768800816, 
      -99792.3179841259
    ], 
    [
      5901.794245893076, 
      2228.1036135422114, 
      9553.726896609798, 
      5963.143873841822, 
      -233.52672471818582, 
      37563.94269054493, 
      -76818.57489170475, 
      -114130.51155387846
    ], 
    [
      4457.413451169578, 
      2000.3565145086109, 
      5963.143873841822, 
      5321.294458869267, 
      -114.90515163557164, 
      28449.92089661325, 
      -61854.617122716154, 
      -251551.0980802472
    ], 
    [
      -133.7952610672015, 
      -6.242541920957199, 
      -233.52672471818582, 
      -114.90515163557164, 
      11.820593676350745, 
      -813.478521944683, 
      1529.2908671471164, 
      990.1252449123534
    ], 
    [
      25786.880806219095, 
      10477.24046400972, 
      37563.94269054493, 
      28449.92089661325, 
      -813.478521944683, 
      164313.81673015852, 
      -347535.18804116605, 
      -1042323.6274106938
    ], 
    [
      -54397.03143868434, 
      -23427.520768800816, 
      -76818.57489170475, 
      -61854.617122716154, 
      1529.2908671471164, 
      -347535.18804116605, 
      746477.3529975577, 
      3081746.9600617513
    ], 
    [
      -156123.24781359168, 
      -99792.3179841259, 
      -114130.51155387846, 
      -251551.0980802472, 
      990.1252449123534, 
      -1042323.6274106938, 
      3081746.9600617513, 
      185584370.3019907
    ]
  ], 
  "parameters": [
    "nu_nubar_ratio", 
    "theta13", 
    "theta23", 
    "nue_numu_ratio", 
    "hierarchy", 
    "aeff_scale", 
    "energy_scale", 
    "deltam31"
  ], 
  "priors": [
    0.1, 
    0.003490658503988659, 
    Infinity, 
    0.03, 
    Infinity, 
    Infinity, 
    0.1, 
    Infinity
  ]
}