{
  "best_fits": [
    1.0, 
    0.14835298641951802, 
    0.8639379797371931, 
    1.0, 
    0.0, 
    1.0, 
    1.0, 
    -0.00237
  ], 
  "labels": [
    "nu_nubar_ratio", 
    "theta13", 
    "theta23", 
    "nue_numu_ratio", 
    "hierarchy", 
    "aeff_scale", 
    "energy_scale", 
    "deltam31"
  ], 
  "matrix": [
    [
      1470.4404171831277, 
      -197.05431299428258, 
      3430.043106751847, 
      -745.2190108686914, 
      -64.96017777715367, 
      8949.170610038114, 
      -18438.737387927507, 
      281456.16725009173
    ], 
    [
      -197.05431299428258, 
      1293.247416949933, 
      -679.8957166764312, 
      7.270789417962286, 
      78.15354987336781, 
      -1103.0437011179747, 
      6123.246591981779, 
      1409188.0348802377
    ], 
    [
      3430.043106751847, 
      -679.8957166764312, 
      11375.344343090972, 
      -1565.2348183239726, 
      -235.75997071039825, 
      20936.167500033476, 
      -45656.401476078434, 
      508270.52703594626
    ], 
    [
      -745.2190108686914, 
      7.270789417962286, 
      -1565.2348183239726, 
      832.6325095113177, 
      23.861635044514145, 
      -4514.599875287163, 
      8943.940748740119, 
      -365231.6772465792
    ], 
    [
      -64.96017777715367, 
      78.15354987336781, 
      -235.75997071039825, 
      23.861635044514145, 
      9.55098595413403, 
      -390.67566145661357, 
      1053.4334324897893, 
      64438.42615659591
    ], 
    [
      8949.170610038114, 
      -1103.0437011179747, 
      20936.167500033476, 
      -4514.599875287163, 
      -390.67566145661357, 
      54496.92310789746, 
      -112026.97326138882, 
      1807662.5512407434
    ], 
    [
      -18438.737387927507, 
      6123.246591981779, 
      -45656.401476078434, 
      8943.940748740119, 
      1053.4334324897893, 
      -112026.97326138882, 
      245436.73696561332, 
      1096215.6304602611
    ], 
    [
      281456.16725009173, 
      1409188.0348802377, 
      508270.52703594626, 
      -365231.6772465792, 
      64438.42615659591, 
      1807662.5512407434, 
      1096215.6304602611, 
      1899811198.7182915
    ]
  ], 
  "parameters": [
    "nu_nubar_ratio", 
    "theta13", 
    "theta23", 
    "nue_numu_ratio", 
    "hierarchy", 
    "aeff_scale", 
    "energy_scale", 
    "deltam31"
  ], 
  "priors": [
    0.1, 
    0.003490658503988659, 
    Infinity, 
    0.03, 
    Infinity, 
    Infinity, 
    0.1, 
    Infinity
  ]
}