{
  "best_fits": [
    1.0, 
    0.14835298641951802, 
    0.7382742735936013, 
    1.0, 
    1.0, 
    1.0, 
    1.0, 
    0.00246
  ], 
  "labels": [
    "nu_nubar_ratio", 
    "theta13", 
    "theta23", 
    "nue_numu_ratio", 
    "hierarchy", 
    "aeff_scale", 
    "energy_scale", 
    "deltam31"
  ], 
  "matrix": [
    [
      4547.415685031835, 
      1173.3301228352211, 
      -1319.264506034969, 
      4319.04173393075, 
      -132.94946358512047, 
      27263.047566282894, 
      -57648.13298071994, 
      205872.6818761015
    ], 
    [
      1173.3301228352211, 
      1428.5625365853662, 
      775.3249055664728, 
      1244.6193847522438, 
      47.580386314218025, 
      6841.231418909347, 
      -16517.249996093422, 
      124567.45873345104
    ], 
    [
      -1319.264506034969, 
      775.3249055664728, 
      1816.3288121733679, 
      -995.2248233374002, 
      130.72800391880162, 
      -8102.219957345787, 
      13903.65438994003, 
      152163.9188904229
    ], 
    [
      4319.04173393075, 
      1244.6193847522438, 
      -995.2248233374002, 
      4504.317559294403, 
      -112.80589643158326, 
      25915.781489937373, 
      -56213.3687926419, 
      257814.4463984596
    ], 
    [
      -132.94946358512047, 
      47.580386314218025, 
      130.72800391880162, 
      -112.80589643158326, 
      11.868093992198077, 
      -813.4785219445348, 
      1527.1106289733082, 
      820.9433811804859
    ], 
    [
      27263.047566282894, 
      6841.231418909347, 
      -8102.219957345787, 
      25915.781489937373, 
      -813.4785219445348, 
      163500.33820821394, 
      -345485.5944467264, 
      1234175.876207303
    ], 
    [
      -57648.13298071994, 
      -16517.249996093422, 
      13903.65438994003, 
      -56213.3687926419, 
      1527.1106289733082, 
      -345485.5944467264, 
      741626.0319584908, 
      -3615011.316095332
    ], 
    [
      205872.6818761015, 
      124567.45873345104, 
      152163.9188904229, 
      257814.4463984596, 
      820.9433811804859, 
      1234175.876207303, 
      -3615011.316095332, 
      216216966.78987533
    ]
  ], 
  "parameters": [
    "nu_nubar_ratio", 
    "theta13", 
    "theta23", 
    "nue_numu_ratio", 
    "hierarchy", 
    "aeff_scale", 
    "energy_scale", 
    "deltam31"
  ], 
  "priors": [
    0.1, 
    0.003490658503988659, 
    Infinity, 
    0.03, 
    Infinity, 
    Infinity, 
    0.1, 
    Infinity
  ]
}