{
  "best_fits": [
    1.0, 
    0.14835298641951802, 
    0.7382742735936013, 
    1.0, 
    1.0, 
    1.0, 
    1.0, 
    0.00246
  ], 
  "labels": [
    "nu_nubar_ratio", 
    "theta13", 
    "theta23", 
    "nue_numu_ratio", 
    "hierarchy", 
    "aeff_scale", 
    "energy_scale", 
    "deltam31"
  ], 
  "matrix": [
    [
      5953.282602359591, 
      1352.5826418345027, 
      -4041.8094751318786, 
      3604.3434321785076, 
      -192.75380301933268, 
      35976.999370328376, 
      -75440.09094808699, 
      -130309.05389308123
    ], 
    [
      1352.5826418345027, 
      4216.103464011929, 
      991.3524239509109, 
      1026.7640467148942, 
      154.0544405122566, 
      7556.854797483646, 
      -12548.293843021956, 
      -1993215.3702695896
    ], 
    [
      -4041.8094751318786, 
      991.3524239509109, 
      9335.226415934547, 
      271.8509441588252, 
      327.40927910179727, 
      -25256.87767023751, 
      51804.09029401969, 
      353136.30688508984
    ], 
    [
      3604.3434321785076, 
      1026.7640467148942, 
      271.8509441588252, 
      5302.025099280471, 
      -90.94140228482351, 
      21509.969161386955, 
      -47540.10131485941, 
      631473.2754974707
    ], 
    [
      -192.75380301933268, 
      154.0544405122566, 
      327.40927910179727, 
      -90.94140228482351, 
      21.763606087793608, 
      -1204.1541834011095, 
      2590.4040920339075, 
      -64892.967049854364
    ], 
    [
      35976.999370328376, 
      7556.854797483646, 
      -25256.87767023751, 
      21509.969161386955, 
      -1204.1541834011095, 
      217606.5856546548, 
      -456768.88248773414, 
      -574019.7147773481
    ], 
    [
      -75440.09094808699, 
      -12548.293843021956, 
      51804.09029401969, 
      -47540.10131485941, 
      2590.4040920339075, 
      -456768.88248773414, 
      985969.0623922672, 
      -4836985.937672278
    ], 
    [
      -130309.05389308123, 
      -1993215.3702695896, 
      353136.30688508984, 
      631473.2754974707, 
      -64892.967049854364, 
      -574019.7147773481, 
      -4836985.937672278, 
      2163584860.044929
    ]
  ], 
  "parameters": [
    "nu_nubar_ratio", 
    "theta13", 
    "theta23", 
    "nue_numu_ratio", 
    "hierarchy", 
    "aeff_scale", 
    "energy_scale", 
    "deltam31"
  ], 
  "priors": [
    0.1, 
    0.003490658503988659, 
    Infinity, 
    0.03, 
    Infinity, 
    Infinity, 
    0.1, 
    Infinity
  ]
}