{
  "best_fits": [
    1.0, 
    0.14835298641951802, 
    0.7382742735936013, 
    1.0, 
    1.0, 
    1.0, 
    1.0, 
    0.00246
  ], 
  "labels": [
    "nu_nubar_ratio", 
    "theta13", 
    "theta23", 
    "nue_numu_ratio", 
    "hierarchy", 
    "aeff_scale", 
    "energy_scale", 
    "deltam31"
  ], 
  "matrix": [
    [
      1405.8669173277558, 
      179.25251899928162, 
      -2722.54496909691, 
      -714.698301752242, 
      -59.8043394342122, 
      8713.95180404548, 
      -17791.95796736705, 
      -336181.73576918273
    ], 
    [
      179.25251899928162, 
      2787.5409274265626, 
      216.0275183844381, 
      -217.8553380373496, 
      106.47405419803857, 
      715.6233785742991, 
      3968.9561530714655, 
      -2117782.8290030407
    ], 
    [
      -2722.54496909691, 
      216.0275183844381, 
      7518.897603761178, 
      1267.0757674962254, 
      196.68127518299565, 
      -17154.657712891723, 
      37900.43590407966, 
      200972.3879946669
    ], 
    [
      -714.698301752242, 
      -217.8553380373496, 
      1267.0757674962254, 
      797.7075399860686, 
      21.86449414675975, 
      -4405.812328550419, 
      8673.267477782492, 
      373658.82909901114
    ], 
    [
      -59.8043394342122, 
      106.47405419803857, 
      196.68127518299565, 
      21.86449414675975, 
      9.895512095595532, 
      -390.6756614565747, 
      1063.2934630605996, 
      -65713.91043103485
    ], 
    [
      8713.95180404548, 
      715.6233785742991, 
      -17154.657712891723, 
      -4405.812328550419, 
      -390.6756614565747, 
      54106.24744644085, 
      -111283.28804100775, 
      -1808195.5909846511
    ], 
    [
      -17791.95796736705, 
      3968.9561530714655, 
      37900.43590407966, 
      8673.267477782492, 
      1063.2934630605996, 
      -111283.28804100775, 
      244343.0304337763, 
      -1221974.6215769462
    ], 
    [
      -336181.73576918273, 
      -2117782.8290030407, 
      200972.3879946669, 
      373658.82909901114, 
      -65713.91043103485, 
      -1808195.5909846511, 
      -1221974.6215769462, 
      1947367893.2550538
    ]
  ], 
  "parameters": [
    "nu_nubar_ratio", 
    "theta13", 
    "theta23", 
    "nue_numu_ratio", 
    "hierarchy", 
    "aeff_scale", 
    "energy_scale", 
    "deltam31"
  ], 
  "priors": [
    0.1, 
    0.003490658503988659, 
    Infinity, 
    0.03, 
    Infinity, 
    Infinity, 
    0.1, 
    Infinity
  ]
}