{
  "best_fits": [
    1.0, 
    0.14835298641951802, 
    0.8639379797371931, 
    1.0, 
    0.0, 
    1.0, 
    1.0, 
    -0.00237
  ], 
  "labels": [
    "nu_nubar_ratio", 
    "theta13", 
    "theta23", 
    "nue_numu_ratio", 
    "hierarchy", 
    "aeff_scale", 
    "energy_scale", 
    "deltam31"
  ], 
  "matrix": [
    [
      5525.965987662234, 
      1387.2860769803458, 
      9331.837352644923, 
      3712.194440300887, 
      -198.75543884435518, 
      34736.05141625721, 
      -72835.76882661185, 
      125332.91943650006
    ], 
    [
      1387.2860769803458, 
      2522.6132812923347, 
      1548.2078968657802, 
      2007.6273039265732, 
      71.91100795241061, 
      9374.196762891745, 
      -17304.27417681904, 
      1309395.7168961118
    ], 
    [
      9331.837352644923, 
      1548.2078968657802, 
      20929.07123970077, 
      4397.909055517849, 
      -469.28669542858404, 
      58500.1101905784, 
      -122474.97636778318, 
      394140.0154820678
    ], 
    [
      3712.194440300887, 
      2007.6273039265732, 
      4397.909055517849, 
      6153.926968380585, 
      -91.0435165910575, 
      23935.321021326086, 
      -52910.676373976035, 
      -616782.7753268264
    ], 
    [
      -198.75543884435518, 
      71.91100795241061, 
      -469.28669542858404, 
      -91.0435165910575, 
      21.371579630484774, 
      -1204.1541834012967, 
      2582.724299636906, 
      65428.551401508266
    ], 
    [
      34736.05141625721, 
      9374.196762891745, 
      58500.1101905784, 
      23935.321021326086, 
      -1204.1541834012967, 
      218810.73983805598, 
      -459562.1613025549, 
      765338.9238300496
    ], 
    [
      -72835.76882661185, 
      -17304.27417681904, 
      -122474.97636778318, 
      -52910.676373976035, 
      2582.724299636906, 
      -459562.1613025549, 
      991914.089963171, 
      4177962.5905220127
    ], 
    [
      125332.91943650006, 
      1309395.7168961118, 
      394140.0154820678, 
      -616782.7753268264, 
      65428.551401508266, 
      765338.9238300496, 
      4177962.5905220127, 
      2085395569.0202823
    ]
  ], 
  "parameters": [
    "nu_nubar_ratio", 
    "theta13", 
    "theta23", 
    "nue_numu_ratio", 
    "hierarchy", 
    "aeff_scale", 
    "energy_scale", 
    "deltam31"
  ], 
  "priors": [
    0.1, 
    0.003490658503988659, 
    Infinity, 
    0.03, 
    Infinity, 
    Infinity, 
    0.1, 
    Infinity
  ]
}