{
  "best_fits": [
    1.0, 
    0.14835298641951802, 
    0.7382742735936013, 
    1.0, 
    1.0, 
    1.0, 
    1.0, 
    0.00246
  ], 
  "labels": [
    "nu_nubar_ratio", 
    "theta13", 
    "theta23", 
    "nue_numu_ratio", 
    "hierarchy", 
    "aeff_scale", 
    "energy_scale", 
    "deltam31"
  ], 
  "matrix": [
    [
      4686.223057759181, 
      597.5083966642073, 
      -9075.149896989682, 
      -2382.327672507477, 
      -199.3477981140392, 
      29046.506013484894, 
      -59306.52655789013, 
      -1120605.785897277
    ], 
    [
      597.5083966642073, 
      9291.803091422229, 
      720.0917279483238, 
      -726.1844601244752, 
      354.9135139934698, 
      2385.4112619139146, 
      13229.853843572677, 
      -7059276.096676891
    ], 
    [
      -9075.149896989682, 
      720.0917279483238, 
      25062.99201253723, 
      4223.585891654079, 
      655.6042506099852, 
      -57182.19237630571, 
      126334.78634693233, 
      669907.9599822131
    ], 
    [
      -2382.327672507477, 
      -726.1844601244752, 
      4223.585891654079, 
      2659.0251332868966, 
      72.8816471558675, 
      -14686.041095168084, 
      28910.891592608317, 
      1245529.4303300346
    ], 
    [
      -199.3477981140392, 
      354.9135139934698, 
      655.6042506099852, 
      72.8816471558675, 
      32.98504031865177, 
      -1302.2522048552414, 
      3544.311543535312, 
      -219046.36810344685
    ], 
    [
      29046.506013484894, 
      2385.4112619139146, 
      -57182.19237630571, 
      -14686.041095168084, 
      -1302.2522048552414, 
      180354.15815480298, 
      -370944.2934700257, 
      -6027318.636615517
    ], 
    [
      -59306.52655789013, 
      13229.853843572677, 
      126334.78634693233, 
      28910.891592608317, 
      3544.311543535312, 
      -370944.2934700257, 
      814476.7681125876, 
      -4073248.7385898214
    ], 
    [
      -1120605.785897277, 
      -7059276.096676891, 
      669907.9599822131, 
      1245529.4303300346, 
      -219046.36810344685, 
      -6027318.636615517, 
      -4073248.7385898214, 
      6491226310.8501835
    ]
  ], 
  "parameters": [
    "nu_nubar_ratio", 
    "theta13", 
    "theta23", 
    "nue_numu_ratio", 
    "hierarchy", 
    "aeff_scale", 
    "energy_scale", 
    "deltam31"
  ], 
  "priors": [
    0.1, 
    0.003490658503988659, 
    Infinity, 
    0.03, 
    Infinity, 
    Infinity, 
    0.1, 
    Infinity
  ]
}