{
  "best_fits": [
    1.0, 
    0.14835298641951802, 
    0.8639379797371931, 
    1.0, 
    0.0, 
    1.0, 
    1.0, 
    -0.00237
  ], 
  "labels": [
    "nu_nubar_ratio", 
    "theta13", 
    "theta23", 
    "nue_numu_ratio", 
    "hierarchy", 
    "aeff_scale", 
    "energy_scale", 
    "deltam31"
  ], 
  "matrix": [
    [
      13518.418568263647, 
      5281.134633248767, 
      19672.647486310212, 
      14858.044837231919, 
      -445.9842035573381, 
      85956.26935406357, 
      -181323.43812894807, 
      -520410.8260452956
    ], 
    [
      5281.134633248767, 
      4097.8862144746, 
      7427.0120451406, 
      6667.85504836208, 
      -20.80847306985462, 
      34924.13488003237, 
      -78091.73589600282, 
      -332641.0599470718
    ], 
    [
      19672.647486310212, 
      7427.0120451406, 
      31845.756322032736, 
      19877.146246139393, 
      -778.4224157272856, 
      125213.14230181645, 
      -256061.91630568187, 
      -380435.03851291427
    ], 
    [
      14858.044837231919, 
      6667.85504836208, 
      19877.146246139393, 
      17737.64819623092, 
      -383.0171721185758, 
      94833.06965537756, 
      -206182.05707572028, 
      -838503.660267481
    ], 
    [
      -445.9842035573381, 
      -20.80847306985462, 
      -778.4224157272856, 
      -383.0171721185758, 
      39.401978921169096, 
      -2711.595073148963, 
      5097.636223823755, 
      3300.417483040235
    ], 
    [
      85956.26935406357, 
      34924.13488003237, 
      125213.14230181645, 
      94833.06965537756, 
      -2711.595073148963, 
      547712.7224338624, 
      -1158450.626803885, 
      -3474412.0913689234
    ], 
    [
      -181323.43812894807, 
      -78091.73589600282, 
      -256061.91630568187, 
      -206182.05707572028, 
      5097.636223823755, 
      -1158450.626803885, 
      2488257.843325189, 
      10272489.866872367
    ], 
    [
      -520410.8260452956, 
      -332641.0599470718, 
      -380435.03851291427, 
      -838503.660267481, 
      3300.417483040235, 
      -3474412.0913689234, 
      10272489.866872367, 
      618614567.6732996
    ]
  ], 
  "parameters": [
    "nu_nubar_ratio", 
    "theta13", 
    "theta23", 
    "nue_numu_ratio", 
    "hierarchy", 
    "aeff_scale", 
    "energy_scale", 
    "deltam31"
  ], 
  "priors": [
    0.1, 
    0.003490658503988659, 
    Infinity, 
    0.03, 
    Infinity, 
    Infinity, 
    0.1, 
    Infinity
  ]
}