{
  "best_fits": [
    1.0, 
    0.14835298641951802, 
    0.8639379797371931, 
    1.0, 
    0.0, 
    1.0, 
    1.0, 
    -0.00237
  ], 
  "labels": [
    "nu_nubar_ratio", 
    "theta13", 
    "theta23", 
    "nue_numu_ratio", 
    "hierarchy", 
    "aeff_scale", 
    "energy_scale", 
    "deltam31"
  ], 
  "matrix": [
    [
      18419.88662554075, 
      4624.28692326785, 
      31106.124508816356, 
      12373.981467669619, 
      -662.5181294811846, 
      115786.83805419058, 
      -242785.8960887066, 
      417776.3981216771
    ], 
    [
      4624.28692326785, 
      8408.71093764113, 
      5160.692989552447, 
      6692.091013088567, 
      239.70335984137395, 
      31247.32254297263, 
      -57680.913922730426, 
      4364652.3896538
    ], 
    [
      31106.124508816356, 
      5160.692989552447, 
      69763.57079900263, 
      14659.696851726158, 
      -1564.2889847619472, 
      195000.367301928, 
      -408249.9212259435, 
      1313800.0516068926
    ], 
    [
      12373.981467669619, 
      6692.091013088567, 
      14659.696851726158, 
      20513.089894601966, 
      -303.47838863686206, 
      79784.40340442036, 
      -176368.92124658666, 
      -2055942.5844227439
    ], 
    [
      -662.5181294811846, 
      239.70335984137395, 
      -1564.2889847619472, 
      -303.47838863686206, 
      71.23859876828249, 
      -4013.8472780043485, 
      8609.080998789734, 
      218095.17133836076
    ], 
    [
      115786.83805419058, 
      31247.32254297263, 
      195000.367301928, 
      79784.40340442036, 
      -4013.8472780043485, 
      729369.1327935209, 
      -1531873.8710085144, 
      2551129.746100236
    ], 
    [
      -242785.8960887066, 
      -57680.913922730426, 
      -408249.9212259435, 
      -176368.92124658666, 
      8609.080998789734, 
      -1531873.8710085144, 
      3306380.2998772347, 
      13926541.96840655
    ], 
    [
      417776.3981216771, 
      4364652.3896538, 
      1313800.0516068926, 
      -2055942.5844227439, 
      218095.17133836076, 
      2551129.746100236, 
      13926541.96840655, 
      6951318563.40095
    ]
  ], 
  "parameters": [
    "nu_nubar_ratio", 
    "theta13", 
    "theta23", 
    "nue_numu_ratio", 
    "hierarchy", 
    "aeff_scale", 
    "energy_scale", 
    "deltam31"
  ], 
  "priors": [
    0.1, 
    0.003490658503988659, 
    Infinity, 
    0.03, 
    Infinity, 
    Infinity, 
    0.1, 
    Infinity
  ]
}