{
  "best_fits": [
    1.0, 
    0.14835298641951802, 
    0.7382742735936013, 
    1.0, 
    1.0, 
    1.0, 
    1.0, 
    0.00246
  ], 
  "labels": [
    "nu_nubar_ratio", 
    "theta13", 
    "theta23", 
    "nue_numu_ratio", 
    "hierarchy", 
    "aeff_scale", 
    "energy_scale", 
    "deltam31"
  ], 
  "matrix": [
    [
      19844.275341198616, 
      4508.608806114853, 
      -13472.698250439553, 
      12014.478107261702, 
      -642.512676731113, 
      119923.33123442806, 
      -251466.96982695663, 
      -434363.51297694386
    ], 
    [
      4508.608806114853, 
      14053.67821337328, 
      3304.508079836539, 
      3422.546822382926, 
      513.5148017075379, 
      25189.515991611173, 
      -41827.64614340424, 
      -6644051.23423207
    ], 
    [
      -13472.698250439553, 
      3304.508079836539, 
      31117.421386448426, 
      906.1698138627694, 
      1091.3642636726668, 
      -84189.59223412492, 
      172680.30098006548, 
      1177121.0229502916
    ], 
    [
      12014.478107261702, 
      3422.546822382926, 
      906.1698138627694, 
      17673.416997601533, 
      -303.1380076160799, 
      71699.89720462309, 
      -158467.00438286478, 
      2104910.9183248966
    ], 
    [
      -642.512676731113, 
      513.5148017075379, 
      1091.3642636726668, 
      -303.1380076160799, 
      72.54535362598014, 
      -4013.8472780037205, 
      8634.680306779714, 
      -216309.8901661782
    ], 
    [
      119923.33123442806, 
      25189.515991611173, 
      -84189.59223412492, 
      71699.89720462309, 
      -4013.8472780037205, 
      725355.2855155165, 
      -1522562.9416257797, 
      -1913399.049257875
    ], 
    [
      -251466.96982695663, 
      -41827.64614340424, 
      172680.30098006548, 
      -158467.00438286478, 
      8634.680306779714, 
      -1522562.9416257797, 
      3286563.541307558, 
      -16123286.45890752
    ], 
    [
      -434363.51297694386, 
      -6644051.23423207, 
      1177121.0229502916, 
      2104910.9183248966, 
      -216309.8901661782, 
      -1913399.049257875, 
      -16123286.45890752, 
      7211949533.4831
    ]
  ], 
  "parameters": [
    "nu_nubar_ratio", 
    "theta13", 
    "theta23", 
    "nue_numu_ratio", 
    "hierarchy", 
    "aeff_scale", 
    "energy_scale", 
    "deltam31"
  ], 
  "priors": [
    0.1, 
    0.003490658503988659, 
    Infinity, 
    0.03, 
    Infinity, 
    Infinity, 
    0.1, 
    Infinity
  ]
}