{
  "best_fits": [
    1.0, 
    0.14835298641951802, 
    0.8639379797371931, 
    1.0, 
    0.0, 
    1.0, 
    1.0, 
    -0.00237
  ], 
  "labels": [
    "nu_nubar_ratio", 
    "theta13", 
    "theta23", 
    "nue_numu_ratio", 
    "hierarchy", 
    "aeff_scale", 
    "energy_scale", 
    "deltam31"
  ], 
  "matrix": [
    [
      4901.468057277101, 
      -656.8477099809168, 
      11433.477022506142, 
      -2484.0633695623005, 
      -216.53392592384643, 
      29830.568700127016, 
      -61462.45795975852, 
      938187.2241669727
    ], 
    [
      -656.8477099809168, 
      4310.82472316653, 
      -2266.319055588153, 
      24.23596472648635, 
      260.51183291122857, 
      -3676.8123370597373, 
      20410.8219732724, 
      4697293.449600872
    ], 
    [
      11433.477022506142, 
      -2266.319055588153, 
      37917.814476969885, 
      -5217.4493944132355, 
      -785.8665690346616, 
      69787.22500011155, 
      -152188.00492026162, 
      1694235.0901198068
    ], 
    [
      -2484.0633695623005, 
      24.23596472648635, 
      -5217.4493944132355, 
      2775.441698371049, 
      79.53878348171374, 
      -15048.666250957198, 
      29813.135829133633, 
      -1217438.924155263
    ], 
    [
      -216.53392592384643, 
      260.51183291122857, 
      -785.8665690346616, 
      79.53878348171374, 
      31.83661984711339, 
      -1302.2522048553856, 
      3511.4447749659785, 
      214794.7538553205
    ], 
    [
      29830.568700127016, 
      -3676.8123370597373, 
      69787.22500011155, 
      -15048.666250957198, 
      -1302.2522048553856, 
      181656.4103596585, 
      -373423.24420462956, 
      6025541.83746916
    ], 
    [
      -61462.45795975852, 
      20410.8219732724, 
      -152188.00492026162, 
      29813.135829133633, 
      3511.4447749659785, 
      -373423.24420462956, 
      818122.456552046, 
      3654052.101534183
    ], 
    [
      938187.2241669727, 
      4697293.449600872, 
      1694235.0901198068, 
      -1217438.924155263, 
      214794.7538553205, 
      6025541.83746916, 
      3654052.101534183, 
      6332703995.727651
    ]
  ], 
  "parameters": [
    "nu_nubar_ratio", 
    "theta13", 
    "theta23", 
    "nue_numu_ratio", 
    "hierarchy", 
    "aeff_scale", 
    "energy_scale", 
    "deltam31"
  ], 
  "priors": [
    0.1, 
    0.003490658503988659, 
    Infinity, 
    0.03, 
    Infinity, 
    Infinity, 
    0.1, 
    Infinity
  ]
}