{
  "best_fits": [
    1.0, 
    0.14835298641951802, 
    0.7382742735936013, 
    1.0, 
    1.0, 
    1.0, 
    1.0, 
    0.00246
  ], 
  "labels": [
    "nu_nubar_ratio", 
    "theta13", 
    "theta23", 
    "nue_numu_ratio", 
    "hierarchy", 
    "aeff_scale", 
    "energy_scale", 
    "deltam31"
  ], 
  "matrix": [
    [
      15158.052283439436, 
      3911.100409450645, 
      -4397.548353449871, 
      14396.80577976918, 
      -443.1648786170737, 
      90876.82522094317, 
      -192160.4432690665, 
      686242.2729203332
    ], 
    [
      3911.100409450645, 
      4761.8751219510505, 
      2584.416351888215, 
      4148.731282507401, 
      158.60128771406815, 
      22804.104729697257, 
      -55057.49998697692, 
      415224.8624448211
    ], 
    [
      -4397.548353449871, 
      2584.416351888215, 
      6054.429373911197, 
      -3317.41607779131, 
      435.7600130626814, 
      -27007.399857819215, 
      46345.51463313316, 
      507213.0629680785
    ], 
    [
      14396.80577976918, 
      4148.731282507401, 
      -3317.41607779131, 
      15014.391864314637, 
      -376.0196547719474, 
      86385.93829979117, 
      -187377.8959754731, 
      859381.4879948621
    ], 
    [
      -443.1648786170737, 
      158.60128771406815, 
      435.7600130626814, 
      -376.0196547719474, 
      39.56031330732838, 
      -2711.595073148479, 
      5090.368763244402, 
      2736.477937268641
    ], 
    [
      90876.82522094317, 
      22804.104729697257, 
      -27007.399857819215, 
      86385.93829979117, 
      -2711.595073148479, 
      545001.1273607136, 
      -1151618.648155754, 
      4113919.5873576417
    ], 
    [
      -192160.4432690665, 
      -55057.49998697692, 
      46345.51463313316, 
      -187377.8959754731, 
      5090.368763244402, 
      -1151618.648155754, 
      2472086.77319497, 
      -12050037.720317699
    ], 
    [
      686242.2729203332, 
      415224.8624448211, 
      507213.0629680785, 
      859381.4879948621, 
      2736.477937268641, 
      4113919.5873576417, 
      -12050037.720317699, 
      720723222.6329168
    ]
  ], 
  "parameters": [
    "nu_nubar_ratio", 
    "theta13", 
    "theta23", 
    "nue_numu_ratio", 
    "hierarchy", 
    "aeff_scale", 
    "energy_scale", 
    "deltam31"
  ], 
  "priors": [
    0.1, 
    0.003490658503988659, 
    Infinity, 
    0.03, 
    Infinity, 
    Infinity, 
    0.1, 
    Infinity
  ]
}