{
  "best_fits": [
    1.0, 
    0.14835298641951802, 
    0.83732625407024386, 
    1.0, 
    0.0, 
    1.0, 
    1.0, 
    -0.0023405547407187514
  ], 
  "labels": [
    "nu_nubar_ratio", 
    "theta13", 
    "theta23", 
    "nue_numu_ratio", 
    "hierarchy", 
    "aeff_scale", 
    "energy_scale", 
    "deltam31"
  ], 
  "matrix": [
    [
      4.796246841649301e-26, 
      3.4973876298868787e-13, 
      -1.7401876913619994e-12, 
      4.929833463881457e-13, 
      -1.0986076511864579e-14, 
      -7.343022514532624e-12, 
      1.5596580030846815e-11, 
      1.626395180944933e-11
    ], 
    [
      3.4973876298868787e-13, 
      1265.405063488647, 
      -268.0174403044077, 
      -41.52469412510299, 
      22.207118812672014, 
      -607.9033153821791, 
      5202.581785085398, 
      1484661.2942412824
    ], 
    [
      -1.7401876913619994e-12, 
      -268.0174403044077, 
      4806.727627395322, 
      -984.0250460638847, 
      -0.8178598220460146, 
      13373.53303404986, 
      -29183.14108314886, 
      361993.76030058943
    ], 
    [
      4.929833463881457e-13, 
      -41.52469412510299, 
      -984.0250460638847, 
      831.0207679710484, 
      0.1629514979845869, 
      -4459.973178796078, 
      8804.057579407921, 
      -376908.72326263494
    ], 
    [
      -1.0986076511864579e-14, 
      22.207118812672014, 
      -0.8178598220460146, 
      0.1629514979845869, 
      1.8396952420216892, 
      18.93615604496457, 
      13.929495117929388, 
      20394.991878332014
    ], 
    [
      -7.343022514532624e-12, 
      -607.9033153821791, 
      13373.53303404986, 
      -4459.973178796078, 
      18.93615604496457, 
      54087.31129039584, 
      -111093.81418265785, 
      1859721.0139393238
    ], 
    [
      1.5596580030846815e-11, 
      5202.581785085398, 
      -29183.14108314886, 
      8804.057579407921, 
      13.929495117929388, 
      -111093.81418265785, 
      244102.38966898146, 
      1297389.5908053936
    ], 
    [
      1.626395180944933e-11, 
      1484661.2942412824, 
      361993.76030058943, 
      -376908.72326263494, 
      20394.991878332014, 
      1859721.0139393238, 
      1297389.5908053936, 
      2037942195.05546
    ]
  ], 
  "parameters": [
    "nu_nubar_ratio", 
    "theta13", 
    "theta23", 
    "nue_numu_ratio", 
    "hierarchy", 
    "aeff_scale", 
    "energy_scale", 
    "deltam31"
  ], 
  "priors": [
    0.1, 
    0.003490658503988659, 
    null, 
    0.03, 
    null, 
    null, 
    0.1, 
    5e-05
  ]
}