{
  "best_fits": [
    1.0, 
    0.14835298641951802, 
    0.8639379797371931, 
    1.0, 
    1.0, 
    1.0, 
    -0.00237
  ], 
  "labels": [
    "nu_nubar_ratio", 
    "theta13", 
    "theta23", 
    "nue_numu_ratio", 
    "aeff_scale", 
    "energy_scale", 
    "deltam31"
  ], 
  "matrix": [
    [
      4.429917364750033e-26, 
      3.544946016367974e-13, 
      -2.310719807400944e-12, 
      4.1161717931544473e-13, 
      -6.386828232804444e-12, 
      1.3311954608662442e-11, 
      -1.710959823369566e-10
    ], 
    [
      3.544946016367974e-13, 
      1293.2474169499367, 
      -679.8957166764292, 
      7.27078941795809, 
      -1103.043701117948, 
      6123.246591981741, 
      1409188.034880243
    ], 
    [
      -2.310719807400944e-12, 
      -679.8957166764292, 
      11375.344343090972, 
      -1565.2348183239712, 
      20936.167500033476, 
      -45656.40147607848, 
      508270.5270359455
    ], 
    [
      4.1161717931544473e-13, 
      7.27078941795809, 
      -1565.2348183239712, 
      832.6325095113176, 
      -4514.599875287163, 
      8943.940748740115, 
      -365231.6772465794
    ], 
    [
      -6.386828232804444e-12, 
      -1103.043701117948, 
      20936.167500033476, 
      -4514.599875287163, 
      54496.923107897455, 
      -112026.97326138883, 
      1807662.551240746
    ], 
    [
      1.3311954608662442e-11, 
      6123.246591981741, 
      -45656.40147607848, 
      8943.940748740115, 
      -112026.97326138883, 
      245436.7369656133, 
      1096215.630460256
    ], 
    [
      -1.710959823369566e-10, 
      1409188.034880243, 
      508270.5270359455, 
      -365231.6772465794, 
      1807662.551240746, 
      1096215.630460256, 
      1899811198.718292
    ]
  ], 
  "parameters": [
    "nu_nubar_ratio", 
    "theta13", 
    "theta23", 
    "nue_numu_ratio", 
    "aeff_scale", 
    "energy_scale", 
    "deltam31"
  ], 
  "priors": [
    0.1, 
    0.003490658503988659, 
    null, 
    0.03, 
    null, 
    0.1, 
    5e-05
  ]
}