{
  "best_fits": [
    1.0, 
    0.14835298641951802, 
    0.8639379797371931, 
    1.0, 
    1.0, 
    1.0, 
    -0.00237
  ], 
  "labels": [
    "nu_nubar_ratio", 
    "theta13", 
    "theta23", 
    "nue_numu_ratio", 
    "aeff_scale", 
    "energy_scale", 
    "deltam31"
  ], 
  "matrix": [
    [
      1.227700292199204e-25, 
      -1.164584686385421e-13, 
      -2.278697379680995e-13, 
      -1.6344275344893421e-13, 
      -1.6555792820023081e-12, 
      2.7356132609691017e-12, 
      -1.988316278021677e-12
    ], 
    [
      -1.164584686385421e-13, 
      1229.3658643424021, 
      2228.103613542208, 
      2000.3565145086088, 
      10477.240464009705, 
      -23427.52076880075, 
      -99792.31798412294
    ], 
    [
      -2.278697379680995e-13, 
      2228.103613542208, 
      9553.726896609796, 
      5963.143873841821, 
      37563.942690544915, 
      -76818.57489170477, 
      -114130.51155387519
    ], 
    [
      -1.6344275344893421e-13, 
      2000.3565145086088, 
      5963.143873841821, 
      5321.294458869268, 
      28449.920896613243, 
      -61854.61712271617, 
      -251551.0980802452
    ], 
    [
      -1.6555792820023081e-12, 
      10477.240464009705, 
      37563.942690544915, 
      28449.920896613243, 
      164313.8167301585, 
      -347535.1880411661, 
      -1042323.6274106804
    ], 
    [
      2.7356132609691017e-12, 
      -23427.52076880075, 
      -76818.57489170477, 
      -61854.61712271617, 
      -347535.1880411661, 
      746477.3529975581, 
      3081746.960061726
    ], 
    [
      -1.988316278021677e-12, 
      -99792.31798412294, 
      -114130.51155387519, 
      -251551.0980802452, 
      -1042323.6274106804, 
      3081746.960061726, 
      185584370.30199057
    ]
  ], 
  "parameters": [
    "nu_nubar_ratio", 
    "theta13", 
    "theta23", 
    "nue_numu_ratio", 
    "aeff_scale", 
    "energy_scale", 
    "deltam31"
  ], 
  "priors": [
    0.1, 
    0.003490658503988659, 
    null, 
    0.03, 
    null, 
    0.1, 
    5e-05
  ]
}