{
  "best_fits": [
    1.0, 
    0.14835298641951802, 
    0.83732625407024386, 
    1.0, 
    0.0, 
    1.0, 
    1.0, 
    -0.0023405547407187514
  ], 
  "labels": [
    "nu_nubar_ratio", 
    "theta13", 
    "theta23", 
    "nue_numu_ratio", 
    "hierarchy", 
    "aeff_scale", 
    "energy_scale", 
    "deltam31"
  ], 
  "matrix": [
    [
      1.6673838513978497e-25, 
      -6.79793001154087e-13, 
      -4.434523595295197e-12, 
      -1.546056823949045e-12, 
      -4.565733980046633e-14, 
      -2.1281965490397658e-11, 
      4.5427149461349887e-11, 
      1.6530733656321162e-10
    ], 
    [
      -6.79793001154087e-13, 
      2273.209197805608, 
      1224.9744645820267, 
      1754.1811556136329, 
      67.76790118688135, 
      8698.520649332255, 
      -15618.762945766024, 
      1406675.418075608
    ], 
    [
      -4.434523595295197e-12, 
      1224.9744645820267, 
      9623.537446287948, 
      3361.441404493451, 
      -0.21387431427606618, 
      40141.798514138995, 
      -84275.97206620697, 
      259797.14925558714
    ], 
    [
      -1.546056823949045e-12, 
      1754.1811556136329, 
      3361.441404493451, 
      6238.527533864449, 
      30.651979889170065, 
      24175.080886272946, 
      -53465.61540958551, 
      -631339.2305550727
    ], 
    [
      -4.565733980046633e-14, 
      67.76790118688135, 
      -0.21387431427606618, 
      30.651979889170065, 
      8.459077963112387, 
      102.35672648560791, 
      -323.2605112594498, 
      13007.58402895278
    ], 
    [
      -2.1281965490397658e-11, 
      8698.520649332255, 
      40141.798514138995, 
      24175.080886272946, 
      102.35672648560791, 
      217504.22892816918, 
      -456998.3442490506, 
      807012.0409959832
    ], 
    [
      4.5427149461349887e-11, 
      -15618.762945766024, 
      -84275.97206620697, 
      -53465.61540958551, 
      -323.2605112594498, 
      -456998.3442490506, 
      987644.392299781, 
      4415053.099146444
    ], 
    [
      1.6530733656321162e-10, 
      1406675.418075608, 
      259797.14925558714, 
      -631339.2305550727, 
      13007.58402895278, 
      807012.0409959832, 
      4415053.099146444, 
      2231941038.1904125
    ]
  ], 
  "parameters": [
    "nu_nubar_ratio", 
    "theta13", 
    "theta23", 
    "nue_numu_ratio", 
    "hierarchy", 
    "aeff_scale", 
    "energy_scale", 
    "deltam31"
  ], 
  "priors": [
    0.1, 
    0.003490658503988659, 
    null, 
    0.03, 
    null, 
    null, 
    0.1, 
    5e-05
  ]
}