{
  "best_fits": [
    1.0, 
    0.14835298641951802, 
    0.70887848291725764, 
    1.0, 
    1.0, 
    1.0, 
    1.0, 
    0.0024901480300772842
  ], 
  "labels": [
    "nu_nubar_ratio", 
    "theta13", 
    "theta23", 
    "nue_numu_ratio", 
    "hierarchy", 
    "aeff_scale", 
    "energy_scale", 
    "deltam31"
  ], 
  "matrix": [
    [
      1.958451427444886e-25, 
      -2.7734359580419356e-13, 
      6.961109008271381e-12, 
      -2.468440434467575e-12, 
      2.9710097142957583e-14, 
      -2.4414911622811675e-11, 
      4.823349611744756e-11, 
      4.528582449561706e-10
    ], 
    [
      -2.7734359580419356e-13, 
      3683.775921903765, 
      542.6201235845687, 
      557.6989131674741, 
      75.34163216697057, 
      5553.10708433454, 
      -8424.433645375913, 
      -1920914.8249721632
    ], 
    [
      6.961109008271381e-12, 
      542.6201235845687, 
      20785.877348207283, 
      -621.0791594084671, 
      0.760637882716793, 
      -45004.26520481665, 
      92938.16606555655, 
      438941.4913187816
    ], 
    [
      -2.468440434467575e-12, 
      557.6989131674741, 
      -621.0791594084671, 
      5241.451497927512, 
      -63.19045187932011, 
      21045.021792938893, 
      -46507.38160403561, 
      607927.6406403227
    ], 
    [
      2.9710097142957583e-14, 
      75.34163216697057, 
      0.760637882716793, 
      -63.19045187932011, 
      7.014347570037987, 
      -169.08418588203847, 
      278.4201622732086, 
      -12956.180067934474
    ], 
    [
      -2.4414911622811675e-11, 
      5553.10708433454, 
      -45004.26520481665, 
      21045.021792938893, 
      -169.08418588203847, 
      218641.65565217368, 
      -459034.5189140568, 
      -449198.25115844095
    ], 
    [
      4.823349611744756e-11, 
      -8424.433645375913, 
      92938.16606555655, 
      -46507.38160403561, 
      278.4201622732086, 
      -459034.5189140568, 
      989854.6526375957, 
      -4707699.705851858
    ], 
    [
      4.528582449561706e-10, 
      -1920914.8249721632, 
      438941.4913187816, 
      607927.6406403227, 
      -12956.180067934474, 
      -449198.25115844095, 
      -4707699.705851858, 
      2007567765.8195941
    ]
  ], 
  "parameters": [
    "nu_nubar_ratio", 
    "theta13", 
    "theta23", 
    "nue_numu_ratio", 
    "hierarchy", 
    "aeff_scale", 
    "energy_scale", 
    "deltam31"
  ], 
  "priors": [
    0.1, 
    0.003490658503988659, 
    null, 
    0.03, 
    null, 
    null, 
    0.1, 
    5e-05
  ]
}