{
  "best_fits": [
    1.0, 
    0.14835298641951802, 
    0.7382742735936013, 
    1.0, 
    1.0, 
    1.0, 
    0.00246
  ], 
  "labels": [
    "nu_nubar_ratio", 
    "theta13", 
    "theta23", 
    "nue_numu_ratio", 
    "aeff_scale", 
    "energy_scale", 
    "deltam31"
  ], 
  "matrix": [
    [
      1.3692407886499628e-25, 
      -4.3784809868315104e-13, 
      3.650758105578788e-13, 
      -1.3282125314036897e-12, 
      -7.648765815881127e-12, 
      1.6594790558163e-11, 
      -2.4599098927966916e-10
    ], 
    [
      -4.3784809868315104e-13, 
      1428.562536585352, 
      775.3249055664754, 
      1244.619384752235, 
      6841.231418909262, 
      -16517.24999609327, 
      124567.45873345254
    ], 
    [
      3.650758105578788e-13, 
      775.3249055664754, 
      1816.3288121733674, 
      -995.2248233374052, 
      -8102.2199573457965, 
      13903.654389940066, 
      152163.91889042276
    ], 
    [
      -1.3282125314036897e-12, 
      1244.619384752235, 
      -995.2248233374052, 
      4504.3175592944035, 
      25915.78148993737, 
      -56213.3687926419, 
      257814.44639845978
    ], 
    [
      -7.648765815881127e-12, 
      6841.231418909262, 
      -8102.2199573457965, 
      25915.78148993737, 
      163500.338208214, 
      -345485.5944467264, 
      1234175.876207305
    ], 
    [
      1.6594790558163e-11, 
      -16517.24999609327, 
      13903.654389940066, 
      -56213.3687926419, 
      -345485.5944467264, 
      741626.0319584906, 
      -3615011.316095333
    ], 
    [
      -2.4599098927966916e-10, 
      124567.45873345254, 
      152163.91889042276, 
      257814.44639845978, 
      1234175.876207305, 
      -3615011.316095333, 
      216216966.78987512
    ]
  ], 
  "parameters": [
    "nu_nubar_ratio", 
    "theta13", 
    "theta23", 
    "nue_numu_ratio", 
    "aeff_scale", 
    "energy_scale", 
    "deltam31"
  ], 
  "priors": [
    0.1, 
    0.003490658503988659, 
    null, 
    0.03, 
    null, 
    0.1, 
    5e-05
  ]
}