{
  "best_fits": [
    1.0, 
    0.14835298641951802, 
    0.70887848291725764, 
    1.0, 
    1.0, 
    1.0, 
    1.0, 
    0.0024901480300772842
  ], 
  "labels": [
    "nu_nubar_ratio", 
    "theta13", 
    "theta23", 
    "nue_numu_ratio", 
    "hierarchy", 
    "aeff_scale", 
    "energy_scale", 
    "deltam31"
  ], 
  "matrix": [
    [
      5.211977304317219e-26, 
      -5.017319136037e-13, 
      2.9972448341332637e-12, 
      1.6081099815303918e-13, 
      -3.089449210849596e-14, 
      -4.93268209567377e-12, 
      1.0213483156894995e-11, 
      3.955062323158692e-10
    ], 
    [
      -5.017319136037e-13, 
      2621.375693506498, 
      -194.1512057403245, 
      -268.18838817817635, 
      39.50627245172802, 
      1281.152492092203, 
      2408.582859601078, 
      -1988589.098635338
    ], 
    [
      2.9972448341332637e-12, 
      -194.1512057403245, 
      16021.648145683068, 
      1959.1711856205534, 
      -105.03262370034084, 
      -25298.770191148567, 
      55703.3537870496, 
      333701.413764443
    ], 
    [
      1.6081099815303918e-13, 
      -268.18838817817635, 
      1959.1711856205534, 
      818.7038058581903, 
      -14.449939513991577, 
      -4615.206786266979, 
      9166.032413104864, 
      354612.1296453148
    ], 
    [
      -3.089449210849596e-14, 
      39.50627245172802, 
      -105.03262370034084, 
      -14.449939513991577, 
      2.8186787587995275, 
      186.22878663159054, 
      -367.4213667262625, 
      -15158.618374272633
    ], 
    [
      -4.93268209567377e-12, 
      1281.152492092203, 
      -25298.770191148567, 
      -4615.206786266979, 
      186.22878663159054, 
      54683.15189452907, 
      -112708.65636928628, 
      -1699624.0893790137
    ], 
    [
      1.0213483156894995e-11, 
      2408.582859601078, 
      55703.3537870496, 
      9166.032413104864, 
      -367.4213667262625, 
      -112708.65636928628, 
      247048.25480940522, 
      -1149477.363937982
    ], 
    [
      3.955062323158692e-10, 
      -1988589.098635338, 
      333701.413764443, 
      354612.1296453148, 
      -15158.618374272633, 
      -1699624.0893790137, 
      -1149477.363937982, 
      1811495266.543379
    ]
  ], 
  "parameters": [
    "nu_nubar_ratio", 
    "theta13", 
    "theta23", 
    "nue_numu_ratio", 
    "hierarchy", 
    "aeff_scale", 
    "energy_scale", 
    "deltam31"
  ], 
  "priors": [
    0.1, 
    0.003490658503988659, 
    null, 
    0.03, 
    null, 
    null, 
    0.1, 
    5e-05
  ]
}