{
  "best_fits": [
    1.0, 
    0.14835298641951802, 
    0.8639379797371931, 
    1.0, 
    1.0, 
    1.0, 
    -0.00237
  ], 
  "labels": [
    "nu_nubar_ratio", 
    "theta13", 
    "theta23", 
    "nue_numu_ratio", 
    "aeff_scale", 
    "energy_scale", 
    "deltam31"
  ], 
  "matrix": [
    [
      1.6706920286742071e-25, 
      2.3803613299825526e-13, 
      -2.5385895453690436e-12, 
      2.4817442586651054e-13, 
      -8.042407514806752e-12, 
      1.6047567869631544e-11, 
      -1.7308429861497828e-10
    ], 
    [
      2.3803613299825526e-13, 
      2522.613281292339, 
      1548.207896865779, 
      2007.6273039265668, 
      9374.196762891757, 
      -17304.27417681901, 
      1309395.71689612
    ], 
    [
      -2.5385895453690436e-12, 
      1548.207896865779, 
      20929.071239700766, 
      4397.90905551785, 
      58500.11019057839, 
      -122474.97636778325, 
      394140.01548207033
    ], 
    [
      2.4817442586651054e-13, 
      2007.6273039265668, 
      4397.90905551785, 
      6153.926968380586, 
      23935.32102132608, 
      -52910.67637397605, 
      -616782.7753268245
    ], 
    [
      -8.042407514806752e-12, 
      9374.196762891757, 
      58500.11019057839, 
      23935.32102132608, 
      218810.73983805595, 
      -459562.16130255494, 
      765338.9238300655
    ], 
    [
      1.6047567869631544e-11, 
      -17304.27417681901, 
      -122474.97636778325, 
      -52910.67637397605, 
      -459562.16130255494, 
      991914.0899631714, 
      4177962.590521982
    ], 
    [
      -1.7308429861497828e-10, 
      1309395.71689612, 
      394140.01548207033, 
      -616782.7753268245, 
      765338.9238300655, 
      4177962.590521982, 
      2085395569.0202825
    ]
  ], 
  "parameters": [
    "nu_nubar_ratio", 
    "theta13", 
    "theta23", 
    "nue_numu_ratio", 
    "aeff_scale", 
    "energy_scale", 
    "deltam31"
  ], 
  "priors": [
    0.1, 
    0.003490658503988659, 
    null, 
    0.03, 
    null, 
    0.1, 
    5e-05
  ]
}