{
  "best_fits": [
    1.0, 
    0.14835298641951802, 
    0.70887848291725764, 
    1.0, 
    1.0, 
    1.0, 
    1.0, 
    0.0024901480300772842
  ], 
  "labels": [
    "nu_nubar_ratio", 
    "theta13", 
    "theta23", 
    "nue_numu_ratio", 
    "hierarchy", 
    "aeff_scale", 
    "energy_scale", 
    "deltam31"
  ], 
  "matrix": [
    [
      1.437253697013164e-25, 
      2.2438831779950642e-13, 
      3.963864174138117e-12, 
      -2.629251432620614e-12, 
      6.060458925145354e-14, 
      -1.9482229527137904e-11, 
      3.802001296055257e-11, 
      5.7352012640301376e-11
    ], 
    [
      2.2438831779950642e-13, 
      1062.4002283972668, 
      736.7713293248931, 
      825.8873013456504, 
      35.83535971524255, 
      4271.954592242337, 
      -10833.016504976991, 
      67674.27366317491
    ], 
    [
      3.963864174138117e-12, 
      736.7713293248931, 
      4764.229202524215, 
      -2580.2503450290205, 
      105.79326158305763, 
      -19705.49501366808, 
      37234.81227850696, 
      105240.0775543386
    ], 
    [
      -2.629251432620614e-12, 
      825.8873013456504, 
      -2580.2503450290205, 
      4422.747692069322, 
      -48.740512365328534, 
      25660.228579205872, 
      -55673.41401714047, 
      253315.5109950079
    ], 
    [
      6.060458925145354e-14, 
      35.83535971524255, 
      105.79326158305763, 
      -48.740512365328534, 
      4.19566881123846, 
      -355.312972513629, 
      645.841528999471, 
      2202.4383063381597
    ], 
    [
      -1.9482229527137904e-11, 
      4271.954592242337, 
      -19705.49501366808, 
      25660.228579205872, 
      -355.312972513629, 
      163958.50375764462, 
      -346325.8625447705, 
      1250425.8382205728
    ], 
    [
      3.802001296055257e-11, 
      -10833.016504976991, 
      37234.81227850696, 
      -55673.41401714047, 
      645.841528999471, 
      -346325.8625447705, 
      742806.3978281905, 
      -3558222.3419138757
    ], 
    [
      5.7352012640301376e-11, 
      67674.27366317491, 
      105240.0775543386, 
      253315.5109950079, 
      2202.4383063381597, 
      1250425.8382205728, 
      -3558222.3419138757, 
      196072499.276215
    ]
  ], 
  "parameters": [
    "nu_nubar_ratio", 
    "theta13", 
    "theta23", 
    "nue_numu_ratio", 
    "hierarchy", 
    "aeff_scale", 
    "energy_scale", 
    "deltam31"
  ], 
  "priors": [
    0.1, 
    0.003490658503988659, 
    null, 
    0.03, 
    null, 
    null, 
    0.1, 
    5e-05
  ]
}