{
  "best_fits": [
    1.0, 
    0.14835298641951802, 
    0.83732625407024386, 
    1.0, 
    0.0, 
    1.0, 
    1.0, 
    -0.0023405547407187514
  ], 
  "labels": [
    "nu_nubar_ratio", 
    "theta13", 
    "theta23", 
    "nue_numu_ratio", 
    "hierarchy", 
    "aeff_scale", 
    "energy_scale", 
    "deltam31"
  ], 
  "matrix": [
    [
      1.1877591672329195e-25, 
      -1.0295317641427748e-12, 
      -2.694335903933198e-12, 
      -2.039040170337191e-12, 
      -3.467126328860175e-14, 
      -1.3938942975865033e-11, 
      2.983056943050307e-11, 
      1.4904338475376228e-10
    ], 
    [
      -1.0295317641427748e-12, 
      1007.8041343169606, 
      1492.9919048864344, 
      1795.7058497387359, 
      45.560782374209325, 
      9306.423964714433, 
      -20821.344730851422, 
      -77985.87616567418
    ], 
    [
      -2.694335903933198e-12, 
      1492.9919048864344, 
      4816.809818892625, 
      4345.4664505573355, 
      0.6039855077699484, 
      26768.265480089132, 
      -55092.83098305811, 
      -102196.61104500231
    ], 
    [
      -2.039040170337191e-12, 
      1795.7058497387359, 
      4345.4664505573355, 
      5407.5067658934, 
      30.489028391185478, 
      28635.054065069024, 
      -62269.67298899343, 
      -254430.50729243777
    ], 
    [
      -3.467126328860175e-14, 
      45.560782374209325, 
      0.6039855077699484, 
      30.489028391185478, 
      6.619382721090698, 
      83.42057044064335, 
      -337.1900063773792, 
      -7387.407849379234
    ], 
    [
      -1.3938942975865033e-11, 
      9306.423964714433, 
      26768.265480089132, 
      28635.054065069024, 
      83.42057044064335, 
      163416.91763777335, 
      -345904.53006639273, 
      -1052708.9729433407
    ], 
    [
      2.983056943050307e-11, 
      -20821.344730851422, 
      -55092.83098305811, 
      -62269.67298899343, 
      -337.1900063773792, 
      -345904.53006639273, 
      743542.0026307995, 
      3117663.508341051
    ], 
    [
      1.4904338475376228e-10, 
      -77985.87616567418, 
      -102196.61104500231, 
      -254430.50729243777, 
      -7387.407849379234, 
      -1052708.9729433407, 
      3117663.508341051, 
      193998843.1349527
    ]
  ], 
  "parameters": [
    "nu_nubar_ratio", 
    "theta13", 
    "theta23", 
    "nue_numu_ratio", 
    "hierarchy", 
    "aeff_scale", 
    "energy_scale", 
    "deltam31"
  ], 
  "priors": [
    0.1, 
    0.003490658503988659, 
    null, 
    0.03, 
    null, 
    null, 
    0.1, 
    5e-05
  ]
}