{
  "best_fits": [
    1.0, 
    0.14835298641951802, 
    0.7382742735936013, 
    1.0, 
    1.0, 
    1.0, 
    0.00246
  ], 
  "labels": [
    "nu_nubar_ratio", 
    "theta13", 
    "theta23", 
    "nue_numu_ratio", 
    "aeff_scale", 
    "energy_scale", 
    "deltam31"
  ], 
  "matrix": [
    [
      1.8940566547120775e-25, 
      -2.0054710451985106e-13, 
      7.035444542614453e-13, 
      -1.348097406795151e-12, 
      -8.475478963385452e-12, 
      1.9419089037203156e-11, 
      -5.904486318698293e-10
    ], 
    [
      -2.0054710451985106e-13, 
      4216.103464011921, 
      991.3524239509136, 
      1026.7640467148851, 
      7556.854797483551, 
      -12548.29384302178, 
      -1993215.3702695905
    ], 
    [
      7.035444542614453e-13, 
      991.3524239509136, 
      9335.226415934538, 
      271.8509441588225, 
      -25256.877670237525, 
      51804.09029401974, 
      353136.3068850901
    ], 
    [
      -1.348097406795151e-12, 
      1026.7640467148851, 
      271.8509441588225, 
      5302.025099280472, 
      21509.96916138695, 
      -47540.10131485941, 
      631473.2754974703
    ], 
    [
      -8.475478963385452e-12, 
      7556.854797483551, 
      -25256.877670237525, 
      21509.96916138695, 
      217606.58565465483, 
      -456768.88248773414, 
      -574019.7147773437
    ], 
    [
      1.9419089037203156e-11, 
      -12548.29384302178, 
      51804.09029401974, 
      -47540.10131485941, 
      -456768.88248773414, 
      985969.0623922669, 
      -4836985.937672288
    ], 
    [
      -5.904486318698293e-10, 
      -1993215.3702695905, 
      353136.3068850901, 
      631473.2754974703, 
      -574019.7147773437, 
      -4836985.937672288, 
      2163584860.0449305
    ]
  ], 
  "parameters": [
    "nu_nubar_ratio", 
    "theta13", 
    "theta23", 
    "nue_numu_ratio", 
    "aeff_scale", 
    "energy_scale", 
    "deltam31"
  ], 
  "priors": [
    0.1, 
    0.003490658503988659, 
    null, 
    0.03, 
    null, 
    0.1, 
    5e-05
  ]
}