{
  "best_fits": [
    1.0, 
    0.14835298641951802, 
    0.7382742735936013, 
    1.0, 
    1.0, 
    1.0, 
    0.00246
  ], 
  "labels": [
    "nu_nubar_ratio", 
    "theta13", 
    "theta23", 
    "nue_numu_ratio", 
    "aeff_scale", 
    "energy_scale", 
    "deltam31"
  ], 
  "matrix": [
    [
      5.248158660621147e-26, 
      2.373009941633e-13, 
      3.384686437035665e-13, 
      -1.988487539146136e-14, 
      -8.267131475043251e-13, 
      2.824298479040158e-12, 
      -3.4445764259016016e-10
    ], 
    [
      2.373009941633e-13, 
      2787.5409274265685, 
      216.02751838443822, 
      -217.85533803734978, 
      715.6233785742885, 
      3968.956153071488, 
      -2117782.829003043
    ], 
    [
      3.384686437035665e-13, 
      216.02751838443822, 
      7518.89760376117, 
      1267.0757674962276, 
      -17154.657712891727, 
      37900.43590407968, 
      200972.38799466728
    ], 
    [
      -1.988487539146136e-14, 
      -217.85533803734978, 
      1267.0757674962276, 
      797.7075399860682, 
      -4405.812328550419, 
      8673.267477782492, 
      373658.8290990105
    ], 
    [
      -8.267131475043251e-13, 
      715.6233785742885, 
      -17154.657712891727, 
      -4405.812328550419, 
      54106.247446440844, 
      -111283.28804100775, 
      -1808195.5909846486
    ], 
    [
      2.824298479040158e-12, 
      3968.956153071488, 
      37900.43590407968, 
      8673.267477782492, 
      -111283.28804100775, 
      244343.03043377626, 
      -1221974.6215769548
    ], 
    [
      -3.4445764259016016e-10, 
      -2117782.829003043, 
      200972.38799466728, 
      373658.8290990105, 
      -1808195.5909846486, 
      -1221974.6215769548, 
      1947367893.2550552
    ]
  ], 
  "parameters": [
    "nu_nubar_ratio", 
    "theta13", 
    "theta23", 
    "nue_numu_ratio", 
    "aeff_scale", 
    "energy_scale", 
    "deltam31"
  ], 
  "priors": [
    0.1, 
    0.003490658503988659, 
    null, 
    0.03, 
    null, 
    0.1, 
    5e-05
  ]
}