{
  "best_fits": [
    1.0, 
    0.14835298641951802, 
    0.8639379797371931, 
    1.0, 
    0.0, 
    1.0, 
    1.0, 
    -0.00237
  ], 
  "labels": [
    "nu_nubar_ratio", 
    "theta13", 
    "theta23", 
    "nue_numu_ratio", 
    "hierarchy", 
    "aeff_scale", 
    "energy_scale", 
    "deltam31"
  ], 
  "matrix": [
    [
      2703.683713652734, 
      1056.2269266497774, 
      3934.529497262045, 
      2971.6089674463733, 
      -89.19684071146935, 
      17191.25387081268, 
      -36264.68762578951, 
      -104082.16520906023
    ], 
    [
      1056.2269266497774, 
      819.5772428949456, 
      1485.4024090281728, 
      1333.571009672436, 
      -4.161694613973155, 
      6984.826976006623, 
      -15618.347179200884, 
      -66528.21198941622
    ], 
    [
      3934.529497262045, 
      1485.4024090281728, 
      6369.151264406553, 
      3975.4292492278764, 
      -155.68448314545927, 
      25042.628460363318, 
      -51212.38326113645, 
      -76087.0077025857
    ], 
    [
      2971.6089674463733, 
      1333.571009672436, 
      3975.4292492278764, 
      3547.5296392461714, 
      -76.60343442371693, 
      18966.613931075473, 
      -41236.41141514397, 
      -167700.73205349673
    ], 
    [
      -89.19684071146935, 
      -4.161694613973155, 
      -155.68448314545927, 
      -76.60343442371693, 
      7.880395784233819, 
      -542.319014629801, 
      1019.527244764776, 
      660.0834966085519
    ], 
    [
      17191.25387081268, 
      6984.826976006623, 
      25042.628460363318, 
      18966.613931075473, 
      -542.319014629801, 
      109542.54448677239, 
      -231690.12536077664, 
      -694882.4182737906
    ], 
    [
      -36264.68762578951, 
      -15618.347179200884, 
      -51212.38326113645, 
      -41236.41141514397, 
      1019.527244764776, 
      -231690.12536077664, 
      497651.5686650381, 
      2054497.9733744843
    ], 
    [
      -104082.16520906023, 
      -66528.21198941622, 
      -76087.0077025857, 
      -167700.73205349673, 
      660.0834966085519, 
      -694882.4182737906, 
      2054497.9733744843, 
      123722913.53466035
    ]
  ], 
  "parameters": [
    "nu_nubar_ratio", 
    "theta13", 
    "theta23", 
    "nue_numu_ratio", 
    "hierarchy", 
    "aeff_scale", 
    "energy_scale", 
    "deltam31"
  ], 
  "priors": [
    0.1, 
    0.003490658503988659, 
    Infinity, 
    0.03, 
    Infinity, 
    Infinity, 
    0.1, 
    Infinity
  ]
}