{
  "best_fits": [
    1.0, 
    0.14835298641951802, 
    0.7382742735936013, 
    1.0, 
    1.0, 
    1.0, 
    1.0, 
    0.00246
  ], 
  "labels": [
    "nu_nubar_ratio", 
    "theta13", 
    "theta23", 
    "nue_numu_ratio", 
    "hierarchy", 
    "aeff_scale", 
    "energy_scale", 
    "deltam31"
  ], 
  "matrix": [
    [
      937.2446115518374, 
      119.50167933285643, 
      -1815.0299793979395, 
      -476.46553450149537, 
      -39.8695596228081, 
      5809.301202697, 
      -11861.305311578039, 
      -224121.1571794548
    ], 
    [
      119.50167933285643, 
      1858.3606182844403, 
      144.01834558963034, 
      -145.23689202490658, 
      70.98270279869294, 
      477.08225238287747, 
      2645.97076871434, 
      -1411855.2193353812
    ], 
    [
      -1815.0299793979395, 
      144.01834558963034, 
      5012.598402507457, 
      844.7171783308202, 
      131.12085012199677, 
      -11436.438475261173, 
      25266.957269386417, 
      133981.59199644625
    ], 
    [
      -476.46553450149537, 
      -145.23689202490658, 
      844.7171783308202, 
      531.805026657381, 
      14.576329431173594, 
      -2937.208219033618, 
      5782.178318521662, 
      249105.88606600754
    ], 
    [
      -39.8695596228081, 
      70.98270279869294, 
      131.12085012199677, 
      14.576329431173594, 
      6.597008063730331, 
      -260.45044097104994, 
      708.8623087070647, 
      -43809.27362068919
    ], 
    [
      5809.301202697, 
      477.08225238287747, 
      -11436.438475261173, 
      -2937.208219033618, 
      -260.45044097104994, 
      36070.83163096065, 
      -74188.8586940052, 
      -1205463.7273231002
    ], 
    [
      -11861.305311578039, 
      2645.97076871434, 
      25266.957269386417, 
      5782.178318521662, 
      708.8623087070647, 
      -74188.8586940052, 
      162895.35362251784, 
      -814649.7477179687
    ], 
    [
      -224121.1571794548, 
      -1411855.2193353812, 
      133981.59199644625, 
      249105.88606600754, 
      -43809.27362068919, 
      -1205463.7273231002, 
      -814649.7477179687, 
      1298245262.170038
    ]
  ], 
  "parameters": [
    "nu_nubar_ratio", 
    "theta13", 
    "theta23", 
    "nue_numu_ratio", 
    "hierarchy", 
    "aeff_scale", 
    "energy_scale", 
    "deltam31"
  ], 
  "priors": [
    0.1, 
    0.003490658503988659, 
    Infinity, 
    0.03, 
    Infinity, 
    Infinity, 
    0.1, 
    Infinity
  ]
}