{
  "best_fits": [
    1.0, 
    0.14835298641951802, 
    0.7382742735936013, 
    1.0, 
    1.0, 
    1.0, 
    1.0, 
    0.00246
  ], 
  "labels": [
    "nu_nubar_ratio", 
    "theta13", 
    "theta23", 
    "nue_numu_ratio", 
    "hierarchy", 
    "aeff_scale", 
    "energy_scale", 
    "deltam31"
  ], 
  "matrix": [
    [
      3968.8550682397245, 
      901.7217612230152, 
      -2694.5396500879115, 
      2402.895621452346, 
      -128.50253534622442, 
      23984.666246885583, 
      -50293.39396539128, 
      -86872.70259538718
    ], 
    [
      901.7217612230152, 
      2810.7356426746715, 
      660.9016159672716, 
      684.5093644766059, 
      102.70296034150482, 
      5037.903198322501, 
      -8365.529228681431, 
      -1328810.246846414
    ], 
    [
      -2694.5396500879115, 
      660.9016159672716, 
      6223.484277289695, 
      181.23396277255654, 
      218.2728527345334, 
      -16837.918446825002, 
      34536.060196013015, 
      235424.20459006252
    ], 
    [
      2402.895621452346, 
      684.5093644766059, 
      181.23396277255654, 
      3534.6833995203174, 
      -60.627601523217365, 
      14339.979440924631, 
      -31693.4008765729, 
      420982.1836649813
    ], 
    [
      -128.50253534622442, 
      102.70296034150482, 
      218.2728527345334, 
      -60.627601523217365, 
      14.509070725196011, 
      -802.7694556007558, 
      1726.9360613559656, 
      -43261.978033235326
    ], 
    [
      23984.666246885583, 
      5037.903198322501, 
      -16837.918446825002, 
      14339.979440924631, 
      -802.7694556007558, 
      145071.05710310343, 
      -304512.58832515613, 
      -382679.8098515646
    ], 
    [
      -50293.39396539128, 
      -8365.529228681431, 
      34536.060196013015, 
      -31693.4008765729, 
      1726.9360613559656, 
      -304512.58832515613, 
      657312.7082615114, 
      -3224657.291781522
    ], 
    [
      -86872.70259538718, 
      -1328810.246846414, 
      235424.20459006252, 
      420982.1836649813, 
      -43261.978033235326, 
      -382679.8098515646, 
      -3224657.291781522, 
      1442389906.6966217
    ]
  ], 
  "parameters": [
    "nu_nubar_ratio", 
    "theta13", 
    "theta23", 
    "nue_numu_ratio", 
    "hierarchy", 
    "aeff_scale", 
    "energy_scale", 
    "deltam31"
  ], 
  "priors": [
    0.1, 
    0.003490658503988659, 
    Infinity, 
    0.03, 
    Infinity, 
    Infinity, 
    0.1, 
    Infinity
  ]
}