{
  "best_fits": [
    1.0, 
    0.14835298641951802, 
    0.8639379797371931, 
    1.0, 
    0.0, 
    1.0, 
    1.0, 
    -0.00237
  ], 
  "labels": [
    "nu_nubar_ratio", 
    "theta13", 
    "theta23", 
    "nue_numu_ratio", 
    "hierarchy", 
    "aeff_scale", 
    "energy_scale", 
    "deltam31"
  ], 
  "matrix": [
    [
      980.2936114554186, 
      -131.36954199618006, 
      2286.695404501225, 
      -496.81267391246047, 
      -43.30678518476944, 
      5966.113740025406, 
      -12292.491591951684, 
      187637.44483339554
    ], 
    [
      -131.36954199618006, 
      862.1649446332959, 
      -453.2638111176132, 
      4.847192945302727, 
      52.102366582245075, 
      -735.362467411928, 
      4082.1643946544423, 
      939458.6899201658
    ], 
    [
      2286.695404501225, 
      -453.2638111176132, 
      7583.562895393976, 
      -1043.4898788826463, 
      -157.17331380693295, 
      13957.445000022319, 
      -30437.600984052304, 
      338847.0180239609
    ], 
    [
      -496.81267391246047, 
      4.847192945302727, 
      -1043.4898788826463, 
      555.088339674211, 
      15.907756696342652, 
      -3009.7332501914375, 
      5962.627165826741, 
      -243487.78483105343
    ], 
    [
      -43.30678518476944, 
      52.102366582245075, 
      -157.17331380693295, 
      15.907756696342652, 
      6.367323969422669, 
      -260.45044097107774, 
      702.288954993198, 
      42958.95077106404
    ], 
    [
      5966.113740025406, 
      -735.362467411928, 
      13957.445000022319, 
      -3009.7332501914375, 
      -260.45044097107774, 
      36331.28207193161, 
      -74684.64884092587, 
      1205108.367493836
    ], 
    [
      -12292.491591951684, 
      4082.1643946544423, 
      -30437.600984052304, 
      5962.627165826741, 
      702.288954993198, 
      -74684.64884092587, 
      163624.49131040904, 
      730810.4203068234
    ], 
    [
      187637.44483339554, 
      939458.6899201658, 
      338847.0180239609, 
      -243487.78483105343, 
      42958.95077106404, 
      1205108.367493836, 
      730810.4203068234, 
      1266540799.1455328
    ]
  ], 
  "parameters": [
    "nu_nubar_ratio", 
    "theta13", 
    "theta23", 
    "nue_numu_ratio", 
    "hierarchy", 
    "aeff_scale", 
    "energy_scale", 
    "deltam31"
  ], 
  "priors": [
    0.1, 
    0.003490658503988659, 
    Infinity, 
    0.03, 
    Infinity, 
    Infinity, 
    0.1, 
    Infinity
  ]
}