{
  "best_fits": [
    1.0, 
    0.14835298641951802, 
    0.7382742735936013, 
    1.0, 
    1.0, 
    1.0, 
    1.0, 
    0.00246
  ], 
  "labels": [
    "nu_nubar_ratio", 
    "theta13", 
    "theta23", 
    "nue_numu_ratio", 
    "hierarchy", 
    "aeff_scale", 
    "energy_scale", 
    "deltam31"
  ], 
  "matrix": [
    [
      3031.610456687887, 
      782.2200818901588, 
      -879.5096706899722, 
      2879.3611559538413, 
      -88.63297572341631, 
      18175.365044188584, 
      -38432.08865381324, 
      137248.45458406763
    ], 
    [
      782.2200818901588, 
      952.375024390231, 
      516.8832703776412, 
      829.7462565015126, 
      31.720257542811886, 
      4560.820945939624, 
      -11011.499997395771, 
      83044.97248896734
    ], 
    [
      -879.5096706899722, 
      516.8832703776412, 
      1210.8858747822376, 
      -663.4832155582636, 
      87.15200261253663, 
      -5401.47997156383, 
      9269.1029266266, 
      101442.61259361627
    ], 
    [
      2879.3611559538413, 
      829.7462565015126, 
      -663.4832155582636, 
      3002.8783728629364, 
      -75.20393095439096, 
      17277.18765995825, 
      -37475.579195094564, 
      171876.29759897376
    ], 
    [
      -88.63297572341631, 
      31.720257542811886, 
      87.15200261253663, 
      -75.20393095439096, 
      7.912062661465679, 
      -542.3190146297059, 
      1018.073752648901, 
      547.2955874538643
    ], 
    [
      18175.365044188584, 
      4560.820945939624, 
      -5401.47997156383, 
      17277.18765995825, 
      -542.3190146297059, 
      109000.22547214279, 
      -230323.7296311509, 
      822783.9174715356
    ], 
    [
      -38432.08865381324, 
      -11011.499997395771, 
      9269.1029266266, 
      -37475.579195094564, 
      1018.073752648901, 
      -230323.7296311509, 
      494417.35463899357, 
      -2410007.544063553
    ], 
    [
      137248.45458406763, 
      83044.97248896734, 
      101442.61259361627, 
      171876.29759897376, 
      547.2955874538643, 
      822783.9174715356, 
      -2410007.544063553, 
      144144644.52658373
    ]
  ], 
  "parameters": [
    "nu_nubar_ratio", 
    "theta13", 
    "theta23", 
    "nue_numu_ratio", 
    "hierarchy", 
    "aeff_scale", 
    "energy_scale", 
    "deltam31"
  ], 
  "priors": [
    0.1, 
    0.003490658503988659, 
    Infinity, 
    0.03, 
    Infinity, 
    Infinity, 
    0.1, 
    Infinity
  ]
}