{
  "best_fits": [
    1.0, 
    0.14835298641951802, 
    0.8639379797371931, 
    1.0, 
    0.0, 
    1.0, 
    1.0, 
    -0.00237
  ], 
  "labels": [
    "nu_nubar_ratio", 
    "theta13", 
    "theta23", 
    "nue_numu_ratio", 
    "hierarchy", 
    "aeff_scale", 
    "energy_scale", 
    "deltam31"
  ], 
  "matrix": [
    [
      3683.9773251081524, 
      924.8573846535974, 
      6221.224901763269, 
      2474.796293533913, 
      -132.5036258962388, 
      23157.367610838086, 
      -48557.1792177412, 
      83555.27962433531
    ], 
    [
      924.8573846535974, 
      1681.7421875282416, 
      1032.1385979105596, 
      1338.4182026177389, 
      47.94067196827192, 
      6249.464508594695, 
      -11536.182784546441, 
      872930.4779307495
    ], 
    [
      6221.224901763269, 
      1032.1385979105596, 
      13952.71415980053, 
      2931.93937034523, 
      -312.8577969523922, 
      39000.07346038564, 
      -81649.98424518875, 
      262760.01032137516
    ], 
    [
      2474.796293533913, 
      1338.4182026177389, 
      2931.93937034523, 
      4102.6179789203825, 
      -60.69567772737428, 
      15956.880680884036, 
      -35273.78424931723, 
      -411188.51688455016
    ], 
    [
      -132.5036258962388, 
      47.94067196827192, 
      -312.8577969523922, 
      -60.69567772737428, 
      14.247719753656488, 
      -802.7694556008787, 
      1721.8161997579741, 
      43619.03426767259
    ], 
    [
      23157.367610838086, 
      6249.464508594695, 
      39000.07346038564, 
      15956.880680884036, 
      -802.7694556008787, 
      145873.826558704, 
      -306374.7742017025, 
      510225.94922004535
    ], 
    [
      -48557.1792177412, 
      -11536.182784546441, 
      -81649.98424518875, 
      -35273.78424931723, 
      1721.8161997579741, 
      -306374.7742017025, 
      661276.0599754471, 
      2785308.393681308
    ], 
    [
      83555.27962433531, 
      872930.4779307495, 
      262760.01032137516, 
      -411188.51688455016, 
      43619.03426767259, 
      510225.94922004535, 
      2785308.393681308, 
      1390263712.6801932
    ]
  ], 
  "parameters": [
    "nu_nubar_ratio", 
    "theta13", 
    "theta23", 
    "nue_numu_ratio", 
    "hierarchy", 
    "aeff_scale", 
    "energy_scale", 
    "deltam31"
  ], 
  "priors": [
    0.1, 
    0.003490658503988659, 
    Infinity, 
    0.03, 
    Infinity, 
    Infinity, 
    0.1, 
    Infinity
  ]
}