{
  "best_fits": [
    1.0, 
    0.14835298641951802, 
    0.8639379797371931, 
    1.0, 
    0.0, 
    1.0, 
    1.0, 
    -0.00237
  ], 
  "labels": [
    "nu_nubar_ratio", 
    "theta13", 
    "theta23", 
    "nue_numu_ratio", 
    "hierarchy", 
    "aeff_scale", 
    "energy_scale", 
    "deltam31"
  ], 
  "matrix": [
    [
      1841.9886625540762, 
      462.4286923267969, 
      3110.612450881636, 
      1237.3981467669566, 
      -66.25181294811954, 
      11578.683805419043, 
      -24278.589608870585, 
      41777.63981216728
    ], 
    [
      462.4286923267969, 
      840.8710937641192, 
      516.0692989552753, 
      669.2091013088667, 
      23.97033598413646, 
      3124.7322542973366, 
      -5768.091392273201, 
      436465.2389653744
    ], 
    [
      3110.612450881636, 
      516.0692989552753, 
      6976.357079900266, 
      1465.9696851726148, 
      -156.42889847619674, 
      19500.036730192824, 
      -40824.99212259439, 
      131380.00516068668
    ], 
    [
      1237.3981467669566, 
      669.2091013088667, 
      1465.9696851726148, 
      2051.308989460191, 
      -30.347838863686555, 
      7978.440340442018, 
      -17636.892124658614, 
      -205594.25844227552
    ], 
    [
      -66.25181294811954, 
      23.97033598413646, 
      -156.42889847619674, 
      -30.347838863686555, 
      7.123859876828279, 
      -401.3847278004407, 
      860.9080998789875, 
      21809.51713383612
    ], 
    [
      11578.683805419043, 
      3124.7322542973366, 
      19500.036730192824, 
      7978.440340442018, 
      -401.3847278004407, 
      72936.913279352, 
      -153187.38710085128, 
      255112.9746100211
    ], 
    [
      -24278.589608870585, 
      -5768.091392273201, 
      -40824.99212259439, 
      -17636.892124658614, 
      860.9080998789875, 
      -153187.38710085128, 
      330638.0299877236, 
      1392654.1968406592
    ], 
    [
      41777.63981216728, 
      436465.2389653744, 
      131380.00516068668, 
      -205594.25844227552, 
      21809.51713383612, 
      255112.9746100211, 
      1392654.1968406592, 
      695131856.3400964
    ]
  ], 
  "parameters": [
    "nu_nubar_ratio", 
    "theta13", 
    "theta23", 
    "nue_numu_ratio", 
    "hierarchy", 
    "aeff_scale", 
    "energy_scale", 
    "deltam31"
  ], 
  "priors": [
    0.1, 
    0.003490658503988659, 
    Infinity, 
    0.03, 
    Infinity, 
    Infinity, 
    0.1, 
    Infinity
  ]
}