{
  "best_fits": [
    1.0, 
    0.14835298641951802, 
    0.8639379797371931, 
    1.0, 
    0.0, 
    1.0, 
    1.0, 
    -0.00237
  ], 
  "labels": [
    "nu_nubar_ratio", 
    "theta13", 
    "theta23", 
    "nue_numu_ratio", 
    "hierarchy", 
    "aeff_scale", 
    "energy_scale", 
    "deltam31"
  ], 
  "matrix": [
    [
      490.14680572770885, 
      -65.68477099808929, 
      1143.347702250613, 
      -248.40633695623018, 
      -21.653392592385035, 
      2983.056870012702, 
      -6146.245795975842, 
      93818.72241669761
    ], 
    [
      -65.68477099808929, 
      431.08247231664654, 
      -226.63190555880578, 
      2.4235964726498014, 
      26.051183291122523, 
      -367.68123370596, 
      2041.0821973272061, 
      469729.34496008215
    ], 
    [
      1143.347702250613, 
      -226.63190555880578, 
      3791.781447696989, 
      -521.7449394413233, 
      -78.58665690346723, 
      6978.722500011165, 
      -15218.800492026165, 
      169423.5090119799
    ], 
    [
      -248.40633695623018, 
      2.4235964726498014, 
      -521.7449394413233, 
      277.5441698371054, 
      7.953878348171592, 
      -1504.8666250957183, 
      2981.3135829133707, 
      -121743.89241552689
    ], 
    [
      -21.653392592385035, 
      26.051183291122523, 
      -78.58665690346723, 
      7.953878348171592, 
      3.183661984711351, 
      -130.22522048554075, 
      351.1444774966033, 
      21479.475385531943
    ], 
    [
      2983.056870012702, 
      -367.68123370596, 
      6978.722500011165, 
      -1504.8666250957183, 
      -130.22522048554075, 
      18165.641035965804, 
      -37342.32442046295, 
      602554.1837469174
    ], 
    [
      -6146.245795975842, 
      2041.0821973272061, 
      -15218.800492026165, 
      2981.3135829133707, 
      351.1444774966033, 
      -37342.32442046295, 
      81812.24565520453, 
      365405.2101534141
    ], 
    [
      93818.72241669761, 
      469729.34496008215, 
      169423.5090119799, 
      -121743.89241552689, 
      21479.475385531943, 
      602554.1837469174, 
      365405.2101534141, 
      633270399.5727661
    ]
  ], 
  "parameters": [
    "nu_nubar_ratio", 
    "theta13", 
    "theta23", 
    "nue_numu_ratio", 
    "hierarchy", 
    "aeff_scale", 
    "energy_scale", 
    "deltam31"
  ], 
  "priors": [
    0.1, 
    0.003490658503988659, 
    Infinity, 
    0.03, 
    Infinity, 
    Infinity, 
    0.1, 
    Infinity
  ]
}