{
  "best_fits": [
    1.0, 
    0.14835298641951802, 
    0.7382742735936013, 
    1.0, 
    1.0, 
    1.0, 
    1.0, 
    0.00246
  ], 
  "labels": [
    "nu_nubar_ratio", 
    "theta13", 
    "theta23", 
    "nue_numu_ratio", 
    "hierarchy", 
    "aeff_scale", 
    "energy_scale", 
    "deltam31"
  ], 
  "matrix": [
    [
      1984.4275341198627, 
      450.8608806115064, 
      -1347.269825043957, 
      1201.447810726173, 
      -64.25126767311241, 
      11992.33312344279, 
      -25146.69698269565, 
      -43436.35129769305
    ], 
    [
      450.8608806115064, 
      1405.3678213373325, 
      330.45080798363574, 
      342.2546822382997, 
      51.35148017075228, 
      2518.951599161247, 
      -4182.764614340699, 
      -664405.1234232062
    ], 
    [
      -1347.269825043957, 
      330.45080798363574, 
      3111.742138644844, 
      90.61698138627861, 
      109.13642636726578, 
      -8418.959223412494, 
      17268.03009800652, 
      117712.10229503067
    ], 
    [
      1201.447810726173, 
      342.2546822382997, 
      90.61698138627861, 
      1767.341699760158, 
      -30.31380076160945, 
      7169.989720462318, 
      -15846.700438286462, 
      210491.09183249078
    ], 
    [
      -64.25126767311241, 
      51.35148017075228, 
      109.13642636726578, 
      -30.31380076160945, 
      7.254535362598009, 
      -401.3847278003787, 
      863.4680306779844, 
      -21630.989016617837
    ], 
    [
      11992.33312344279, 
      2518.951599161247, 
      -8418.959223412494, 
      7169.989720462318, 
      -401.3847278003787, 
      72535.52855155173, 
      -152256.29416257807, 
      -191339.90492577973
    ], 
    [
      -25146.69698269565, 
      -4182.764614340699, 
      17268.03009800652, 
      -15846.700438286462, 
      863.4680306779844, 
      -152256.29416257807, 
      328656.35413075564, 
      -1612328.6458907672
    ], 
    [
      -43436.35129769305, 
      -664405.1234232062, 
      117712.10229503067, 
      210491.09183249078, 
      -21630.989016617837, 
      -191339.90492577973, 
      -1612328.6458907672, 
      721194953.348311
    ]
  ], 
  "parameters": [
    "nu_nubar_ratio", 
    "theta13", 
    "theta23", 
    "nue_numu_ratio", 
    "hierarchy", 
    "aeff_scale", 
    "energy_scale", 
    "deltam31"
  ], 
  "priors": [
    0.1, 
    0.003490658503988659, 
    Infinity, 
    0.03, 
    Infinity, 
    Infinity, 
    0.1, 
    Infinity
  ]
}