{
  "best_fits": [
    1.0, 
    0.14835298641951802, 
    0.7382742735936013, 
    1.0, 
    1.0, 
    1.0, 
    1.0, 
    0.00246
  ], 
  "labels": [
    "nu_nubar_ratio", 
    "theta13", 
    "theta23", 
    "nue_numu_ratio", 
    "hierarchy", 
    "aeff_scale", 
    "energy_scale", 
    "deltam31"
  ], 
  "matrix": [
    [
      468.622305775919, 
      59.75083966642855, 
      -907.51498969897, 
      -238.23276725074777, 
      -19.934779811403665, 
      2904.6506013485005, 
      -5930.652655789019, 
      -112060.57858972721
    ], 
    [
      59.75083966642855, 
      929.1803091422195, 
      72.00917279481611, 
      -72.618446012454, 
      35.49135139934671, 
      238.54112619144067, 
      1322.9853843571673, 
      -705927.6096676893
    ], 
    [
      -907.51498969897, 
      72.00917279481611, 
      2506.299201253726, 
      422.35858916540997, 
      65.56042506099767, 
      -5718.219237630579, 
      12633.478634693205, 
      66990.79599822294
    ], 
    [
      -238.23276725074777, 
      -72.618446012454, 
      422.35858916540997, 
      265.90251332869036, 
      7.288164715586527, 
      -1468.6041095168093, 
      2891.0891592608305, 
      124552.94303300361
    ], 
    [
      -19.934779811403665, 
      35.49135139934671, 
      65.56042506099767, 
      7.288164715586527, 
      3.2985040318651557, 
      -130.22522048552247, 
      354.43115435352684, 
      -21904.63681034464
    ], 
    [
      2904.6506013485005, 
      238.54112619144067, 
      -5718.219237630579, 
      -1468.6041095168093, 
      -130.22522048552247, 
      18035.415815480326, 
      -37094.429347002595, 
      -602731.8636615498
    ], 
    [
      -5930.652655789019, 
      1322.9853843571673, 
      12633.478634693205, 
      2891.0891592608305, 
      354.43115435352684, 
      -37094.429347002595, 
      81447.67681125889, 
      -407324.873858985
    ], 
    [
      -112060.57858972721, 
      -705927.6096676893, 
      66990.79599822294, 
      124552.94303300361, 
      -21904.63681034464, 
      -602731.8636615498, 
      -407324.873858985, 
      649122631.0850191
    ]
  ], 
  "parameters": [
    "nu_nubar_ratio", 
    "theta13", 
    "theta23", 
    "nue_numu_ratio", 
    "hierarchy", 
    "aeff_scale", 
    "energy_scale", 
    "deltam31"
  ], 
  "priors": [
    0.1, 
    0.003490658503988659, 
    Infinity, 
    0.03, 
    Infinity, 
    Infinity, 
    0.1, 
    Infinity
  ]
}