{
  "best_fits": [
    1.0, 
    0.14835298641951802, 
    0.7382742735936013, 
    1.0, 
    1.0, 
    1.0, 
    1.0, 
    0.00246
  ], 
  "labels": [
    "nu_nubar_ratio", 
    "theta13", 
    "theta23", 
    "nue_numu_ratio", 
    "hierarchy", 
    "aeff_scale", 
    "energy_scale", 
    "deltam31"
  ], 
  "matrix": [
    [
      1515.8052283439438, 
      391.11004094507786, 
      -439.754835344987, 
      1439.6805779769206, 
      -44.31648786170874, 
      9087.682522094288, 
      -19216.044326906627, 
      68624.22729203416
    ], 
    [
      391.11004094507786, 
      476.1875121951131, 
      258.44163518881965, 
      414.8731282507537, 
      15.86012877140557, 
      2280.4104729698065, 
      -5505.749998697866, 
      41522.48624448312
    ], 
    [
      -439.754835344987, 
      258.44163518881965, 
      605.4429373911179, 
      -331.74160777913136, 
      43.57600130626812, 
      -2700.7399857819155, 
      4634.551463313314, 
      50721.30629680773
    ], 
    [
      1439.6805779769206, 
      414.8731282507537, 
      -331.74160777913136, 
      1501.4391864314678, 
      -37.601965477195975, 
      8638.593829979127, 
      -18737.789597547293, 
      85938.14879948717
    ], 
    [
      -44.31648786170874, 
      15.86012877140557, 
      43.57600130626812, 
      -37.601965477195975, 
      3.9560313307328534, 
      -271.1595073148562, 
      509.0368763244576, 
      273.64779372680175
    ], 
    [
      9087.682522094288, 
      2280.4104729698065, 
      -2700.7399857819155, 
      8638.593829979127, 
      -271.1595073148562, 
      54500.1127360714, 
      -115161.86481557548, 
      411391.95873577
    ], 
    [
      -19216.044326906627, 
      -5505.749998697866, 
      4634.551463313314, 
      -18737.789597547293, 
      509.0368763244576, 
      -115161.86481557548, 
      247208.67731949675, 
      -1205003.7720317822
    ], 
    [
      68624.22729203416, 
      41522.48624448312, 
      50721.30629680773, 
      85938.14879948717, 
      273.64779372680175, 
      411391.95873577, 
      -1205003.7720317822, 
      72072322.26329188
    ]
  ], 
  "parameters": [
    "nu_nubar_ratio", 
    "theta13", 
    "theta23", 
    "nue_numu_ratio", 
    "hierarchy", 
    "aeff_scale", 
    "energy_scale", 
    "deltam31"
  ], 
  "priors": [
    0.1, 
    0.003490658503988659, 
    Infinity, 
    0.03, 
    Infinity, 
    Infinity, 
    0.1, 
    Infinity
  ]
}