{
  "best_fits": [
    1.0, 
    0.14835298641951802, 
    0.8639379797371931, 
    1.0, 
    0.0, 
    1.0, 
    1.0, 
    -0.00237
  ], 
  "labels": [
    "nu_nubar_ratio", 
    "theta13", 
    "theta23", 
    "nue_numu_ratio", 
    "hierarchy", 
    "aeff_scale", 
    "energy_scale", 
    "deltam31"
  ], 
  "matrix": [
    [
      1351.8418568263673, 
      528.1134633248862, 
      1967.264748631023, 
      1485.8044837231869, 
      -44.5984203557345, 
      8595.62693540634, 
      -18132.343812894742, 
      -52041.082604530326
    ], 
    [
      528.1134633248862, 
      409.7886214474726, 
      742.701204514081, 
      666.7855048362169, 
      -2.0808473069860627, 
      3492.4134880032966, 
      -7809.173589600407, 
      -33264.10599470776
    ], 
    [
      1967.264748631023, 
      742.701204514081, 
      3184.575632203278, 
      1987.714624613938, 
      -77.8422415727295, 
      12521.314230181659, 
      -25606.191630568228, 
      -38043.503851293244
    ], 
    [
      1485.8044837231869, 
      666.7855048362169, 
      1987.714624613938, 
      1773.7648196230853, 
      -38.30171721185815, 
      9483.306965537737, 
      -20618.205707571986, 
      -83850.36602674864
    ], 
    [
      -44.5984203557345, 
      -2.0808473069860627, 
      -77.8422415727295, 
      -38.30171721185815, 
      3.9401978921169274, 
      -271.15950731489994, 
      509.76362238238414, 
      330.0417483041781
    ], 
    [
      8595.62693540634, 
      3492.4134880032966, 
      12521.314230181659, 
      9483.306965537737, 
      -271.15950731489994, 
      54771.27224338619, 
      -115845.06268038834, 
      -347441.2091368963
    ], 
    [
      -18132.343812894742, 
      -7809.173589600407, 
      -25606.191630568228, 
      -20618.205707571986, 
      509.76362238238414, 
      -115845.06268038834, 
      248825.78433251908, 
      1027248.9866872451
    ], 
    [
      -52041.082604530326, 
      -33264.10599470776, 
      -38043.503851293244, 
      -83850.36602674864, 
      330.0417483041781, 
      -347441.2091368963, 
      1027248.9866872451, 
      61861456.76733024
    ]
  ], 
  "parameters": [
    "nu_nubar_ratio", 
    "theta13", 
    "theta23", 
    "nue_numu_ratio", 
    "hierarchy", 
    "aeff_scale", 
    "energy_scale", 
    "deltam31"
  ], 
  "priors": [
    0.1, 
    0.003490658503988659, 
    Infinity, 
    0.03, 
    Infinity, 
    Infinity, 
    0.1, 
    Infinity
  ]
}