{
  "best_fits": [
    1.0, 
    0.14835298641951802, 
    0.8639379797371931, 
    1.0, 
    0.0, 
    1.0, 
    1.0, 
    -0.00237
  ], 
  "labels": [
    "nu_nubar_ratio", 
    "theta13", 
    "theta23", 
    "nue_numu_ratio", 
    "hierarchy", 
    "aeff_scale", 
    "energy_scale", 
    "deltam31"
  ], 
  "matrix": [
    [
      6759.2092841318245, 
      2640.5673166243773, 
      9836.323743155112, 
      7429.022418615958, 
      -222.99210177867081, 
      42978.13467703179, 
      -90661.71906447399, 
      -260205.4130226507
    ], 
    [
      2640.5673166243773, 
      2048.943107237292, 
      3713.506022570306, 
      3333.9275241810315, 
      -10.404236534927671, 
      17462.067440016148, 
      -39045.86794800131, 
      -166320.52997353324
    ], 
    [
      9836.323743155112, 
      3713.506022570306, 
      15922.878161016382, 
      9938.573123069706, 
      -389.21120786364605, 
      62606.571150908305, 
      -128030.95815284095, 
      -190217.5192564619
    ], 
    [
      7429.022418615958, 
      3333.9275241810315, 
      9938.573123069706, 
      8868.824098115461, 
      -191.50858605928917, 
      47416.53482768879, 
      -103091.02853786008, 
      -419251.8301337434
    ], 
    [
      -222.99210177867081, 
      -10.404236534927671, 
      -389.21120786364605, 
      -191.50858605928917, 
      19.700989460584868, 
      -1355.79753657449, 
      2548.818111911896, 
      1650.2087415201004
    ], 
    [
      42978.13467703179, 
      17462.067440016148, 
      62606.571150908305, 
      47416.53482768879, 
      -1355.79753657449, 
      273856.3612169312, 
      -579225.3134019425, 
      -1737206.0456844796
    ], 
    [
      -90661.71906447399, 
      -39045.86794800131, 
      -128030.95815284095, 
      -103091.02853786008, 
      2548.818111911896, 
      -579225.3134019425, 
      1244128.921662594, 
      5136244.93343622
    ], 
    [
      -260205.4130226507, 
      -166320.52997353324, 
      -190217.5192564619, 
      -419251.8301337434, 
      1650.2087415201004, 
      -1737206.0456844796, 
      5136244.93343622, 
      309307283.8366489
    ]
  ], 
  "parameters": [
    "nu_nubar_ratio", 
    "theta13", 
    "theta23", 
    "nue_numu_ratio", 
    "hierarchy", 
    "aeff_scale", 
    "energy_scale", 
    "deltam31"
  ], 
  "priors": [
    0.1, 
    0.003490658503988659, 
    Infinity, 
    0.03, 
    Infinity, 
    Infinity, 
    0.1, 
    Infinity
  ]
}