{
  "best_fits": [
    1.0, 
    0.14835298641951802, 
    0.8639379797371931, 
    1.0, 
    0.0, 
    1.0, 
    1.0, 
    -0.00237
  ], 
  "labels": [
    "nu_nubar_ratio", 
    "theta13", 
    "theta23", 
    "nue_numu_ratio", 
    "hierarchy", 
    "aeff_scale", 
    "energy_scale", 
    "deltam31"
  ], 
  "matrix": [
    [
      2450.734028638549, 
      -328.42385499046475, 
      5716.738511253067, 
      -1242.031684781152, 
      -108.2669629619231, 
      14915.284350063508, 
      -30731.22897987925, 
      469093.61208348785
    ], 
    [
      -328.42385499046475, 
      2155.4123615832787, 
      -1133.159527794104, 
      12.117982363246526, 
      130.25591645561474, 
      -1838.4061685299102, 
      10205.410986636318, 
      2348646.724800431
    ], 
    [
      5716.738511253067, 
      -1133.159527794104, 
      18958.907238484953, 
      -2608.7246972066173, 
      -392.9332845173319, 
      34893.61250005582, 
      -76094.00246013081, 
      847117.5450599053
    ], 
    [
      -1242.031684781152, 
      12.117982363246526, 
      -2608.7246972066173, 
      1387.7208491855258, 
      39.76939174085641, 
      -7524.333125478601, 
      14906.567914566824, 
      -608719.4620776329
    ], 
    [
      -108.2669629619231, 
      130.25591645561474, 
      -392.9332845173319, 
      39.76939174085641, 
      15.918309923556697, 
      -651.1261024276932, 
      1755.72238748299, 
      107397.3769276603
    ], 
    [
      14915.284350063508, 
      -1838.4061685299102, 
      34893.61250005582, 
      -7524.333125478601, 
      -651.1261024276932, 
      90828.20517982925, 
      -186711.62210231478, 
      3012770.9187345887
    ], 
    [
      -30731.22897987925, 
      10205.410986636318, 
      -76094.00246013081, 
      14906.567914566824, 
      1755.72238748299, 
      -186711.62210231478, 
      409061.2282760228, 
      1827026.0507670739
    ], 
    [
      469093.61208348785, 
      2348646.724800431, 
      847117.5450599053, 
      -608719.4620776329, 
      107397.3769276603, 
      3012770.9187345887, 
      1827026.0507670739, 
      3166351997.8638253
    ]
  ], 
  "parameters": [
    "nu_nubar_ratio", 
    "theta13", 
    "theta23", 
    "nue_numu_ratio", 
    "hierarchy", 
    "aeff_scale", 
    "energy_scale", 
    "deltam31"
  ], 
  "priors": [
    0.1, 
    0.003490658503988659, 
    Infinity, 
    0.03, 
    Infinity, 
    Infinity, 
    0.1, 
    Infinity
  ]
}