{
  "best_fits": [
    1.0, 
    0.14835298641951802, 
    0.7382742735936013, 
    1.0, 
    1.0, 
    1.0, 
    1.0, 
    0.00246
  ], 
  "labels": [
    "nu_nubar_ratio", 
    "theta13", 
    "theta23", 
    "nue_numu_ratio", 
    "hierarchy", 
    "aeff_scale", 
    "energy_scale", 
    "deltam31"
  ], 
  "matrix": [
    [
      7579.026141719717, 
      1955.5502047253588, 
      -2198.7741767249377, 
      7198.4028898845845, 
      -221.58243930853558, 
      45438.41261047161, 
      -96080.22163453326, 
      343121.1364601661
    ], 
    [
      1955.5502047253588, 
      2380.937560975564, 
      1292.2081759441105, 
      2074.365641253736, 
      79.30064385703243, 
      11402.052364848836, 
      -27528.749993488913, 
      207612.4312224094
    ], 
    [
      -2198.7741767249377, 
      1292.2081759441105, 
      3027.214686955595, 
      -1658.7080388956588, 
      217.880006531338, 
      -13503.699928909613, 
      23172.757316566604, 
      253606.53148403857
    ], 
    [
      7198.4028898845845, 
      2074.365641253736, 
      -1658.7080388956588, 
      7507.195932157323, 
      -188.0098273859735, 
      43192.969149895594, 
      -93688.94798773646, 
      429690.7439974302
    ], 
    [
      -221.58243930853558, 
      79.30064385703243, 
      217.880006531338, 
      -188.0098273859735, 
      19.78015665366382, 
      -1355.797536574234, 
      2545.184381622194, 
      1368.2389686341687
    ], 
    [
      45438.41261047161, 
      11402.052364848836, 
      -13503.699928909613, 
      43192.969149895594, 
      -1355.797536574234, 
      272500.56368035683, 
      -575809.324077877, 
      2056959.7936788183
    ], 
    [
      -96080.22163453326, 
      -27528.749993488913, 
      23172.757316566604, 
      -93688.94798773646, 
      2545.184381622194, 
      -575809.324077877, 
      1236043.3865974855, 
      -6025018.860158844
    ], 
    [
      343121.1364601661, 
      207612.4312224094, 
      253606.53148403857, 
      429690.7439974302, 
      1368.2389686341687, 
      2056959.7936788183, 
      -6025018.860158844, 
      360361611.3164584
    ]
  ], 
  "parameters": [
    "nu_nubar_ratio", 
    "theta13", 
    "theta23", 
    "nue_numu_ratio", 
    "hierarchy", 
    "aeff_scale", 
    "energy_scale", 
    "deltam31"
  ], 
  "priors": [
    0.1, 
    0.003490658503988659, 
    Infinity, 
    0.03, 
    Infinity, 
    Infinity, 
    0.1, 
    Infinity
  ]
}