{
  "best_fits": [
    1.0, 
    0.14835298641951802, 
    0.8639379797371931, 
    1.0, 
    0.0, 
    1.0, 
    1.0, 
    -0.00237
  ], 
  "labels": [
    "nu_nubar_ratio", 
    "theta13", 
    "theta23", 
    "nue_numu_ratio", 
    "hierarchy", 
    "aeff_scale", 
    "energy_scale", 
    "deltam31"
  ], 
  "matrix": [
    [
      9209.943312770374, 
      2312.1434616339125, 
      15553.062254408178, 
      6186.990733834806, 
      -331.2590647405939, 
      57893.4190270953, 
      -121392.94804435324, 
      208888.19906083716
    ], 
    [
      2312.1434616339125, 
      4204.355468820571, 
      2580.3464947762022, 
      3346.045506544278, 
      119.85167992068706, 
      15623.661271486239, 
      -28840.45696136499, 
      2182326.194826898
    ], 
    [
      15553.062254408178, 
      2580.3464947762022, 
      34881.785399501336, 
      7329.848425863089, 
      -782.1444923809779, 
      97500.18365096411, 
      -204124.96061297174, 
      656900.0258034434
    ], 
    [
      6186.990733834806, 
      3346.045506544278, 
      7329.848425863089, 
      10256.544947300987, 
      -151.73919431843277, 
      39892.201702210186, 
      -88184.46062329326, 
      -1027971.2922113764
    ], 
    [
      -331.2590647405939, 
      119.85167992068706, 
      -782.1444923809779, 
      -151.73919431843277, 
      35.61929938414156, 
      -2006.9236390021833, 
      4304.540499394886, 
      109047.5856691804
    ], 
    [
      57893.4190270953, 
      15623.661271486239, 
      97500.18365096411, 
      39892.201702210186, 
      -2006.9236390021833, 
      364684.56639676046, 
      -765936.9355042572, 
      1275564.873050109
    ], 
    [
      -121392.94804435324, 
      -28840.45696136499, 
      -204124.96061297174, 
      -88184.46062329326, 
      4304.540499394886, 
      -765936.9355042572, 
      1653190.149938617, 
      6963270.984203294
    ], 
    [
      208888.19906083716, 
      2182326.194826898, 
      656900.0258034434, 
      -1027971.2922113764, 
      109047.5856691804, 
      1275564.873050109, 
      6963270.984203294, 
      3475659281.7004743
    ]
  ], 
  "parameters": [
    "nu_nubar_ratio", 
    "theta13", 
    "theta23", 
    "nue_numu_ratio", 
    "hierarchy", 
    "aeff_scale", 
    "energy_scale", 
    "deltam31"
  ], 
  "priors": [
    0.1, 
    0.003490658503988659, 
    Infinity, 
    0.03, 
    Infinity, 
    Infinity, 
    0.1, 
    Infinity
  ]
}