{
  "best_fits": [
    1.0, 
    0.14835298641951802, 
    0.7382742735936013, 
    1.0, 
    1.0, 
    1.0, 
    1.0, 
    0.00246
  ], 
  "labels": [
    "nu_nubar_ratio", 
    "theta13", 
    "theta23", 
    "nue_numu_ratio", 
    "hierarchy", 
    "aeff_scale", 
    "energy_scale", 
    "deltam31"
  ], 
  "matrix": [
    [
      2343.111528879592, 
      298.754198332104, 
      -4537.574948494842, 
      -1191.163836253738, 
      -99.67389905702021, 
      14523.253006742449, 
      -29653.263278945058, 
      -560302.8929486391
    ], 
    [
      298.754198332104, 
      4645.901545711094, 
      360.0458639741601, 
      -363.09223006223243, 
      177.45675699673495, 
      1192.7056309569575, 
      6614.9269217863, 
      -3529638.0483384323
    ], 
    [
      -4537.574948494842, 
      360.0458639741601, 
      12531.496006268604, 
      2111.7929458270382, 
      327.8021253049923, 
      -28591.096188152824, 
      63167.39317346607, 
      334953.9799911056
    ], 
    [
      -1191.163836253738, 
      -363.09223006223243, 
      2111.7929458270382, 
      1329.512566643449, 
      36.44082357793456, 
      -7343.020547584042, 
      14455.445796304155, 
      622764.715165018
    ], 
    [
      -99.67389905702021, 
      177.45675699673495, 
      327.8021253049923, 
      36.44082357793456, 
      16.49252015932595, 
      -651.1261024276236, 
      1772.1557717676594, 
      -109523.18405172302
    ], 
    [
      14523.253006742449, 
      1192.7056309569575, 
      -28591.096188152824, 
      -7343.020547584042, 
      -651.1261024276236, 
      90177.0790774015, 
      -185472.14673501288, 
      -3013659.31830776
    ], 
    [
      -29653.263278945058, 
      6614.9269217863, 
      63167.39317346607, 
      14455.445796304155, 
      1772.1557717676594, 
      -185472.14673501288, 
      407238.38405629375, 
      -2036624.3692949107
    ], 
    [
      -560302.8929486391, 
      -3529638.0483384323, 
      334953.9799911056, 
      622764.715165018, 
      -109523.18405172302, 
      -3013659.31830776, 
      -2036624.3692949107, 
      3245613155.4250946
    ]
  ], 
  "parameters": [
    "nu_nubar_ratio", 
    "theta13", 
    "theta23", 
    "nue_numu_ratio", 
    "hierarchy", 
    "aeff_scale", 
    "energy_scale", 
    "deltam31"
  ], 
  "priors": [
    0.1, 
    0.003490658503988659, 
    Infinity, 
    0.03, 
    Infinity, 
    Infinity, 
    0.1, 
    Infinity
  ]
}