{
  "best_fits": [
    1.0, 
    0.14835298641951802, 
    0.7382742735936013, 
    1.0, 
    1.0, 
    1.0, 
    1.0, 
    0.00246
  ], 
  "labels": [
    "nu_nubar_ratio", 
    "theta13", 
    "theta23", 
    "nue_numu_ratio", 
    "hierarchy", 
    "aeff_scale", 
    "energy_scale", 
    "deltam31"
  ], 
  "matrix": [
    [
      9922.13767059931, 
      2254.304403057463, 
      -6736.34912521978, 
      6007.239053630847, 
      -321.2563383655558, 
      59961.665617214065, 
      -125733.48491347831, 
      -217181.75648847304
    ], 
    [
      2254.304403057463, 
      7026.839106686657, 
      1652.2540399182706, 
      1711.2734111915038, 
      256.75740085376736, 
      12594.757995805794, 
      -20913.823071702613, 
      -3322025.617116023
    ], 
    [
      -6736.34912521978, 
      1652.2540399182706, 
      15558.710693224199, 
      453.08490693137946, 
      545.6821318363303, 
      -42094.79611706243, 
      86340.15049003268, 
      588560.5114751442
    ], 
    [
      6007.239053630847, 
      1711.2734111915038, 
      453.08490693137946, 
      8836.708498800772, 
      -151.56900380803893, 
      35849.94860231155, 
      -79233.50219143232, 
      1052455.459162448
    ], 
    [
      -321.2563383655558, 
      256.75740085376736, 
      545.6821318363303, 
      -151.56900380803893, 
      36.27267681298977, 
      -2006.9236390018577, 
      4317.340153389853, 
      -108154.94508308885
    ], 
    [
      59961.665617214065, 
      12594.757995805794, 
      -42094.79611706243, 
      35849.94860231155, 
      -2006.9236390018577, 
      362677.6427577583, 
      -761281.4708128899, 
      -956699.5246289419
    ], 
    [
      -125733.48491347831, 
      -20913.823071702613, 
      86340.15049003268, 
      -79233.50219143232, 
      4317.340153389853, 
      -761281.4708128899, 
      1643281.7706537792, 
      -8061643.229453755
    ], 
    [
      -217181.75648847304, 
      -3322025.617116023, 
      588560.5114751442, 
      1052455.459162448, 
      -108154.94508308885, 
      -956699.5246289419, 
      -8061643.229453755, 
      3605974766.741553
    ]
  ], 
  "parameters": [
    "nu_nubar_ratio", 
    "theta13", 
    "theta23", 
    "nue_numu_ratio", 
    "hierarchy", 
    "aeff_scale", 
    "energy_scale", 
    "deltam31"
  ], 
  "priors": [
    0.1, 
    0.003490658503988659, 
    Infinity, 
    0.03, 
    Infinity, 
    Infinity, 
    0.1, 
    Infinity
  ]
}