{
  "best_fits": [
    1.0006432512595569, 
    0.14730461245952015, 
    0.72836028522953344, 
    0.99822098040117468, 
    1.0, 
    0.99974867943376333, 
    1.0007774215010881, 
    0.0024962614657659866
  ], 
  "labels": [
    "nu_nubar_ratio", 
    "theta13", 
    "theta23", 
    "nue_numu_ratio", 
    "hierarchy", 
    "aeff_scale", 
    "energy_scale", 
    "deltam31"
  ], 
  "matrix": [
    [
      1406.8267047995337, 
      199.25296126137707, 
      -3161.883878283708, 
      -722.0207850621837, 
      18.345131342070975, 
      8722.980407151956, 
      -17817.842639667066, 
      -320798.34933545254
    ], 
    [
      199.25296126137707, 
      2716.416902391049, 
      122.19548443945821, 
      -226.6723012377458, 
      31.724931286993016, 
      854.9452297525282, 
      3520.7213951103445, 
      -2043987.8355887614
    ], 
    [
      -3161.883878283708, 
      122.19548443945821, 
      10052.720513472861, 
      1494.4520470495752, 
      -62.157345244550584, 
      -19906.88401705836, 
      43896.69708337741, 
      235631.73135259893
    ], 
    [
      -722.0207850621837, 
      -226.6723012377458, 
      1494.4520470495752, 
      801.3611497383262, 
      -6.10140558168204, 
      -4454.357239404456, 
      8793.539345671294, 
      359506.10925513547
    ], 
    [
      18.345131342070975, 
      31.724931286993016, 
      -62.157345244550584, 
      -6.10140558168204, 
      2.0556391626537924, 
      111.42582510115813, 
      -231.10386575293566, 
      -8176.856990577567
    ], 
    [
      8722.980407151956, 
      854.9452297525282, 
      -19906.88401705836, 
      -4454.357239404456, 
      111.42582510115813, 
      54177.84262209925, 
      -111451.51399610518, 
      -1723995.7984031811
    ], 
    [
      -17817.842639667066, 
      3520.7213951103445, 
      43896.69708337741, 
      8793.539345671294, 
      -231.10386575293566, 
      -111451.51399610518, 
      244463.08127685892, 
      -1246615.6754679868
    ], 
    [
      -320798.34933545254, 
      -2043987.8355887614, 
      235631.73135259893, 
      359506.10925513547, 
      -8176.856990577567, 
      -1723995.7984031811, 
      -1246615.6754679868, 
      1863573398.2124581
    ]
  ], 
  "parameters": [
    "nu_nubar_ratio", 
    "theta13", 
    "theta23", 
    "nue_numu_ratio", 
    "hierarchy", 
    "aeff_scale", 
    "energy_scale", 
    "deltam31"
  ], 
  "priors": [
    0.1, 
    0.003490658503988659, 
    Infinity, 
    0.03, 
    Infinity, 
    Infinity, 
    0.1, 
    Infinity
  ]
}