{
  "best_fits": [
    0.99242653921841395, 
    0.14778260041772742, 
    0.7347435642364446, 
    0.98935677104000852, 
    1.0, 
    1.0001825597394114, 
    1.002221084744241, 
    0.0024994540006163957
  ], 
  "labels": [
    "nu_nubar_ratio", 
    "theta13", 
    "theta23", 
    "nue_numu_ratio", 
    "hierarchy", 
    "aeff_scale", 
    "energy_scale", 
    "deltam31"
  ], 
  "matrix": [
    [
      4608.083017967277, 
      1215.9189332800368, 
      -1584.3446299141801, 
      4369.424018517998, 
      -13.721496477614254, 
      27351.058660044575, 
      -57717.959910610734, 
      208166.88565699453
    ], 
    [
      1215.9189332800368, 
      1485.3454351884343, 
      765.5893654792103, 
      1283.522738666034, 
      72.9606567345744, 
      7016.588597845137, 
      -16874.677592969536, 
      127510.08970974143
    ], 
    [
      -1584.3446299141801, 
      765.5893654792103, 
      2113.200259405693, 
      -1219.7112756481172, 
      84.00604827327005, 
      -9607.901473971402, 
      16891.842640399944, 
      143974.06825084463
    ], 
    [
      4369.424018517998, 
      1283.522738666034, 
      -1219.7112756481172, 
      4543.683064484867, 
      -26.742343586480214, 
      25956.036255252973, 
      -56167.11787684858, 
      257819.03956171282
    ], 
    [
      -13.721496477614254, 
      72.9606567345744, 
      84.00604827327005, 
      -26.742343586480214, 
      7.605065235651919, 
      -99.70889508405907, 
      103.91613181327507, 
      7161.814374722137
    ], 
    [
      27351.058660044575, 
      7016.588597845137, 
      -9607.901473971402, 
      25956.036255252973, 
      -99.70889508405907, 
      162393.10172916116, 
      -342448.0438312028, 
      1235137.94159915
    ], 
    [
      -57717.959910610734, 
      -16874.677592969536, 
      16891.842640399944, 
      -56167.11787684858, 
      103.91613181327507, 
      -342448.0438312028, 
      733538.6699528001, 
      -3579865.8283877457
    ], 
    [
      208166.88565699453, 
      127510.08970974143, 
      143974.06825084463, 
      257819.03956171282, 
      7161.814374722137, 
      1235137.94159915, 
      -3579865.8283877457, 
      207718577.714951
    ]
  ], 
  "parameters": [
    "nu_nubar_ratio", 
    "theta13", 
    "theta23", 
    "nue_numu_ratio", 
    "hierarchy", 
    "aeff_scale", 
    "energy_scale", 
    "deltam31"
  ], 
  "priors": [
    0.1, 
    0.003490658503988659, 
    Infinity, 
    0.03, 
    Infinity, 
    Infinity, 
    0.1, 
    Infinity
  ]
}