{
  "best_fits": [
    0.99577904386154037, 
    0.14732118396192503, 
    0.71552651028052905, 
    1.0031923634486244, 
    1.0, 
    0.99445007994029355, 
    0.99695455593156868, 
    0.0024864862172626501
  ], 
  "labels": [
    "nu_nubar_ratio", 
    "theta13", 
    "theta23", 
    "nue_numu_ratio", 
    "hierarchy", 
    "aeff_scale", 
    "energy_scale", 
    "deltam31"
  ], 
  "matrix": [
    [
      4582.654845506031, 
      833.7606564110997, 
      -2834.598672342989, 
      4300.211425866241, 
      -27.79310397024835, 
      27549.125541597674, 
      -58074.675284797246, 
      208504.24234058394
    ], 
    [
      833.7606564110997, 
      1152.6403216190338, 
      731.7129530756829, 
      914.2102392207989, 
      49.73595724145769, 
      4849.515152459925, 
      -12105.796980241332, 
      80461.22648923374
    ], 
    [
      -2834.598672342989, 
      731.7129530756829, 
      3933.3146625965906, 
      -2236.253203232035, 
      93.66381206514119, 
      -17227.347671532876, 
      32158.491722980245, 
      113453.98963017101
    ], 
    [
      4300.211425866241, 
      914.2102392207989, 
      -2236.253203232035, 
      4440.862606843189, 
      -18.323208760321897, 
      25868.271725991388, 
      -55970.97439861085, 
      254633.85990372614
    ], 
    [
      -27.79310397024835, 
      49.73595724145769, 
      93.66381206514119, 
      -18.323208760321897, 
      4.509086700732238, 
      -177.7060552910782, 
      237.5366687251938, 
      5997.37122506222
    ], 
    [
      27549.125541597674, 
      4849.515152459925, 
      -17227.347671532876, 
      25868.271725991388, 
      -177.7060552910782, 
      165655.30029302134, 
      -349018.15492965444, 
      1257657.8940954604
    ], 
    [
      -58074.675284797246, 
      -12105.796980241332, 
      32158.491722980245, 
      -55970.97439861085, 
      237.5366687251938, 
      -349018.15492965444, 
      746763.0637895036, 
      -3582783.536445806
    ], 
    [
      208504.24234058394, 
      80461.22648923374, 
      113453.98963017101, 
      254633.85990372614, 
      5997.37122506222, 
      1257657.8940954604, 
      -3582783.536445806, 
      198516192.8329845
    ]
  ], 
  "parameters": [
    "nu_nubar_ratio", 
    "theta13", 
    "theta23", 
    "nue_numu_ratio", 
    "hierarchy", 
    "aeff_scale", 
    "energy_scale", 
    "deltam31"
  ], 
  "priors": [
    0.1, 
    0.003490658503988659, 
    Infinity, 
    0.03, 
    Infinity, 
    Infinity, 
    0.1, 
    Infinity
  ]
}