{
  "best_fits": [
    0.99941234589026995, 
    0.14724266357864557, 
    0.6797790280854964, 
    0.99933498727988757, 
    1.0, 
    0.99906468587418851, 
    1.0007524447499454, 
    0.0024975479836469999
  ], 
  "labels": [
    "nu_nubar_ratio", 
    "theta13", 
    "theta23", 
    "nue_numu_ratio", 
    "hierarchy", 
    "aeff_scale", 
    "energy_scale", 
    "deltam31"
  ], 
  "matrix": [
    [
      1455.0215674465853, 
      328.9268101513652, 
      -5326.554519869215, 
      -794.3080845871566, 
      -6.476672153257665, 
      8979.567550771924, 
      -18399.970569004003, 
      -301094.8284859151
    ], 
    [
      328.9268101513652, 
      2393.199706955926, 
      -729.9728392293613, 
      -313.0211489887987, 
      28.358349010255782, 
      1716.6848160116522, 
      1020.8416005966842, 
      -1831962.0296591953
    ], 
    [
      -5326.554519869215, 
      -729.9728392293613, 
      27023.897617522485, 
      2714.7796407970404, 
      -2.401015339385886, 
      -33263.51137886198, 
      72890.27302650557, 
      452218.4904904571
    ], 
    [
      -794.3080845871566, 
      -313.0211489887987, 
      2714.7796407970404, 
      848.7259121778159, 
      6.055552477788047, 
      -4883.789890560364, 
      9765.608839541128, 
      339808.9434014029
    ], 
    [
      -6.476672153257665, 
      28.358349010255782, 
      -2.401015339385886, 
      6.055552477788047, 
      1.311203127935899, 
      -43.8139373339859, 
      94.71912334526701, 
      -6218.336951948824
    ], 
    [
      8979.567550771924, 
      1716.6848160116522, 
      -33263.51137886198, 
      -4883.789890560364, 
      -43.8139373339859, 
      55493.56560347777, 
      -114395.85414546129, 
      -1624264.7291744775
    ], 
    [
      -18399.970569004003, 
      1020.8416005966842, 
      72890.27302650557, 
      9765.608839541128, 
      94.71912334526701, 
      -114395.85414546129, 
      249557.6031749765, 
      -974827.5416815458
    ], 
    [
      -301094.8284859151, 
      -1831962.0296591953, 
      452218.4904904571, 
      339808.9434014029, 
      -6218.336951948824, 
      -1624264.7291744775, 
      -974827.5416815458, 
      1682093022.8026168
    ]
  ], 
  "parameters": [
    "nu_nubar_ratio", 
    "theta13", 
    "theta23", 
    "nue_numu_ratio", 
    "hierarchy", 
    "aeff_scale", 
    "energy_scale", 
    "deltam31"
  ], 
  "priors": [
    0.1, 
    0.003490658503988659, 
    Infinity, 
    0.03, 
    Infinity, 
    Infinity, 
    0.1, 
    Infinity
  ]
}