{
  "best_fits": [
    0.97665374112476944, 
    0.14751349931959906, 
    0.71667747149573968, 
    0.99926698615177434, 
    1.0, 
    1.0416625938659647, 
    1.0231262127252727, 
    0.0025516214535775601
  ], 
  "labels": [
    "nu_nubar_ratio", 
    "theta13", 
    "theta23", 
    "nue_numu_ratio", 
    "hierarchy", 
    "aeff_scale", 
    "energy_scale", 
    "deltam31"
  ], 
  "matrix": [
    [
      6279.831315430806, 
      1166.0648269364062, 
      -6614.123829672137, 
      3644.3816239403895, 
      -3.3384052168269287, 
      35425.34735383593, 
      -75499.80200230621, 
      -113570.23024670014
    ], 
    [
      1166.0648269364062, 
      3820.171760024452, 
      672.9372236503099, 
      741.2658860005521, 
      78.00401676139367, 
      6056.922472014281, 
      -9848.399788388104, 
      -1865762.9564744178
    ], 
    [
      -6614.123829672137, 
      672.9372236503099, 
      17214.535410357024, 
      -453.1490084261752, 
      12.544318517064362, 
      -38190.349990530936, 
      80042.24715990742, 
      391947.5838579617
    ], 
    [
      3644.3816239403895, 
      741.2658860005521, 
      -453.1490084261752, 
      5232.476927752906, 
      -7.153899648895349, 
      20317.268409581877, 
      -45582.221426282966, 
      588416.9137332545
    ], 
    [
      -3.3384052168269287, 
      78.00401676139367, 
      12.544318517064362, 
      -7.153899648895349, 
      7.901728500385305, 
      -34.88150963320357, 
      67.35627447770182, 
      -895.1716333174206
    ], 
    [
      35425.34735383593, 
      6056.922472014281, 
      -38190.349990530936, 
      20317.268409581877, 
      -34.88150963320357, 
      199993.3195669308, 
      -426662.3189889289, 
      -445058.1534348428
    ], 
    [
      -75499.80200230621, 
      -9848.399788388104, 
      80042.24715990742, 
      -45582.221426282966, 
      67.35627447770182, 
      -426662.3189889289, 
      934601.078252465, 
      -4481404.00397048
    ], 
    [
      -113570.23024670014, 
      -1865762.9564744178, 
      391947.5838579617, 
      588416.9137332545, 
      -895.1716333174206, 
      -445058.1534348428, 
      -4481404.00397048, 
      1951930497.1759102
    ]
  ], 
  "parameters": [
    "nu_nubar_ratio", 
    "theta13", 
    "theta23", 
    "nue_numu_ratio", 
    "hierarchy", 
    "aeff_scale", 
    "energy_scale", 
    "deltam31"
  ], 
  "priors": [
    0.1, 
    0.003490658503988659, 
    Infinity, 
    0.03, 
    Infinity, 
    Infinity, 
    0.1, 
    Infinity
  ]
}