{
  "best_fits": [
    0.99683686793353643, 
    0.14717115251253371, 
    0.70216923692487487, 
    0.99570915520464731, 
    1.0, 
    0.99870795678753554, 
    1.0018774920210114, 
    0.002500267658926361
  ], 
  "labels": [
    "nu_nubar_ratio", 
    "theta13", 
    "theta23", 
    "nue_numu_ratio", 
    "hierarchy", 
    "aeff_scale", 
    "energy_scale", 
    "deltam31"
  ], 
  "matrix": [
    [
      4543.118960713164, 
      684.1530410673141, 
      -3710.9587589150337, 
      4263.721424446052, 
      -9.42888870898705, 
      27255.547100442756, 
      -57413.03650401819, 
      206724.45725334066
    ], 
    [
      684.1530410673141, 
      1034.0987793281715, 
      745.8530813578353, 
      775.2414132452852, 
      63.34085707234055, 
      3959.256745742991, 
      -10105.64415828743, 
      59946.200574878596
    ], 
    [
      -3710.9587589150337, 
      745.8530813578353, 
      5719.049659763335, 
      -2957.0254035242424, 
      95.51134284530534, 
      -22440.81636647031, 
      42642.77523252516, 
      89767.65189371709
    ], 
    [
      4263.721424446052, 
      775.2414132452852, 
      -2957.0254035242424, 
      4415.528919301527, 
      -17.133978441717428, 
      25595.446074220006, 
      -55361.56240274617, 
      251613.3298964872
    ], 
    [
      -9.42888870898705, 
      63.34085707234055, 
      95.51134284530534, 
      -17.133978441717428, 
      6.278083225490216, 
      -69.83972378241997, 
      42.269385667552584, 
      6270.8960674740265
    ], 
    [
      27255.547100442756, 
      3959.256745742991, 
      -22440.81636647031, 
      25595.446074220006, 
      -69.83972378241997, 
      163549.97229370315, 
      -344355.59411277436, 
      1246450.181123658
    ], 
    [
      -57413.03650401819, 
      -10105.64415828743, 
      42642.77523252516, 
      -55361.56240274617, 
      42.269385667552584, 
      -344355.59411277436, 
      736115.5184907462, 
      -3513685.1755004697
    ], 
    [
      206724.45725334066, 
      59946.200574878596, 
      89767.65189371709, 
      251613.3298964872, 
      6270.8960674740265, 
      1246450.181123658, 
      -3513685.1755004697, 
      190511801.97125408
    ]
  ], 
  "parameters": [
    "nu_nubar_ratio", 
    "theta13", 
    "theta23", 
    "nue_numu_ratio", 
    "hierarchy", 
    "aeff_scale", 
    "energy_scale", 
    "deltam31"
  ], 
  "priors": [
    0.1, 
    0.003490658503988659, 
    Infinity, 
    0.03, 
    Infinity, 
    Infinity, 
    0.1, 
    Infinity
  ]
}