{
  "best_fits": [
    0.99380195375020319, 
    0.14847433024269779, 
    0.73339562519620838, 
    1.00248933406897, 
    1.0, 
    1.0052182256201529, 
    1.0057533458491825, 
    0.0025022644955178743
  ], 
  "labels": [
    "nu_nubar_ratio", 
    "theta13", 
    "theta23", 
    "nue_numu_ratio", 
    "hierarchy", 
    "aeff_scale", 
    "energy_scale", 
    "deltam31"
  ], 
  "matrix": [
    [
      1419.7612031827664, 
      190.5527958895688, 
      -2946.5638046837475, 
      -715.9109328404322, 
      10.12522102957891, 
      8684.579645933758, 
      -17736.62331926338, 
      -323863.0979781162
    ], 
    [
      190.5527958895688, 
      2753.6110003172003, 
      170.59394932442916, 
      -220.59686644821156, 
      48.70780370317635, 
      778.1837964884955, 
      3699.515504466504, 
      -2053875.1820902221
    ], 
    [
      -2946.5638046837475, 
      170.59394932442916, 
      8678.420092537695, 
      1366.6000248604769, 
      -67.97461367681287, 
      -18311.567495719686, 
      40414.48974262977, 
      209590.90357746178
    ], 
    [
      -715.9109328404322, 
      -220.59686644821156, 
      1366.6000248604769, 
      788.6425241538469, 
      2.4342540549760696, 
      -4356.167897522193, 
      8587.463380685062, 
      358100.42363484966
    ], 
    [
      10.12522102957891, 
      48.70780370317635, 
      -67.97461367681287, 
      2.4342540549760696, 
      3.1461949179887427, 
      58.48632390130197, 
      -110.66669606407008, 
      -20414.668092177148
    ], 
    [
      8684.579645933758, 
      778.1837964884955, 
      -18311.567495719686, 
      -4356.167897522193, 
      58.48632390130197, 
      53215.20615492298, 
      -109470.06242561176, 
      -1714517.698748937
    ], 
    [
      -17736.62331926338, 
      3699.515504466504, 
      40414.48974262977, 
      8587.463380685062, 
      -110.66669606407008, 
      -109470.06242561176, 
      240182.72906966417, 
      -1228427.2807900435
    ], 
    [
      -323863.0979781162, 
      -2053875.1820902221, 
      209590.90357746178, 
      358100.42363484966, 
      -20414.668092177148, 
      -1714517.698748937, 
      -1228427.2807900435, 
      1857292059.5184236
    ]
  ], 
  "parameters": [
    "nu_nubar_ratio", 
    "theta13", 
    "theta23", 
    "nue_numu_ratio", 
    "hierarchy", 
    "aeff_scale", 
    "energy_scale", 
    "deltam31"
  ], 
  "priors": [
    0.1, 
    0.003490658503988659, 
    Infinity, 
    0.03, 
    Infinity, 
    Infinity, 
    0.1, 
    Infinity
  ]
}