{
  "best_fits": [
    0.99683686793353643, 
    0.14717115251253371, 
    0.70216923692487487, 
    0.99570915520464731, 
    1.0, 
    0.99870795678753554, 
    1.0018774920210114, 
    0.002500267658926361
  ], 
  "labels": [
    "nu_nubar_ratio", 
    "theta13", 
    "theta23", 
    "nue_numu_ratio", 
    "hierarchy", 
    "aeff_scale", 
    "energy_scale", 
    "deltam31"
  ], 
  "matrix": [
    [
      5981.300807222389, 
      958.8781573534943, 
      -8044.645247915596, 
      3504.223985312835, 
      0.5239861133213495, 
      36119.69271678393, 
      -75516.85677297453, 
      -103932.89868681433
    ], 
    [
      958.8781573534943, 
      3567.3199879761914, 
      457.4973545929493, 
      502.44022705658, 
      95.16169180457463, 
      5310.194682920498, 
      -7996.088643500118, 
      -1870542.0138741578
    ], 
    [
      -8044.645247915596, 
      457.4973545929493, 
      23991.473797218543, 
      -835.5656206712424, 
      2.0182282235251563, 
      -49505.26513270651, 
      102004.73988736866, 
      446662.8823274928
    ], 
    [
      3504.223985312835, 
      502.44022705658, 
      -835.5656206712424, 
      5239.280307235842, 
      -18.560846093313152, 
      20933.995939320703, 
      -46113.00863766046, 
      599987.5879921363
    ], 
    [
      0.5239861133213495, 
      95.16169180457463, 
      2.0182282235251563, 
      -18.560846093313152, 
      8.532488016632417, 
      -10.370168228057125, 
      -102.5393989639803, 
      -1056.9939417963278
    ], 
    [
      36119.69271678393, 
      5310.194682920498, 
      -49505.26513270651, 
      20933.995939320703, 
      -10.370168228057125, 
      218266.4432026514, 
      -456835.8000572071, 
      -420398.2491457702
    ], 
    [
      -75516.85677297453, 
      -7996.088643500118, 
      102004.73988736866, 
      -46113.00863766046, 
      -102.5393989639803, 
      -456835.8000572071, 
      981753.9307162431, 
      -4630971.38753139
    ], 
    [
      -103932.89868681433, 
      -1870542.0138741578, 
      446662.8823274928, 
      599987.5879921363, 
      -1056.9939417963278, 
      -420398.2491457702, 
      -4630971.38753139, 
      1957747998.7490358
    ]
  ], 
  "parameters": [
    "nu_nubar_ratio", 
    "theta13", 
    "theta23", 
    "nue_numu_ratio", 
    "hierarchy", 
    "aeff_scale", 
    "energy_scale", 
    "deltam31"
  ], 
  "priors": [
    0.1, 
    0.003490658503988659, 
    Infinity, 
    0.03, 
    Infinity, 
    Infinity, 
    0.1, 
    Infinity
  ]
}