{
  "best_fits": [
    1.0060157112051373, 
    0.14756031883159043, 
    0.67787788035411534, 
    1.0101782198956626, 
    1.0, 
    1.0022095327411504, 
    0.99825545969184215, 
    0.0024896946994563281
  ], 
  "labels": [
    "nu_nubar_ratio", 
    "theta13", 
    "theta23", 
    "nue_numu_ratio", 
    "hierarchy", 
    "aeff_scale", 
    "energy_scale", 
    "deltam31"
  ], 
  "matrix": [
    [
      5933.596065818329, 
      530.9206251176192, 
      -10642.395671417053, 
      3364.375750426691, 
      -3.979927246141763, 
      36203.08088788572, 
      -76213.3820766464, 
      -93369.98916381394
    ], 
    [
      530.9206251176192, 
      3188.779345054835, 
      298.89507632016125, 
      -7.412704370986432, 
      53.97929901046662, 
      2846.8451422682456, 
      -2914.9486126867137, 
      -1838932.2553437527
    ], 
    [
      -10642.395671417053, 
      298.89507632016125, 
      37818.74793371877, 
      -1357.986875901459, 
      23.917413249501053, 
      -65839.93359974862, 
      136804.8790059421, 
      505659.33364767913
    ], 
    [
      3364.375750426691, 
      -7.412704370986432, 
      -1357.986875901459, 
      5134.194461077276, 
      -30.501645446023502, 
      20342.98670703021, 
      -45169.462579529274, 
      589014.3844803286
    ], 
    [
      -3.979927246141763, 
      53.97929901046662, 
      23.917413249501053, 
      -30.501645446023502, 
      8.72964730693791, 
      -24.738054953123992, 
      -55.16897103191303, 
      656.6371065640205
    ], 
    [
      36203.08088788572, 
      2846.8451422682456, 
      -65839.93359974862, 
      20342.98670703021, 
      -24.738054953123992, 
      221009.5575465563, 
      -465797.94278365944, 
      -361805.5316775376
    ], 
    [
      -76213.3820766464, 
      -2914.9486126867137, 
      136804.8790059421, 
      -45169.462579529274, 
      -55.16897103191303, 
      -465797.94278365944, 
      1006715.2209311784, 
      -4497114.798653605
    ], 
    [
      -93369.98916381394, 
      -1838932.2553437527, 
      505659.33364767913, 
      589014.3844803286, 
      656.6371065640205, 
      -361805.5316775376, 
      -4497114.798653605, 
      1872795934.0823195
    ]
  ], 
  "parameters": [
    "nu_nubar_ratio", 
    "theta13", 
    "theta23", 
    "nue_numu_ratio", 
    "hierarchy", 
    "aeff_scale", 
    "energy_scale", 
    "deltam31"
  ], 
  "priors": [
    0.1, 
    0.003490658503988659, 
    Infinity, 
    0.03, 
    Infinity, 
    Infinity, 
    0.1, 
    Infinity
  ]
}