{
  "best_fits": [
    0.98622709787250595, 
    0.14717061762072212, 
    0.72389670108269388, 
    1.0013252296743942, 
    1.0, 
    1.0185478285274114, 
    1.0122786468582539, 
    0.0025240633237064852
  ], 
  "labels": [
    "nu_nubar_ratio", 
    "theta13", 
    "theta23", 
    "nue_numu_ratio", 
    "hierarchy", 
    "aeff_scale", 
    "energy_scale", 
    "deltam31"
  ], 
  "matrix": [
    [
      1453.5150294028892, 
      213.54277572942547, 
      -3397.8746243073615, 
      -733.0705113935403, 
      -0.1232519230586923, 
      8685.777671092774, 
      -17864.112888429314, 
      -318946.47828923544
    ], 
    [
      213.54277572942547, 
      2652.9406231989365, 
      64.37503739590173, 
      -231.56665211134538, 
      32.91328358155429, 
      912.4964341011099, 
      3207.6365317625264, 
      -1990675.4737300028
    ], 
    [
      -3397.8746243073615, 
      64.37503739590173, 
      11212.706667546405, 
      1580.7453945489792, 
      -51.78789855659762, 
      -20607.327924815272, 
      45690.638347286666, 
      249666.52326930608
    ], 
    [
      -733.0705113935403, 
      -231.56665211134538, 
      1580.7453945489792, 
      795.0875443618127, 
      9.501061387309795, 
      -4359.485752709065, 
      8670.159581456974, 
      350295.05842157424
    ], 
    [
      -0.1232519230586923, 
      32.91328358155429, 
      -51.78789855659762, 
      9.501061387309795, 
      2.7194645301194664, 
      -2.8696742730327363, 
      -14.329408468382479, 
      -5404.047923783999
    ], 
    [
      8685.777671092774, 
      912.4964341011099, 
      -20607.327924815272, 
      -4359.485752709065, 
      -2.8696742730327363, 
      51989.48512531002, 
      -107674.19990013792, 
      -1652309.5462761892
    ], 
    [
      -17864.112888429314, 
      3207.6365317625264, 
      45690.638347286666, 
      8670.159581456974, 
      -14.329408468382479, 
      -107674.19990013792, 
      237510.958408787, 
      -1197167.2400523261
    ], 
    [
      -318946.47828923544, 
      -1990675.4737300028, 
      249666.52326930608, 
      350295.05842157424, 
      -5404.047923783999, 
      -1652309.5462761892, 
      -1197167.2400523261, 
      1806801266.5411735
    ]
  ], 
  "parameters": [
    "nu_nubar_ratio", 
    "theta13", 
    "theta23", 
    "nue_numu_ratio", 
    "hierarchy", 
    "aeff_scale", 
    "energy_scale", 
    "deltam31"
  ], 
  "priors": [
    0.1, 
    0.003490658503988659, 
    Infinity, 
    0.03, 
    Infinity, 
    Infinity, 
    0.1, 
    Infinity
  ]
}