{
  "best_fits": [
    0.99577904386154037, 
    0.14732118396192503, 
    0.71552651028052905, 
    1.0031923634486244, 
    1.0, 
    0.99445007994029355, 
    0.99695455593156868, 
    0.0024864862172626501
  ], 
  "labels": [
    "nu_nubar_ratio", 
    "theta13", 
    "theta23", 
    "nue_numu_ratio", 
    "hierarchy", 
    "aeff_scale", 
    "energy_scale", 
    "deltam31"
  ], 
  "matrix": [
    [
      6019.142342871079, 
      1077.262320733772, 
      -6586.173574405934, 
      3556.4771088996213, 
      -2.955197157825669, 
      36437.430399595134, 
      -76217.64011491349, 
      -110989.36004918686
    ], 
    [
      1077.262320733772, 
      3782.539601512538, 
      650.7881949670451, 
      660.8377084840085, 
      78.85438738820721, 
      5993.169484969619, 
      -9330.362731448779, 
      -1923439.0786218361
    ], 
    [
      -6586.173574405934, 
      650.7881949670451, 
      17726.839835569517, 
      -441.91720177227603, 
      4.155989012496875, 
      -40769.56391655946, 
      83903.7506867063, 
      414481.07406596374
    ], 
    [
      3556.4771088996213, 
      660.8377084840085, 
      -441.91720177227603, 
      5252.04143786881, 
      -27.575729998380883, 
      21287.941487191663, 
      -46911.63051608405, 
      610961.1759718163
    ], 
    [
      -2.955197157825669, 
      78.85438738820721, 
      4.155989012496875, 
      -27.575729998380883, 
      6.903465574466587, 
      -25.16859216776291, 
      -83.52788706468152, 
      -303.5585275312578
    ], 
    [
      36437.430399595134, 
      5993.169484969619, 
      -40769.56391655946, 
      21287.941487191663, 
      -25.16859216776291, 
      220739.65386998266, 
      -462224.23651075043, 
      -459389.3846251515
    ], 
    [
      -76217.64011491349, 
      -9330.362731448779, 
      83903.7506867063, 
      -46911.63051608405, 
      -83.52788706468152, 
      -462224.23651075043, 
      994456.4932357551, 
      -4788529.230084728
    ], 
    [
      -110989.36004918686, 
      -1923439.0786218361, 
      414481.07406596374, 
      610961.1759718163, 
      -303.5585275312578, 
      -459389.3846251515, 
      -4788529.230084728, 
      2036744953.4396646
    ]
  ], 
  "parameters": [
    "nu_nubar_ratio", 
    "theta13", 
    "theta23", 
    "nue_numu_ratio", 
    "hierarchy", 
    "aeff_scale", 
    "energy_scale", 
    "deltam31"
  ], 
  "priors": [
    0.1, 
    0.003490658503988659, 
    Infinity, 
    0.03, 
    Infinity, 
    Infinity, 
    0.1, 
    Infinity
  ]
}