{
  "best_fits": [
    0.99380195375020319, 
    0.14847433024269779, 
    0.73339562519620838, 
    1.00248933406897, 
    1.0, 
    1.0052182256201529, 
    1.0057533458491825, 
    0.0025022644955178743
  ], 
  "labels": [
    "nu_nubar_ratio", 
    "theta13", 
    "theta23", 
    "nue_numu_ratio", 
    "hierarchy", 
    "aeff_scale", 
    "energy_scale", 
    "deltam31"
  ], 
  "matrix": [
    [
      6007.9711812482865, 
      1286.2966237537937, 
      -4587.945318318444, 
      3596.969290987452, 
      12.513822365986305, 
      35851.39536231063, 
      -75156.3384766914, 
      -115652.2162043725
    ], 
    [
      1286.2966237537937, 
      4118.336815085002, 
      934.3388406199738, 
      939.5663755469293, 
      113.91663248067583, 
      7076.460310218251, 
      -11612.279562976064, 
      -1939632.025258494
    ], 
    [
      -4587.945318318444, 
      934.3388406199738, 
      10857.779788190215, 
      111.7431478409128, 
      -3.233063972845187, 
      -28228.109407350505, 
      57977.07278856266, 
      349595.931810058
    ], 
    [
      3596.969290987452, 
      939.5663755469293, 
      111.7431478409128, 
      5236.233367430626, 
      -7.677618336981288, 
      21199.97730046726, 
      -46805.638026497014, 
      613039.1437817395
    ], 
    [
      12.513822365986305, 
      113.91663248067583, 
      -3.233063972845187, 
      -7.677618336981288, 
      8.954532478145042, 
      57.10616516242271, 
      -187.26348835459714, 
      -15242.21268861186
    ], 
    [
      35851.39536231063, 
      7076.460310218251, 
      -28228.109407350505, 
      21199.97730046726, 
      57.10616516242271, 
      214119.28110955845, 
      -449320.7327775077, 
      -481482.15822168486
    ], 
    [
      -75156.3384766914, 
      -11612.279562976064, 
      57977.07278856266, 
      -46805.638026497014, 
      -187.26348835459714, 
      -449320.7327775077, 
      969240.2621976614, 
      -4789784.980571278
    ], 
    [
      -115652.2162043725, 
      -1939632.025258494, 
      349595.931810058, 
      613039.1437817395, 
      -15242.21268861186, 
      -481482.15822168486, 
      -4789784.980571278, 
      2062034626.8891337
    ]
  ], 
  "parameters": [
    "nu_nubar_ratio", 
    "theta13", 
    "theta23", 
    "nue_numu_ratio", 
    "hierarchy", 
    "aeff_scale", 
    "energy_scale", 
    "deltam31"
  ], 
  "priors": [
    0.1, 
    0.003490658503988659, 
    Infinity, 
    0.03, 
    Infinity, 
    Infinity, 
    0.1, 
    Infinity
  ]
}