{
  "best_fits": [
    0.98622709787250595, 
    0.14717061762072212, 
    0.72389670108269388, 
    1.0013252296743942, 
    1.0, 
    1.0185478285274114, 
    1.0122786468582539, 
    0.0025240633237064852
  ], 
  "labels": [
    "nu_nubar_ratio", 
    "theta13", 
    "theta23", 
    "nue_numu_ratio", 
    "hierarchy", 
    "aeff_scale", 
    "energy_scale", 
    "deltam31"
  ], 
  "matrix": [
    [
      4669.924358771922, 
      1005.884961021313, 
      -2315.4388157957296, 
      4348.6167349605375, 
      4.08411028535124, 
      27054.648851430866, 
      -57542.16788057405, 
      208692.6894802883
    ], 
    [
      1005.884961021313, 
      1292.505003901455, 
      723.9786771871134, 
      1066.1092456830804, 
      59.366931047144206, 
      5650.4940845260835, 
      -13945.993635765915, 
      98737.00484563604
    ], 
    [
      -2315.4388157957296, 
      723.9786771871134, 
      3028.5386016680486, 
      -1799.7607885080217, 
      55.826479177067455, 
      -13607.207214690117, 
      25221.80919500001, 
      121720.4965578839
    ], 
    [
      4348.6167349605375, 
      1066.1092456830804, 
      -1799.7607885080217, 
      4445.173564151775, 
      -13.816576565339698, 
      25210.86703701282, 
      -54991.27260216105, 
      252379.6840445499
    ], 
    [
      4.08411028535124, 
      59.366931047144206, 
      55.826479177067455, 
      -13.816576565339698, 
      5.647962434807331, 
      9.73480005009469, 
      -68.74455094887267, 
      4474.763845939435
    ], 
    [
      27054.648851430866, 
      5650.4940845260835, 
      -13607.207214690117, 
      25210.86703701282, 
      9.73480005009469, 
      156781.86852372022, 
      -333245.87547559, 
      1211007.4572874457
    ], 
    [
      -57542.16788057405, 
      -13945.993635765915, 
      25221.80919500001, 
      -54991.27260216105, 
      -68.74455094887267, 
      -333245.87547559, 
      719227.9918841094, 
      -3490508.090652292
    ], 
    [
      208692.6894802883, 
      98737.00484563604, 
      121720.4965578839, 
      252379.6840445499, 
      4474.763845939435, 
      1211007.4572874457, 
      -3490508.090652292, 
      197465280.02775785
    ]
  ], 
  "parameters": [
    "nu_nubar_ratio", 
    "theta13", 
    "theta23", 
    "nue_numu_ratio", 
    "hierarchy", 
    "aeff_scale", 
    "energy_scale", 
    "deltam31"
  ], 
  "priors": [
    0.1, 
    0.003490658503988659, 
    Infinity, 
    0.03, 
    Infinity, 
    Infinity, 
    0.1, 
    Infinity
  ]
}