{
  "best_fits": [
    0.99941234589026995, 
    0.14724266357864557, 
    0.6797790280854964, 
    0.99933498727988757, 
    1.0, 
    0.99906468587418851, 
    1.0007524447499454, 
    0.0024975479836469999
  ], 
  "labels": [
    "nu_nubar_ratio", 
    "theta13", 
    "theta23", 
    "nue_numu_ratio", 
    "hierarchy", 
    "aeff_scale", 
    "energy_scale", 
    "deltam31"
  ], 
  "matrix": [
    [
      5977.805107466769, 
      633.0027013696988, 
      -10484.828404939803, 
      3399.4981966845053, 
      3.5565107944388323, 
      36261.884968651444, 
      -75915.58653151256, 
      -94445.65790589439
    ], 
    [
      633.0027013696988, 
      3206.811705806051, 
      262.5292884048556, 
      104.51474464209196, 
      93.00420029244621, 
      3437.0918122839257, 
      -4173.292341040571, 
      -1815647.961884091
    ], 
    [
      -10484.828404939803, 
      262.5292884048556, 
      36560.51883285178, 
      -1358.4586500223113, 
      102.11096782823012, 
      -64527.15818914135, 
      133334.8635259621, 
      496804.4388744538
    ], 
    [
      3399.4981966845053, 
      104.51474464209196, 
      -1358.4586500223113, 
      5166.414540904068, 
      17.513773878752495, 
      20426.897855187053, 
      -45089.66654057383, 
      586910.4879315348
    ], 
    [
      3.5565107944388323, 
      93.00420029244621, 
      102.11096782823012, 
      17.513773878752495, 
      7.7028119708479235, 
      5.906978042077732, 
      -151.75583455464673, 
      1907.4000463837456
    ], 
    [
      36261.884968651444, 
      3437.0918122839257, 
      -64527.15818914135, 
      20426.897855187053, 
      5.906978042077732, 
      220093.0064793905, 
      -461295.34887052636, 
      -367866.9910973888
    ], 
    [
      -75915.58653151256, 
      -4173.292341040571, 
      133334.8635259621, 
      -45089.66654057383, 
      -151.75583455464673, 
      -461295.34887052636, 
      991569.4818081767, 
      -4455517.928534813
    ], 
    [
      -94445.65790589439, 
      -1815647.961884091, 
      496804.4388744538, 
      586910.4879315348, 
      1907.4000463837456, 
      -367866.9910973888, 
      -4455517.928534813, 
      1861135463.4202332
    ]
  ], 
  "parameters": [
    "nu_nubar_ratio", 
    "theta13", 
    "theta23", 
    "nue_numu_ratio", 
    "hierarchy", 
    "aeff_scale", 
    "energy_scale", 
    "deltam31"
  ], 
  "priors": [
    0.1, 
    0.003490658503988659, 
    Infinity, 
    0.03, 
    Infinity, 
    Infinity, 
    0.1, 
    Infinity
  ]
}