{
  "best_fits": [
    0.98622709787250595, 
    0.14717061762072212, 
    0.72389670108269388, 
    1.0013252296743942, 
    1.0, 
    1.0185478285274114, 
    1.0122786468582539, 
    0.0025240633237064852
  ], 
  "labels": [
    "nu_nubar_ratio", 
    "theta13", 
    "theta23", 
    "nue_numu_ratio", 
    "hierarchy", 
    "aeff_scale", 
    "energy_scale", 
    "deltam31"
  ], 
  "matrix": [
    [
      6123.439388174811, 
      1219.4277367507384, 
      -5713.313440103091, 
      3615.5462235669975, 
      3.960858362292548, 
      35740.42652252364, 
      -75406.28076900337, 
      -110253.78880894714
    ], 
    [
      1219.4277367507384, 
      3945.4456271003914, 
      788.3537145830151, 
      834.5425935717351, 
      92.2802146286985, 
      6562.9905186271935, 
      -10738.35710400339, 
      -1891938.4688843668
    ], 
    [
      -5713.313440103091, 
      788.3537145830151, 
      14241.245269214454, 
      -219.0153939590425, 
      4.038580620469837, 
      -34214.53513950539, 
      70912.44754228668, 
      371387.01982719
    ], 
    [
      3615.5462235669975, 
      834.5425935717351, 
      -219.0153939590425, 
      5240.261108513588, 
      -4.315515178029903, 
      20851.381284303756, 
      -46321.11302070408, 
      602674.7424661241
    ], 
    [
      3.960858362292548, 
      92.2802146286985, 
      4.038580620469837, 
      -4.315515178029903, 
      8.367426964926798, 
      6.865125777061953, 
      -83.07395941725515, 
      -929.2840778445643
    ], 
    [
      35740.42652252364, 
      6562.9905186271935, 
      -34214.53513950539, 
      20851.381284303756, 
      6.865125777061953, 
      208771.35364903024, 
      -440920.0753757279, 
      -441302.0889887435
    ], 
    [
      -75406.28076900337, 
      -10738.35710400339, 
      70912.44754228668, 
      -46321.11302070408, 
      -83.07395941725515, 
      -440920.0753757279, 
      956738.9502928965, 
      -4687675.330704618
    ], 
    [
      -110253.78880894714, 
      -1891938.4688843668, 
      371387.01982719, 
      602674.7424661241, 
      -929.2840778445643, 
      -441302.0889887435, 
      -4687675.330704618, 
      2004266546.5689313
    ]
  ], 
  "parameters": [
    "nu_nubar_ratio", 
    "theta13", 
    "theta23", 
    "nue_numu_ratio", 
    "hierarchy", 
    "aeff_scale", 
    "energy_scale", 
    "deltam31"
  ], 
  "priors": [
    0.1, 
    0.003490658503988659, 
    Infinity, 
    0.03, 
    Infinity, 
    Infinity, 
    0.1, 
    Infinity
  ]
}