{
  "best_fits": [
    0.99860141684335701, 
    0.14710161864389684, 
    0.69628916186685497, 
    0.99841147908745709, 
    1.0, 
    0.99867234682239037, 
    1.0007804523998876, 
    0.0024977264827248775
  ], 
  "labels": [
    "nu_nubar_ratio", 
    "theta13", 
    "theta23", 
    "nue_numu_ratio", 
    "hierarchy", 
    "aeff_scale", 
    "energy_scale", 
    "deltam31"
  ], 
  "matrix": [
    [
      5972.630944523591, 
      864.6746711587348, 
      -8681.744199669425, 
      3474.8999851579692, 
      -1.4596916832776063, 
      36166.762084004244, 
      -75692.17093722781, 
      -101483.07180881914
    ], 
    [
      864.6746711587348, 
      3463.2353533457713, 
      395.95609442434795, 
      386.83037179254706, 
      103.17072238671477, 
      4778.61264776049, 
      -6905.427228290803, 
      -1861767.5097382457
    ], 
    [
      -8681.744199669425, 
      395.95609442434795, 
      27057.22763647463, 
      -981.0239836256196, 
      124.12976944389321, 
      -53497.51298545228, 
      110398.38417331823, 
      462314.5558591173
    ], 
    [
      3474.8999851579692, 
      386.83037179254706, 
      -981.0239836256196, 
      5219.808597144368, 
      19.244991435556464, 
      20824.526665557096, 
      -45928.218739180214, 
      597512.3912104574
    ], 
    [
      -1.4596916832776063, 
      103.17072238671477, 
      124.12976944389321, 
      19.244991435556464, 
      8.827867802144212, 
      -28.492496728716958, 
      -87.30780420167494, 
      3391.1504769192125
    ], 
    [
      36166.762084004244, 
      4778.61264776049, 
      -53497.51298545228, 
      20824.526665557096, 
      -28.492496728716958, 
      219145.82017330424, 
      -459149.8743268965, 
      -407113.9240085827
    ], 
    [
      -75692.17093722781, 
      -6905.427228290803, 
      110398.38417331823, 
      -45928.218739180214, 
      -87.30780420167494, 
      -459149.8743268965, 
      987471.6763540335, 
      -4602876.832101129
    ], 
    [
      -101483.07180881914, 
      -1861767.5097382457, 
      462314.5558591173, 
      597512.3912104574, 
      3391.1504769192125, 
      -407113.9240085827, 
      -4602876.832101129, 
      1938597964.9335308
    ]
  ], 
  "parameters": [
    "nu_nubar_ratio", 
    "theta13", 
    "theta23", 
    "nue_numu_ratio", 
    "hierarchy", 
    "aeff_scale", 
    "energy_scale", 
    "deltam31"
  ], 
  "priors": [
    0.1, 
    0.003490658503988659, 
    Infinity, 
    0.03, 
    Infinity, 
    Infinity, 
    0.1, 
    Infinity
  ]
}