{
  "best_fits": [
    1.0017836895718717, 
    0.14723348790951912, 
    0.70208984814502351, 
    1.0035203532924977, 
    1.0, 
    0.99921704340690953, 
    0.99896194000983884, 
    0.00249355937098922
  ], 
  "labels": [
    "nu_nubar_ratio", 
    "theta13", 
    "theta23", 
    "nue_numu_ratio", 
    "hierarchy", 
    "aeff_scale", 
    "energy_scale", 
    "deltam31"
  ], 
  "matrix": [
    [
      5947.719078080934, 
      904.4905615978371, 
      -8025.647278756376, 
      3486.0869674190017, 
      -0.22626135458125418, 
      36135.85856630861, 
      -75803.79732857487, 
      -103583.92688997788
    ], 
    [
      904.4905615978371, 
      3559.6306475428573, 
      476.9181357868344, 
      444.1823339810766, 
      60.41868773064623, 
      5019.7103357745555, 
      -7376.2646787408885, 
      -1891839.6663122168
    ], 
    [
      -8025.647278756376, 
      476.9181357868344, 
      24076.61226374627, 
      -815.1413456765104, 
      -34.461899546009974, 
      -49675.78883264588, 
      102694.05260187066, 
      450165.91661808913
    ], 
    [
      3486.0869674190017, 
      444.1823339810766, 
      -815.1413456765104, 
      5224.5894052165495, 
      -39.7812925637441, 
      20958.28841255815, 
      -46329.0037796601, 
      602857.555670586
    ], 
    [
      -0.22626135458125418, 
      60.41868773064623, 
      -34.461899546009974, 
      -39.7812925637441, 
      6.724817105900833, 
      -2.9887284157557588, 
      -114.97659186491387, 
      2438.358045887241
    ], 
    [
      36135.85856630861, 
      5019.7103357745555, 
      -49675.78883264588, 
      20958.28841255815, 
      -2.9887284157557588, 
      219692.2450150767, 
      -461366.7823682405, 
      -419330.26088396553
    ], 
    [
      -75803.79732857487, 
      -7376.2646787408885, 
      102694.05260187066, 
      -46329.0037796601, 
      -114.97659186491387, 
      -461366.7823682405, 
      994839.6918061244, 
      -4687817.5302999
    ], 
    [
      -103583.92688997788, 
      -1891839.6663122168, 
      450165.91661808913, 
      602857.555670586, 
      2438.358045887241, 
      -419330.26088396553, 
      -4687817.5302999, 
      1975496393.8818936
    ]
  ], 
  "parameters": [
    "nu_nubar_ratio", 
    "theta13", 
    "theta23", 
    "nue_numu_ratio", 
    "hierarchy", 
    "aeff_scale", 
    "energy_scale", 
    "deltam31"
  ], 
  "priors": [
    0.1, 
    0.003490658503988659, 
    Infinity, 
    0.03, 
    Infinity, 
    Infinity, 
    0.1, 
    Infinity
  ]
}