{
  "best_fits": [
    0.99083523405042817, 
    0.14541857316986426, 
    0.73491516964318959, 
    1.0097456535734899, 
    1.0, 
    1.0186527168985329, 
    1.0121185068875969, 
    0.002532508579496382
  ], 
  "labels": [
    "nu_nubar_ratio", 
    "theta13", 
    "theta23", 
    "nue_numu_ratio", 
    "hierarchy", 
    "aeff_scale", 
    "energy_scale", 
    "deltam31"
  ], 
  "matrix": [
    [
      4628.082879095149, 
      1147.9469430559272, 
      -1588.170068491289, 
      4337.210714774701, 
      -17.96878144107055, 
      26952.664866156592, 
      -57357.35114273063, 
      208897.24550925003
    ], 
    [
      1147.9469430559272, 
      1486.303317138645, 
      797.4773902026432, 
      1202.2365820509647, 
      50.72582127129414, 
      6490.046870813, 
      -15877.45491716491, 
      120172.39642785447
    ], 
    [
      -1588.170068491289, 
      797.4773902026432, 
      2072.7211816496706, 
      -1210.2897882636732, 
      58.8468707243301, 
      -9439.740922572475, 
      16806.41255209816, 
      131527.65759547908
    ], 
    [
      4337.210714774701, 
      1202.2365820509647, 
      -1210.2897882636732, 
      4450.9903354918415, 
      -25.750757670379294, 
      25277.379853216604, 
      -55145.23653030576, 
      253900.0391883953
    ], 
    [
      -17.96878144107055, 
      50.72582127129414, 
      58.8468707243301, 
      -25.750757670379294, 
      4.233926725507597, 
      -116.93955692932434, 
      178.21595222396374, 
      5586.3444926294
    ], 
    [
      26952.664866156592, 
      6490.046870813, 
      -9439.740922572475, 
      25277.379853216604, 
      -116.93955692932434, 
      157012.09688738518, 
      -333905.76385840564, 
      1217196.531355908
    ], 
    [
      -57357.35114273063, 
      -15877.45491716491, 
      16806.41255209816, 
      -55145.23653030576, 
      178.21595222396374, 
      -333905.76385840564, 
      721097.1241478819, 
      -3517773.7425330714
    ], 
    [
      208897.24550925003, 
      120172.39642785447, 
      131527.65759547908, 
      253900.0391883953, 
      5586.3444926294, 
      1217196.531355908, 
      -3517773.7425330714, 
      199256861.76018944
    ]
  ], 
  "parameters": [
    "nu_nubar_ratio", 
    "theta13", 
    "theta23", 
    "nue_numu_ratio", 
    "hierarchy", 
    "aeff_scale", 
    "energy_scale", 
    "deltam31"
  ], 
  "priors": [
    0.1, 
    0.003490658503988659, 
    Infinity, 
    0.03, 
    Infinity, 
    Infinity, 
    0.1, 
    Infinity
  ]
}