{
  "best_fits": [
    0.99577904386154037, 
    0.14732118396192503, 
    0.71552651028052905, 
    1.0031923634486244, 
    1.0, 
    0.99445007994029355, 
    0.99695455593156868, 
    0.0024864862172626501
  ], 
  "labels": [
    "nu_nubar_ratio", 
    "theta13", 
    "theta23", 
    "nue_numu_ratio", 
    "hierarchy", 
    "aeff_scale", 
    "energy_scale", 
    "deltam31"
  ], 
  "matrix": [
    [
      1436.487497365048, 
      243.50166432267235, 
      -3751.574902062945, 
      -743.7343169666203, 
      24.83790681242268, 
      8888.304857997457, 
      -18142.96483011624, 
      -319493.6023897708
    ], 
    [
      243.50166432267235, 
      2629.899279893504, 
      -80.92475810863775, 
      -253.37253073679037, 
      29.11843014674953, 
      1143.6543325096939, 
      2775.4342487925524, 
      -2003900.30511107
    ], 
    [
      -3751.574902062945, 
      -80.92475810863775, 
      13793.525172972926, 
      1794.336001459759, 
      -89.50782305264431, 
      -23542.216245026586, 
      51745.25896372605, 
      301027.08443579276
    ], 
    [
      -743.7343169666203, 
      -253.37253073679037, 
      1794.336001459759, 
      811.1788310256217, 
      -9.252521238058986, 
      -4580.3302387997255, 
      9059.343882526804, 
      356327.31606809015
    ], 
    [
      24.83790681242268, 
      29.11843014674953, 
      -89.50782305264431, 
      -9.252521238058986, 
      2.394378873734348, 
      152.5374631233153, 
      -321.0645557898753, 
      -6300.929752593478
    ], 
    [
      8888.304857997457, 
      1143.6543325096939, 
      -23542.216245026586, 
      -4580.3302387997255, 
      152.5374631233153, 
      55084.35357696133, 
      -113206.081581096, 
      -1717047.278720612
    ], 
    [
      -18142.96483011624, 
      2775.4342487925524, 
      51745.25896372605, 
      9059.343882526804, 
      -321.0645557898753, 
      -113206.081581096, 
      247693.42944625148, 
      -1205745.6936389222
    ], 
    [
      -319493.6023897708, 
      -2003900.30511107, 
      301027.08443579276, 
      356327.31606809015, 
      -6300.929752593478, 
      -1717047.278720612, 
      -1205745.6936389222, 
      1838228760.6066802
    ]
  ], 
  "parameters": [
    "nu_nubar_ratio", 
    "theta13", 
    "theta23", 
    "nue_numu_ratio", 
    "hierarchy", 
    "aeff_scale", 
    "energy_scale", 
    "deltam31"
  ], 
  "priors": [
    0.1, 
    0.003490658503988659, 
    Infinity, 
    0.03, 
    Infinity, 
    Infinity, 
    0.1, 
    Infinity
  ]
}