{
  "best_fits": [
    0.99083523405042817, 
    0.14541857316986426, 
    0.73491516964318959, 
    1.0097456535734899, 
    1.0, 
    1.0186527168985329, 
    1.0121185068875969, 
    0.002532508579496382
  ], 
  "labels": [
    "nu_nubar_ratio", 
    "theta13", 
    "theta23", 
    "nue_numu_ratio", 
    "hierarchy", 
    "aeff_scale", 
    "energy_scale", 
    "deltam31"
  ], 
  "matrix": [
    [
      1428.0988852568612, 
      169.1888927664064, 
      -2877.8456446570776, 
      -713.0070731241564, 
      -18.801157413280194, 
      8591.793460730409, 
      -17666.694902833297, 
      -316870.05239757197
    ], 
    [
      169.1888927664064, 
      2678.291090149639, 
      210.3199750791966, 
      -206.18244614583554, 
      5.529269180592073, 
      646.5449699450216, 
      3847.8541114255872, 
      -2002462.7077133798
    ], 
    [
      -2877.8456446570776, 
      210.3199750791966, 
      8217.073563334729, 
      1325.7054324172318, 
      6.630329493273315, 
      -17587.606339657905, 
      39071.45128602548, 
      190750.09073313486
    ], 
    [
      -713.0070731241564, 
      -206.18244614583554, 
      1325.7054324172318, 
      781.4767880536004, 
      23.114033649810395, 
      -4267.243520892276, 
      8468.943075275307, 
      349702.177952996
    ], 
    [
      -18.801157413280194, 
      5.529269180592073, 
      6.630329493273315, 
      23.114033649810395, 
      2.632015490129346, 
      -112.50143075972476, 
      170.43643505012804, 
      21333.777501039578
    ], 
    [
      8591.793460730409, 
      646.5449699450216, 
      -17587.606339657905, 
      -4267.243520892276, 
      -112.50143075972476, 
      51778.16693132481, 
      -107226.27386241371, 
      -1650504.944082714
    ], 
    [
      -17666.694902833297, 
      3847.8541114255872, 
      39071.45128602548, 
      8468.943075275307, 
      170.43643505012804, 
      -107226.27386241371, 
      236800.24220897479, 
      -1266381.7387471404
    ], 
    [
      -316870.05239757197, 
      -2002462.7077133798, 
      190750.09073313486, 
      349702.177952996, 
      21333.777501039578, 
      -1650504.944082714, 
      -1266381.7387471404, 
      1826872125.1645966
    ]
  ], 
  "parameters": [
    "nu_nubar_ratio", 
    "theta13", 
    "theta23", 
    "nue_numu_ratio", 
    "hierarchy", 
    "aeff_scale", 
    "energy_scale", 
    "deltam31"
  ], 
  "priors": [
    0.1, 
    0.003490658503988659, 
    Infinity, 
    0.03, 
    Infinity, 
    Infinity, 
    0.1, 
    Infinity
  ]
}