{
  "best_fits": [
    0.99297855787835665, 
    0.14713053826276865, 
    0.73278178403818273, 
    1.0051651219206437, 
    1.0, 
    1.010510064089166, 
    1.0082954496091774, 
    0.0025135649505406261
  ], 
  "labels": [
    "nu_nubar_ratio", 
    "theta13", 
    "theta23", 
    "nue_numu_ratio", 
    "hierarchy", 
    "aeff_scale", 
    "energy_scale", 
    "deltam31"
  ], 
  "matrix": [
    [
      6021.867846259252, 
      1287.4451430473316, 
      -4673.611832718621, 
      3603.606934346691, 
      5.558962936122818, 
      35717.20373060218, 
      -75079.48374477975, 
      -112068.71822820295
    ], 
    [
      1287.4451430473316, 
      4111.289387745761, 
      942.2451513494964, 
      946.5992370596614, 
      88.98581588477504, 
      7044.801451654159, 
      -11667.781224689792, 
      -1913787.7120299365
    ], 
    [
      -4673.611832718621, 
      942.2451513494964, 
      11029.173260789603, 
      71.87181212292012, 
      -7.539918816215412, 
      -28560.21828887552, 
      58838.96006419037, 
      343146.63208979135
    ], 
    [
      3603.606934346691, 
      946.5992370596614, 
      71.87181212292012, 
      5235.75752203286, 
      -7.49388526050966, 
      21112.693599569226, 
      -46730.276537513855, 
      609226.3128217154
    ], 
    [
      5.558962936122818, 
      88.98581588477504, 
      -7.539918816215412, 
      -7.49388526050966, 
      7.603839249174502, 
      19.478502589908903, 
      -128.0675399446924, 
      -667.1544519350773
    ], 
    [
      35717.20373060218, 
      7044.801451654159, 
      -28560.21828887552, 
      21112.693599569226, 
      19.478502589908903, 
      212025.92824155808, 
      -446139.819439712, 
      -459546.2941393219
    ], 
    [
      -75079.48374477975, 
      -11667.781224689792, 
      58838.96006419037, 
      -46730.276537513855, 
      -128.0675399446924, 
      -446139.819439712, 
      964892.5772796625, 
      -4783181.03388409
    ], 
    [
      -112068.71822820295, 
      -1913787.7120299365, 
      343146.63208979135, 
      609226.3128217154, 
      -667.1544519350773, 
      -459546.2941393219, 
      -4783181.03388409, 
      2044539256.3620858
    ]
  ], 
  "parameters": [
    "nu_nubar_ratio", 
    "theta13", 
    "theta23", 
    "nue_numu_ratio", 
    "hierarchy", 
    "aeff_scale", 
    "energy_scale", 
    "deltam31"
  ], 
  "priors": [
    0.1, 
    0.003490658503988659, 
    Infinity, 
    0.03, 
    Infinity, 
    Infinity, 
    0.1, 
    Infinity
  ]
}