{
  "best_fits": [
    1.005260132861665, 
    0.14730032034927465, 
    0.69158488774469074, 
    1.0094715507585048, 
    1.0, 
    1.0012849848679182, 
    0.99908817932302696, 
    0.0024915823252692555
  ], 
  "labels": [
    "nu_nubar_ratio", 
    "theta13", 
    "theta23", 
    "nue_numu_ratio", 
    "hierarchy", 
    "aeff_scale", 
    "energy_scale", 
    "deltam31"
  ], 
  "matrix": [
    [
      1429.915517594397, 
      306.151054622076, 
      -4778.99470815192, 
      -770.8561220435719, 
      28.76873615160941, 
      8876.338894731425, 
      -18239.39768533312, 
      -306041.97578459536
    ], 
    [
      306.151054622076, 
      2488.345346585115, 
      -519.7395996545829, 
      -298.44563646976394, 
      25.163857605200427, 
      1571.8926558109877, 
      1525.111289123706, 
      -1903963.2208654576
    ], 
    [
      -4778.99470815192, 
      -519.7395996545829, 
      22271.916095841676, 
      2397.1433107257026, 
      -84.71635115628894, 
      -30038.069944304276, 
      66156.86528068701, 
      408532.70089487534
    ], 
    [
      -770.8561220435719, 
      -298.44563646976394, 
      2397.1433107257026, 
      833.2233114085036, 
      -11.924902879488815, 
      -4765.382489547591, 
      9532.55860514451, 
      346334.8490302765
    ], 
    [
      28.76873615160941, 
      25.163857605200427, 
      -84.71635115628894, 
      -11.924902879488815, 
      3.1963890874963266, 
      177.3217738721018, 
      -361.52969948167714, 
      -2448.2727625901402
    ], 
    [
      8876.338894731425, 
      1571.8926558109877, 
      -30038.069944304276, 
      -4765.382489547591, 
      177.3217738721018, 
      55180.29468958896, 
      -114097.3577062342, 
      -1657396.6316932798
    ], 
    [
      -18239.39768533312, 
      1525.111289123706, 
      66156.86528068701, 
      9532.55860514451, 
      -361.52969948167714, 
      -114097.3577062342, 
      250196.375603397, 
      -1066595.3268121101
    ], 
    [
      -306041.97578459536, 
      -1903963.2208654576, 
      408532.70089487534, 
      346334.8490302765, 
      -2448.2727625901402, 
      -1657396.6316932798, 
      -1066595.3268121101, 
      1747200793.0329573
    ]
  ], 
  "parameters": [
    "nu_nubar_ratio", 
    "theta13", 
    "theta23", 
    "nue_numu_ratio", 
    "hierarchy", 
    "aeff_scale", 
    "energy_scale", 
    "deltam31"
  ], 
  "priors": [
    0.1, 
    0.003490658503988659, 
    Infinity, 
    0.03, 
    Infinity, 
    Infinity, 
    0.1, 
    Infinity
  ]
}