{
  "best_fits": [
    1.0006432512595569, 
    0.14730461245952015, 
    0.72836028522953344, 
    0.99822098040117468, 
    1.0, 
    0.99974867943376333, 
    1.0007774215010881, 
    0.0024962614657659866
  ], 
  "labels": [
    "nu_nubar_ratio", 
    "theta13", 
    "theta23", 
    "nue_numu_ratio", 
    "hierarchy", 
    "aeff_scale", 
    "energy_scale", 
    "deltam31"
  ], 
  "matrix": [
    [
      4527.376962109549, 
      1062.6989751767069, 
      -1983.6792200017524, 
      4306.066141821492, 
      -18.234512018846928, 
      27196.386661367582, 
      -57442.73930575411, 
      207187.9668286524
    ], 
    [
      1062.6989751767069, 
      1362.961679696049, 
      746.3002951356008, 
      1141.561785338622, 
      57.915751181088986, 
      6198.535374212115, 
      -15105.351392394212, 
      110458.57023703122
    ], 
    [
      -1983.6792200017524, 
      746.3002951356008, 
      2627.073215063798, 
      -1558.3380643880223, 
      79.86787911571045, 
      -12111.564814835834, 
      21939.46384565691, 
      133372.89179786757
    ], 
    [
      4306.066141821492, 
      1141.561785338622, 
      -1558.3380643880223, 
      4496.466381738824, 
      -18.088489039405268, 
      25886.98993018313, 
      -56086.20198798905, 
      256892.43437213136
    ], 
    [
      -18.234512018846928, 
      57.915751181088986, 
      79.86787911571045, 
      -18.088489039405268, 
      5.002443357506009, 
      -122.84799530074746, 
      138.0569357979666, 
      6644.404843359441
    ], 
    [
      27196.386661367582, 
      6198.535374212115, 
      -12111.564814835834, 
      25886.98993018313, 
      -122.84799530074746, 
      163418.2525049849, 
      -344944.24453907524, 
      1246249.7852370823
    ], 
    [
      -57442.73930575411, 
      -15105.351392394212, 
      21939.46384565691, 
      -56086.20198798905, 
      138.0569357979666, 
      -344944.24453907524, 
      739528.123398377, 
      -3589760.408002824
    ], 
    [
      207187.9668286524, 
      110458.57023703122, 
      133372.89179786757, 
      256892.43437213136, 
      6644.404843359441, 
      1246249.7852370823, 
      -3589760.408002824, 
      204181240.52463052
    ]
  ], 
  "parameters": [
    "nu_nubar_ratio", 
    "theta13", 
    "theta23", 
    "nue_numu_ratio", 
    "hierarchy", 
    "aeff_scale", 
    "energy_scale", 
    "deltam31"
  ], 
  "priors": [
    0.1, 
    0.003490658503988659, 
    Infinity, 
    0.03, 
    Infinity, 
    Infinity, 
    0.1, 
    Infinity
  ]
}