{
  "best_fits": [
    1.0060157112051373, 
    0.14756031883159043, 
    0.67787788035411534, 
    1.0101782198956626, 
    1.0, 
    1.0022095327411504, 
    0.99825545969184215, 
    0.0024896946994563281
  ], 
  "labels": [
    "nu_nubar_ratio", 
    "theta13", 
    "theta23", 
    "nue_numu_ratio", 
    "hierarchy", 
    "aeff_scale", 
    "energy_scale", 
    "deltam31"
  ], 
  "matrix": [
    [
      1444.8186835755205, 
      337.5617885894758, 
      -5397.168702655478, 
      -794.8381577078666, 
      36.00499052565408, 
      8961.076761144004, 
      -18466.111654894605, 
      -300865.65317613503
    ], 
    [
      337.5617885894758, 
      2409.7571079288805, 
      -800.1355897875128, 
      -322.82303684152436, 
      24.37492419143257, 
      1781.26525552509, 
      888.1936960608991, 
      -1844777.9469514652
    ], 
    [
      -5397.168702655478, 
      -800.1355897875128, 
      27941.28217543855, 
      2774.714790881463, 
      -97.54207086396684, 
      -33868.76108760608, 
      74613.98906410296, 
      466400.28160471097
    ], 
    [
      -794.8381577078666, 
      -322.82303684152436, 
      2774.714790881463, 
      851.0676151705601, 
      -17.88399020663092, 
      -4910.82975283726, 
      9878.963948962695, 
      341503.1365167143
    ], 
    [
      36.00499052565408, 
      24.37492419143257, 
      -97.54207086396684, 
      -17.88399020663092, 
      4.187387696328093, 
      222.0289139773699, 
      -448.3233148222013, 
      -2242.7445674999663
    ], 
    [
      8961.076761144004, 
      1781.26525552509, 
      -33868.76108760608, 
      -4910.82975283726, 
      222.0289139773699, 
      55654.73479254468, 
      -115372.88196719126, 
      -1631742.632710618
    ], 
    [
      -18466.111654894605, 
      888.1936960608991, 
      74613.98906410296, 
      9878.963948962695, 
      -448.3233148222013, 
      -115372.88196719126, 
      253020.67897916076, 
      -972392.4566981606
    ], 
    [
      -300865.65317613503, 
      -1844777.9469514652, 
      466400.28160471097, 
      341503.1365167143, 
      -2242.7445674999663, 
      -1631742.632710618, 
      -972392.4566981606, 
      1693856103.0314507
    ]
  ], 
  "parameters": [
    "nu_nubar_ratio", 
    "theta13", 
    "theta23", 
    "nue_numu_ratio", 
    "hierarchy", 
    "aeff_scale", 
    "energy_scale", 
    "deltam31"
  ], 
  "priors": [
    0.1, 
    0.003490658503988659, 
    Infinity, 
    0.03, 
    Infinity, 
    Infinity, 
    0.1, 
    Infinity
  ]
}