{
  "best_fits": [
    0.99941234589026995, 
    0.14724266357864557, 
    0.6797790280854964, 
    0.99933498727988757, 
    1.0, 
    0.99906468587418851, 
    1.0007524447499454, 
    0.0024975479836469999
  ], 
  "labels": [
    "nu_nubar_ratio", 
    "theta13", 
    "theta23", 
    "nue_numu_ratio", 
    "hierarchy", 
    "aeff_scale", 
    "energy_scale", 
    "deltam31"
  ], 
  "matrix": [
    [
      4522.783540020184, 
      304.0758912183336, 
      -5158.273885070587, 
      4193.806281271662, 
      10.033182947696497, 
      27282.31741787952, 
      -57515.61596250856, 
      206649.1705800207
    ], 
    [
      304.0758912183336, 
      813.6119988501251, 
      992.5021276342169, 
      417.53589363089066, 
      64.64585128219043, 
      1720.4069962722733, 
      -5194.133941637255, 
      16314.06777510447
    ], 
    [
      -5158.273885070587, 
      992.5021276342169, 
      9536.6212153293, 
      -4073.2382908193517, 
      104.51198316761601, 
      -31263.646810279377, 
      60444.59049945652, 
      44585.94838399667
    ], 
    [
      4193.806281271662, 
      417.53589363089066, 
      -4073.2382908193517, 
      4317.688628726252, 
      11.45822140096445, 
      25310.68774574742, 
      -54855.27538011496, 
      247101.54453013183
    ], 
    [
      10.033182947696497, 
      64.64585128219043, 
      104.51198316761601, 
      11.45822140096445, 
      6.391608842912024, 
      49.72091537606363, 
      -246.47495789991373, 
      8125.73699833257
    ], 
    [
      27282.31741787952, 
      1720.4069962722733, 
      -31263.646810279377, 
      25310.68774574742, 
      49.72091537606363, 
      164599.44087591273, 
      -346899.4947250651, 
      1256397.7380770887
    ], 
    [
      -57515.61596250856, 
      -5194.133941637255, 
      60444.59049945652, 
      -54855.27538011496, 
      -246.47495789991373, 
      -346899.4947250651, 
      742011.8786332002, 
      -3480690.386853268
    ], 
    [
      206649.1705800207, 
      16314.06777510447, 
      44585.94838399667, 
      247101.54453013183, 
      8125.73699833257, 
      1256397.7380770887, 
      -3480690.386853268, 
      179042440.61761647
    ]
  ], 
  "parameters": [
    "nu_nubar_ratio", 
    "theta13", 
    "theta23", 
    "nue_numu_ratio", 
    "hierarchy", 
    "aeff_scale", 
    "energy_scale", 
    "deltam31"
  ], 
  "priors": [
    0.1, 
    0.003490658503988659, 
    Infinity, 
    0.03, 
    Infinity, 
    Infinity, 
    0.1, 
    Infinity
  ]
}