{
  "best_fits": [
    1.0006432512595569, 
    0.14730461245952015, 
    0.72836028522953344, 
    0.99822098040117468, 
    1.0, 
    0.99974867943376333, 
    1.0007774215010881, 
    0.0024962614657659866
  ], 
  "labels": [
    "nu_nubar_ratio", 
    "theta13", 
    "theta23", 
    "nue_numu_ratio", 
    "hierarchy", 
    "aeff_scale", 
    "energy_scale", 
    "deltam31"
  ], 
  "matrix": [
    [
      5934.203666909083, 
      1261.951936438084, 
      -5145.56309828546, 
      3584.0453567593086, 
      0.11061932322404644, 
      35919.36706851954, 
      -75260.58194542117, 
      -113610.38250680015
    ], 
    [
      1261.951936438084, 
      4079.378582087098, 
      868.495779575059, 
      914.8894841008762, 
      89.640682468082, 
      7053.480603964644, 
      -11584.629997283868, 
      -1933529.2653517302
    ], 
    [
      -5145.56309828546, 
      868.495779575059, 
      12679.793728536659, 
      -63.88601733844712, 
      17.710533871159868, 
      -32018.448831894195, 
      65836.16092903432, 
      369004.6231504665
    ], 
    [
      3584.0453567593086, 
      914.8894841008762, 
      -63.88601733844712, 
      5297.82753147715, 
      -24.18989462108731, 
      21432.63269077867, 
      -47292.66264231776, 
      616398.5436272668
    ], 
    [
      0.11061932322404644, 
      89.640682468082, 
      17.710533871159868, 
      -24.18989462108731, 
      7.058082520159802, 
      -11.422170199589331, 
      -93.04692995496907, 
      -1532.452147218126
    ], 
    [
      35919.36706851954, 
      7053.480603964644, 
      -32018.448831894195, 
      21432.63269077867, 
      -11.422170199589331, 
      217596.09512708415, 
      -456395.7585351804, 
      -477746.01316609886
    ], 
    [
      -75260.58194542117, 
      -11584.629997283868, 
      65836.16092903432, 
      -47292.66264231776, 
      -93.04692995496907, 
      -456395.7585351804, 
      983991.2046752359, 
      -4836376.083470811
    ], 
    [
      -113610.38250680015, 
      -1933529.2653517302, 
      369004.6231504665, 
      616398.5436272668, 
      -1532.452147218126, 
      -477746.01316609886, 
      -4836376.083470811, 
      2067754638.7370887
    ]
  ], 
  "parameters": [
    "nu_nubar_ratio", 
    "theta13", 
    "theta23", 
    "nue_numu_ratio", 
    "hierarchy", 
    "aeff_scale", 
    "energy_scale", 
    "deltam31"
  ], 
  "priors": [
    0.1, 
    0.003490658503988659, 
    Infinity, 
    0.03, 
    Infinity, 
    Infinity, 
    0.1, 
    Infinity
  ]
}