{
  "best_fits": [
    1.0017836895718717, 
    0.14723348790951912, 
    0.70208984814502351, 
    1.0035203532924977, 
    1.0, 
    0.99921704340690953, 
    0.99896194000983884, 
    0.00249355937098922
  ], 
  "labels": [
    "nu_nubar_ratio", 
    "theta13", 
    "theta23", 
    "nue_numu_ratio", 
    "hierarchy", 
    "aeff_scale", 
    "energy_scale", 
    "deltam31"
  ], 
  "matrix": [
    [
      1429.5122862545225, 
      278.4376643102543, 
      -4329.415440915158, 
      -758.0450711095183, 
      35.98067210582369, 
      8860.362155520977, 
      -18157.178950065296, 
      -310968.05146011006
    ], 
    [
      278.4376643102543, 
      2551.7489778321183, 
      -308.64876336390415, 
      -277.58267083084587, 
      24.034932904892138, 
      1382.385849509025, 
      2078.38674936469, 
      -1947029.4818811747
    ], 
    [
      -4329.415440915158, 
      -308.64876336390415, 
      18355.78744814284, 
      2129.1724733130513, 
      -130.09673843141925, 
      -27189.158194212923, 
      59839.28003737655, 
      360812.11119988275
    ], 
    [
      -758.0450711095183, 
      -277.58267083084587, 
      2129.1724733130513, 
      824.429090505229, 
      -15.620982685645618, 
      -4678.201417882537, 
      9313.722473968211, 
      350351.9109702699
    ], 
    [
      35.98067210582369, 
      24.034932904892138, 
      -130.09673843141925, 
      -15.620982685645618, 
      3.1360216160370014, 
      223.0329728391976, 
      -478.9444019720821, 
      -1576.5824048784561
    ], 
    [
      8860.362155520977, 
      1382.385849509025, 
      -27189.158194212923, 
      -4678.201417882537, 
      223.0329728391976, 
      55000.99600978989, 
      -113445.6515865316, 
      -1677982.130234802
    ], 
    [
      -18157.178950065296, 
      2078.38674936469, 
      59839.28003737655, 
      9313.722473968211, 
      -478.9444019720821, 
      -113445.6515865316, 
      248594.79463254687, 
      -1133534.022499641
    ], 
    [
      -310968.05146011006, 
      -1947029.4818811747, 
      360812.11119988275, 
      350351.9109702699, 
      -1576.5824048784561, 
      -1677982.130234802, 
      -1133534.022499641, 
      1784277490.261595
    ]
  ], 
  "parameters": [
    "nu_nubar_ratio", 
    "theta13", 
    "theta23", 
    "nue_numu_ratio", 
    "hierarchy", 
    "aeff_scale", 
    "energy_scale", 
    "deltam31"
  ], 
  "priors": [
    0.1, 
    0.003490658503988659, 
    Infinity, 
    0.03, 
    Infinity, 
    Infinity, 
    0.1, 
    Infinity
  ]
}