{
  "best_fits": [
    0.99380195375020319, 
    0.14847433024269779, 
    0.73339562519620838, 
    1.00248933406897, 
    1.0, 
    1.0052182256201529, 
    1.0057533458491825, 
    0.0025022644955178743
  ], 
  "labels": [
    "nu_nubar_ratio", 
    "theta13", 
    "theta23", 
    "nue_numu_ratio", 
    "hierarchy", 
    "aeff_scale", 
    "energy_scale", 
    "deltam31"
  ], 
  "matrix": [
    [
      4588.20997806552, 
      1095.7438278642248, 
      -1641.3815136346966, 
      4312.880223827884, 
      2.3886013364073957, 
      27166.81571637687, 
      -57419.71515742801, 
      208210.8817737437
    ], 
    [
      1095.7438278642248, 
      1364.7258147678012, 
      763.7448912955447, 
      1160.1632419951409, 
      65.20882877749948, 
      6298.276513729756, 
      -15311.795067442568, 
      114243.15683172818
    ], 
    [
      -1641.3815136346966, 
      763.7448912955447, 
      2179.3596956525207, 
      -1254.856877019564, 
      64.74154970396768, 
      -9916.541911630819, 
      17562.583045932894, 
      140005.02823259623
    ], 
    [
      4312.880223827884, 
      1160.1632419951409, 
      -1254.856877019564, 
      4447.590843276778, 
      -10.111872391957357, 
      25556.145197989452, 
      -55393.101407182075, 
      254938.7201468899
    ], 
    [
      2.3886013364073957, 
      65.20882877749948, 
      64.74154970396768, 
      -10.111872391957357, 
      5.808337560156299, 
      -1.3801587388792576, 
      -76.59679229052708, 
      5172.455403565287
    ], 
    [
      27166.81571637687, 
      6298.276513729756, 
      -9916.541911630819, 
      25556.145197989452, 
      -1.3801587388792576, 
      160904.07495463546, 
      -339850.6703518959, 
      1233035.5405272522
    ], 
    [
      -57419.71515742801, 
      -15311.795067442568, 
      17562.583045932894, 
      -55393.101407182075, 
      -76.59679229052708, 
      -339850.6703518959, 
      729057.5331279973, 
      -3561357.699781235
    ], 
    [
      208210.8817737437, 
      114243.15683172818, 
      140005.02823259623, 
      254938.7201468899, 
      5172.455403565287, 
      1233035.5405272522, 
      -3561357.699781235, 
      204742567.37071013
    ]
  ], 
  "parameters": [
    "nu_nubar_ratio", 
    "theta13", 
    "theta23", 
    "nue_numu_ratio", 
    "hierarchy", 
    "aeff_scale", 
    "energy_scale", 
    "deltam31"
  ], 
  "priors": [
    0.1, 
    0.003490658503988659, 
    Infinity, 
    0.03, 
    Infinity, 
    Infinity, 
    0.1, 
    Infinity
  ]
}