{
  "best_fits": [
    1.005260132861665, 
    0.14730032034927465, 
    0.69158488774469074, 
    1.0094715507585048, 
    1.0, 
    1.0012849848679182, 
    0.99908817932302696, 
    0.0024915823252692555
  ], 
  "labels": [
    "nu_nubar_ratio", 
    "theta13", 
    "theta23", 
    "nue_numu_ratio", 
    "hierarchy", 
    "aeff_scale", 
    "energy_scale", 
    "deltam31"
  ], 
  "matrix": [
    [
      5917.512519304856, 
      726.66553222275, 
      -9135.061733116425, 
      3421.8109111380513, 
      -3.716477887728189, 
      36069.664179871615, 
      -75809.75751178306, 
      -98801.75697971892
    ], 
    [
      726.66553222275, 
      3375.996556256672, 
      381.6480129470607, 
      229.03942151709737, 
      59.278998026413106, 
      3995.07737611673, 
      -5269.1205463625565, 
      -1872266.2634395354
    ], 
    [
      -9135.061733116425, 
      381.6480129470607, 
      29624.0498304583, 
      -1061.4184075712406, 
      18.60202042399193, 
      -56591.527856802655, 
      117311.79285084276, 
      476269.3585033798
    ], 
    [
      3421.8109111380513, 
      229.03942151709737, 
      -1061.4184075712406, 
      5168.852165028358, 
      -24.13260585426906, 
      20654.458149447317, 
      -45764.89285458377, 
      596474.45841995
    ], 
    [
      -3.716477887728189, 
      59.278998026413106, 
      18.60202042399193, 
      -24.13260585426906, 
      7.075905836059573, 
      -25.215064920584723, 
      -59.61657972038171, 
      1367.459434306793
    ], 
    [
      36069.664179871615, 
      3995.07737611673, 
      -56591.527856802655, 
      20654.458149447317, 
      -25.215064920584723, 
      219992.53526621388, 
      -462893.7595954713, 
      -392912.22324479953
    ], 
    [
      -75809.75751178306, 
      -5269.1205463625565, 
      117311.79285084276, 
      -45764.89285458377, 
      -59.61657972038171, 
      -462893.7595954713, 
      999514.8586133713, 
      -4609255.686025307
    ], 
    [
      -98801.75697971892, 
      -1872266.2634395354, 
      476269.3585033798, 
      596474.45841995, 
      1367.459434306793, 
      -392912.22324479953, 
      -4609255.686025307, 
      1932845743.1014633
    ]
  ], 
  "parameters": [
    "nu_nubar_ratio", 
    "theta13", 
    "theta23", 
    "nue_numu_ratio", 
    "hierarchy", 
    "aeff_scale", 
    "energy_scale", 
    "deltam31"
  ], 
  "priors": [
    0.1, 
    0.003490658503988659, 
    Infinity, 
    0.03, 
    Infinity, 
    Infinity, 
    0.1, 
    Infinity
  ]
}