{
  "best_fits": [
    0.99860141684335701, 
    0.14710161864389684, 
    0.69628916186685497, 
    0.99841147908745709, 
    1.0, 
    0.99867234682239037, 
    1.0007804523998876, 
    0.0024977264827248775
  ], 
  "labels": [
    "nu_nubar_ratio", 
    "theta13", 
    "theta23", 
    "nue_numu_ratio", 
    "hierarchy", 
    "aeff_scale", 
    "energy_scale", 
    "deltam31"
  ], 
  "matrix": [
    [
      4532.098271942102, 
      574.0748998241453, 
      -4089.1416466426012, 
      4242.851183977553, 
      10.698984825762563, 
      27272.286782905794, 
      -57498.73727249183, 
      206841.56714708672
    ], 
    [
      574.0748998241453, 
      964.7290055046392, 
      798.8035522721477, 
      671.320051429629, 
      73.80798030480987, 
      3318.749967262782, 
      -8711.996625429683, 
      47369.67132529458
    ], 
    [
      -4089.1416466426012, 
      798.8035522721477, 
      6617.169983815048, 
      -3254.923554645248, 
      104.47248047182785, 
      -24776.316578200815, 
      47375.98309908954, 
      78426.62746650781
    ], 
    [
      4242.851183977553, 
      671.320051429629, 
      -3254.923554645248, 
      4389.635304504862, 
      10.011130152236166, 
      25546.80835518479, 
      -55323.040390478585, 
      250774.25353609587
    ], 
    [
      10.698984825762563, 
      73.80798030480987, 
      104.47248047182785, 
      10.011130152236166, 
      7.379512541284928, 
      51.01228619392151, 
      -258.49522981170395, 
      9319.644230431877
    ], 
    [
      27272.286782905794, 
      3318.749967262782, 
      -24776.316578200815, 
      25546.80835518479, 
      51.01228619392151, 
      164146.2997918884, 
      -345931.1893257201, 
      1252068.285848459
    ], 
    [
      -57498.73727249183, 
      -8711.996625429683, 
      47375.98309908954, 
      -55323.040390478585, 
      -258.49522981170395, 
      -345931.1893257201, 
      740106.8947438912, 
      -3514935.1242709477
    ], 
    [
      206841.56714708672, 
      47369.67132529458, 
      78426.62746650781, 
      250774.25353609587, 
      9319.644230431877, 
      1252068.285848459, 
      -3514935.1242709477, 
      187738009.22059518
    ]
  ], 
  "parameters": [
    "nu_nubar_ratio", 
    "theta13", 
    "theta23", 
    "nue_numu_ratio", 
    "hierarchy", 
    "aeff_scale", 
    "energy_scale", 
    "deltam31"
  ], 
  "priors": [
    0.1, 
    0.003490658503988659, 
    Infinity, 
    0.03, 
    Infinity, 
    Infinity, 
    0.1, 
    Infinity
  ]
}