{
  "best_fits": [
    1.005260132861665, 
    0.14730032034927465, 
    0.69158488774469074, 
    1.0094715507585048, 
    1.0, 
    1.0012849848679182, 
    0.99908817932302696, 
    0.0024915823252692555
  ], 
  "labels": [
    "nu_nubar_ratio", 
    "theta13", 
    "theta23", 
    "nue_numu_ratio", 
    "hierarchy", 
    "aeff_scale", 
    "energy_scale", 
    "deltam31"
  ], 
  "matrix": [
    [
      4487.597001710459, 
      420.51447760067407, 
      -4356.067024964504, 
      4192.667033181623, 
      -32.4852140393376, 
      27193.325285140192, 
      -57570.35982644994, 
      207240.21880487644
    ], 
    [
      420.51447760067407, 
      887.6512096715576, 
      901.3876126016436, 
      527.4850579868613, 
      34.11514042121268, 
      2423.1847203057428, 
      -6794.231835486263, 
      31696.95742592225
    ], 
    [
      -4356.067024964504, 
      901.3876126016436, 
      7352.1337346166265, 
      -3458.561718296943, 
      103.31837158028087, 
      -26553.457912498383, 
      51154.927570155756, 
      67736.65760850448
    ], 
    [
      4192.667033181623, 
      527.4850579868613, 
      -3458.561718296943, 
      4335.628853619854, 
      -12.207702974780243, 
      25419.84063899491, 
      -55297.45145972828, 
      250139.60938967345
    ], 
    [
      -32.4852140393376, 
      34.11514042121268, 
      103.31837158028087, 
      -12.207702974780243, 
      3.8795167485632467, 
      -202.53683879268652, 
      301.91311976129543, 
      3815.732196896933
    ], 
    [
      27193.325285140192, 
      2423.1847203057428, 
      -26553.457912498383, 
      25419.84063899491, 
      -202.53683879268652, 
      164812.24057662493, 
      -348796.4018892371, 
      1264484.4084484803
    ], 
    [
      -57570.35982644994, 
      -6794.231835486263, 
      51154.927570155756, 
      -55297.45145972828, 
      301.91311976129543, 
      -348796.4018892371, 
      749318.4830099742, 
      -3542660.3592131967
    ], 
    [
      207240.21880487644, 
      31696.95742592225, 
      67736.65760850448, 
      250139.60938967345, 
      3815.732196896933, 
      1264484.4084484803, 
      -3542660.3592131967, 
      185644950.06850597
    ]
  ], 
  "parameters": [
    "nu_nubar_ratio", 
    "theta13", 
    "theta23", 
    "nue_numu_ratio", 
    "hierarchy", 
    "aeff_scale", 
    "energy_scale", 
    "deltam31"
  ], 
  "priors": [
    0.1, 
    0.003490658503988659, 
    Infinity, 
    0.03, 
    Infinity, 
    Infinity, 
    0.1, 
    Infinity
  ]
}