{
  "best_fits": [
    0.99683686793353643, 
    0.14717115251253371, 
    0.70216923692487487, 
    0.99570915520464731, 
    1.0, 
    0.99870795678753554, 
    1.0018774920210114, 
    0.002500267658926361
  ], 
  "labels": [
    "nu_nubar_ratio", 
    "theta13", 
    "theta23", 
    "nue_numu_ratio", 
    "hierarchy", 
    "aeff_scale", 
    "energy_scale", 
    "deltam31"
  ], 
  "matrix": [
    [
      1438.181846509226, 
      274.72511628618014, 
      -4333.686489000562, 
      -759.4974391332173, 
      9.952874822308399, 
      8864.145616341171, 
      -18103.820268956333, 
      -310657.355940155
    ], 
    [
      274.72511628618014, 
      2533.22120864802, 
      -288.355726764886, 
      -272.80118618870523, 
      31.820834732234086, 
      1350.9379371775074, 
      2109.555514787312, 
      -1930488.2144490364
    ], 
    [
      -4333.686489000562, 
      -288.355726764886, 
      18272.424137455208, 
      2121.459782853, 
      -93.49311462178018, 
      -27064.448766236204, 
      59361.9646548435, 
      356895.2304337757
    ], 
    [
      -759.4974391332173, 
      -272.80118618870523, 
      2121.459782853, 
      823.7513879343151, 
      -1.4268676515957237, 
      -4661.450134899305, 
      9248.553765085704, 
      348374.2580956491
    ], 
    [
      9.952874822308399, 
      31.820834732234086, 
      -93.49311462178018, 
      -1.4268676515957237, 
      2.2544047911422, 
      59.46955555436284, 
      -144.8087846315329, 
      -7327.890009270354
    ], 
    [
      8864.145616341171, 
      1350.9379371775074, 
      -27064.448766236204, 
      -4661.450134899305, 
      59.46955555436284, 
      54716.47090894824, 
      -112480.20594443276, 
      -1666848.4302694283
    ], 
    [
      -18103.820268956333, 
      2109.555514787312, 
      59361.9646548435, 
      9248.553765085704, 
      -144.8087846315329, 
      -112480.20594443276, 
      245638.412225497, 
      -1117286.212030921
    ], 
    [
      -310657.355940155, 
      -1930488.2144490364, 
      356895.2304337757, 
      348374.2580956491, 
      -7327.890009270354, 
      -1666848.4302694283, 
      -1117286.212030921, 
      1767236196.7777817
    ]
  ], 
  "parameters": [
    "nu_nubar_ratio", 
    "theta13", 
    "theta23", 
    "nue_numu_ratio", 
    "hierarchy", 
    "aeff_scale", 
    "energy_scale", 
    "deltam31"
  ], 
  "priors": [
    0.1, 
    0.003490658503988659, 
    Infinity, 
    0.03, 
    Infinity, 
    Infinity, 
    0.1, 
    Infinity
  ]
}