{
  "best_fits": [
    0.97665374112476944, 
    0.14751349931959906, 
    0.71667747149573968, 
    0.99926698615177434, 
    1.0, 
    1.0416625938659647, 
    1.0231262127252727, 
    0.0025516214535775601
  ], 
  "labels": [
    "nu_nubar_ratio", 
    "theta13", 
    "theta23", 
    "nue_numu_ratio", 
    "hierarchy", 
    "aeff_scale", 
    "energy_scale", 
    "deltam31"
  ], 
  "matrix": [
    [
      1495.3949812680885, 
      236.41936560113757, 
      -3773.317173343363, 
      -749.746654359282, 
      -7.5987388110294, 
      8630.573483869204, 
      -17934.38939548907, 
      -317423.67592189513
    ], 
    [
      236.41936560113757, 
      2611.0321785800556, 
      -32.086466529881285, 
      -242.92321454309754, 
      31.434319959377504, 
      1016.713662951736, 
      2813.453750254213, 
      -1950585.748600421
    ], 
    [
      -3773.317173343363, 
      -32.086466529881285, 
      13395.2668706018, 
      1748.3402217216837, 
      -21.857463491930446, 
      -22088.997258477848, 
      49373.536179371506, 
      277138.1120308762
    ], 
    [
      -749.746654359282, 
      -242.92321454309754, 
      1748.3402217216837, 
      799.4759460353561, 
      14.160000853301097, 
      -4307.545023279462, 
      8665.571652004963, 
      343461.676865919
    ], 
    [
      -7.5987388110294, 
      31.434319959377504, 
      -21.857463491930446, 
      14.160000853301097, 
      2.471565959589285, 
      -46.93522951318306, 
      87.14906138164221, 
      -2723.7717100397267
    ], 
    [
      8630.573483869204, 
      1016.713662951736, 
      -22088.997258477848, 
      -4307.545023279462, 
      -46.93522951318306, 
      49891.222564734584, 
      -104383.54218263311, 
      -1589314.1445036526
    ], 
    [
      -17934.38939548907, 
      2813.453750254213, 
      49373.536179371506, 
      8665.571652004963, 
      87.14906138164221, 
      -104383.54218263311, 
      232239.4765326698, 
      -1139593.6238844313
    ], 
    [
      -317423.67592189513, 
      -1950585.748600421, 
      277138.1120308762, 
      343461.676865919, 
      -2723.7717100397267, 
      -1589314.1445036526, 
      -1139593.6238844313, 
      1759255146.937566
    ]
  ], 
  "parameters": [
    "nu_nubar_ratio", 
    "theta13", 
    "theta23", 
    "nue_numu_ratio", 
    "hierarchy", 
    "aeff_scale", 
    "energy_scale", 
    "deltam31"
  ], 
  "priors": [
    0.1, 
    0.003490658503988659, 
    Infinity, 
    0.03, 
    Infinity, 
    Infinity, 
    0.1, 
    Infinity
  ]
}