{
  "best_fits": [
    0.99242653921841395, 
    0.14778260041772742, 
    0.7347435642364446, 
    0.98935677104000852, 
    1.0, 
    1.0001825597394114, 
    1.002221084744241, 
    0.0024994540006163957
  ], 
  "labels": [
    "nu_nubar_ratio", 
    "theta13", 
    "theta23", 
    "nue_numu_ratio", 
    "hierarchy", 
    "aeff_scale", 
    "energy_scale", 
    "deltam31"
  ], 
  "matrix": [
    [
      1426.649473827259, 
      177.4467830500137, 
      -2908.5351372782793, 
      -721.4802866091518, 
      15.324318794788706, 
      8757.56667961898, 
      -17862.223514913207, 
      -325932.0184058561
    ], 
    [
      177.4467830500137, 
      2760.457865110684, 
      213.8628957053737, 
      -211.73474705005157, 
      39.52032561601358, 
      696.8959502207747, 
      3921.339394588372, 
      -2061612.2707550642
    ], 
    [
      -2908.5351372782793, 
      213.8628957053737, 
      8408.278359023516, 
      1352.3241345582667, 
      -68.47058607966213, 
      -18142.28805222058, 
      40002.713588519866, 
      202446.53569476958
    ], 
    [
      -721.4802866091518, 
      -211.73474705005157, 
      1352.3241345582667, 
      799.2780615545909, 
      -5.951246596104479, 
      -4406.169950393261, 
      8675.237501745605, 
      361566.87124742096
    ], 
    [
      15.324318794788706, 
      39.52032561601358, 
      -68.47058607966213, 
      -5.951246596104479, 
      2.461101187747669, 
      90.82925921272542, 
      -191.064019288275, 
      -15053.818883611948
    ], 
    [
      8757.56667961898, 
      696.8959502207747, 
      -18142.28805222058, 
      -4406.169950393261, 
      90.82925921272542, 
      53852.95120472464, 
      -110640.11616849941, 
      -1731306.1110338867
    ], 
    [
      -17862.223514913207, 
      3921.339394588372, 
      40002.713588519866, 
      8675.237501745605, 
      -191.064019288275, 
      -110640.11616849941, 
      242539.74390524568, 
      -1254737.669972237
    ], 
    [
      -325932.0184058561, 
      -2061612.2707550642, 
      202446.53569476958, 
      361566.87124742096, 
      -15053.818883611948, 
      -1731306.1110338867, 
      -1254737.669972237, 
      1872598878.94602
    ]
  ], 
  "parameters": [
    "nu_nubar_ratio", 
    "theta13", 
    "theta23", 
    "nue_numu_ratio", 
    "hierarchy", 
    "aeff_scale", 
    "energy_scale", 
    "deltam31"
  ], 
  "priors": [
    0.1, 
    0.003490658503988659, 
    Infinity, 
    0.03, 
    Infinity, 
    Infinity, 
    0.1, 
    Infinity
  ]
}