{
  "best_fits": [
    1.0060157112051373, 
    0.14756031883159043, 
    0.67787788035411534, 
    1.0101782198956626, 
    1.0, 
    1.0022095327411504, 
    0.99825545969184215, 
    0.0024896946994563281
  ], 
  "labels": [
    "nu_nubar_ratio", 
    "theta13", 
    "theta23", 
    "nue_numu_ratio", 
    "hierarchy", 
    "aeff_scale", 
    "energy_scale", 
    "deltam31"
  ], 
  "matrix": [
    [
      4488.777382242809, 
      193.35883652814346, 
      -5245.226968761574, 
      4159.213908134558, 
      -39.98491777179584, 
      27242.004126741715, 
      -57747.2704217518, 
      207495.6640123211
    ], 
    [
      193.35883652814346, 
      779.0222371259547, 
      1099.030666107674, 
      315.4103324705379, 
      29.60437481903405, 
      1065.5798867431558, 
      -3803.142308747613, 
      5845.691607712643
    ], 
    [
      -5245.226968761574, 
      1099.030666107674, 
      9877.465758280216, 
      -4132.701666782922, 
      121.4594841134679, 
      -31971.172512142548, 
      62190.889941839116, 
      39259.05204296816
    ], 
    [
      4159.213908134558, 
      315.4103324705379, 
      -4132.701666782922, 
      4283.126845906716, 
      -12.617655239392583, 
      25253.81645986747, 
      -55048.42652849197, 
      247511.24796361433
    ], 
    [
      -39.98491777179584, 
      29.60437481903405, 
      121.4594841134679, 
      -12.617655239392583, 
      4.5422596106098165, 
      -246.7669689304939, 
      393.1543437902883, 
      2899.381674063987
    ], 
    [
      27242.004126741715, 
      1065.5798867431558, 
      -31971.172512142548, 
      25253.81645986747, 
      -246.7669689304939, 
      165354.8227540116, 
      -350425.0608164682, 
      1269937.1010330804
    ], 
    [
      -57747.2704217518, 
      -3803.142308747613, 
      62190.889941839116, 
      -55048.42652849197, 
      393.1543437902883, 
      -350425.0608164682, 
      753694.5419520177, 
      -3524722.341955445
    ], 
    [
      207495.6640123211, 
      5845.691607712643, 
      39259.05204296816, 
      247511.24796361433, 
      2899.381674063987, 
      1269937.1010330804, 
      -3524722.341955445, 
      178939831.05086878
    ]
  ], 
  "parameters": [
    "nu_nubar_ratio", 
    "theta13", 
    "theta23", 
    "nue_numu_ratio", 
    "hierarchy", 
    "aeff_scale", 
    "energy_scale", 
    "deltam31"
  ], 
  "priors": [
    0.1, 
    0.003490658503988659, 
    Infinity, 
    0.03, 
    Infinity, 
    Infinity, 
    0.1, 
    Infinity
  ]
}