{
  "best_fits": [
    0.99297855787835665, 
    0.14713053826276865, 
    0.73278178403818273, 
    1.0051651219206437, 
    1.0, 
    1.010510064089166, 
    1.0082954496091774, 
    0.0025135649505406261
  ], 
  "labels": [
    "nu_nubar_ratio", 
    "theta13", 
    "theta23", 
    "nue_numu_ratio", 
    "hierarchy", 
    "aeff_scale", 
    "energy_scale", 
    "deltam31"
  ], 
  "matrix": [
    [
      1422.8101849448074, 
      185.57924393873915, 
      -2971.824193672407, 
      -716.072847804848, 
      7.571675249579974, 
      8649.033675490728, 
      -17713.372501362777, 
      -320658.51856003865
    ], 
    [
      185.57924393873915, 
      2712.175099916109, 
      172.6653582200493, 
      -216.8883066680549, 
      31.974947559979235, 
      749.5496115057979, 
      3691.163104576109, 
      -2028444.2415414762
    ], 
    [
      -2971.824193672407, 
      172.6653582200493, 
      8798.677077883973, 
      1377.4959899269518, 
      -64.25408916321481, 
      -18350.02400336489, 
      40597.794161309495, 
      208574.84043351305
    ], 
    [
      -716.072847804848, 
      -216.8883066680549, 
      1377.4959899269518, 
      787.0329378597612, 
      6.328421828104026, 
      -4330.288309519054, 
      8561.931033044348, 
      354597.6982368445
    ], 
    [
      7.571675249579974, 
      31.974947559979235, 
      -64.25408916321481, 
      6.328421828104026, 
      2.8503587350195225, 
      44.883094447419445, 
      -116.80163001243604, 
      -5404.605249381524
    ], 
    [
      8649.033675490728, 
      749.5496115057979, 
      -18350.02400336489, 
      -4330.288309519054, 
      44.883094447419445, 
      52666.00822395297, 
      -108634.07402239712, 
      -1687898.28467253
    ], 
    [
      -17713.372501362777, 
      3691.163104576109, 
      40597.794161309495, 
      8561.931033044348, 
      -116.80163001243604, 
      -108634.07402239712, 
      238953.33858868264, 
      -1238626.1415899082
    ], 
    [
      -320658.51856003865, 
      -2028444.2415414762, 
      208574.84043351305, 
      354597.6982368445, 
      -5404.605249381524, 
      -1687898.28467253, 
      -1238626.1415899082, 
      1842526704.1326115
    ]
  ], 
  "parameters": [
    "nu_nubar_ratio", 
    "theta13", 
    "theta23", 
    "nue_numu_ratio", 
    "hierarchy", 
    "aeff_scale", 
    "energy_scale", 
    "deltam31"
  ], 
  "priors": [
    0.1, 
    0.003490658503988659, 
    Infinity, 
    0.03, 
    Infinity, 
    Infinity, 
    0.1, 
    Infinity
  ]
}