{
  "best_fits": [
    1.0017836895718717, 
    0.14723348790951912, 
    0.70208984814502351, 
    1.0035203532924977, 
    1.0, 
    0.99921704340690953, 
    0.99896194000983884, 
    0.00249355937098922
  ], 
  "labels": [
    "nu_nubar_ratio", 
    "theta13", 
    "theta23", 
    "nue_numu_ratio", 
    "hierarchy", 
    "aeff_scale", 
    "energy_scale", 
    "deltam31"
  ], 
  "matrix": [
    [
      4518.206791826412, 
      626.0528972875827, 
      -3696.2318378412187, 
      4244.13203852852, 
      -36.20693346040495, 
      27275.496410787637, 
      -57646.618378509585, 
      207384.12457013217
    ], 
    [
      626.0528972875827, 
      1007.8816697107388, 
      785.5668991507385, 
      721.7650048119225, 
      36.383754825754096, 
      3637.3244862655306, 
      -9454.651428105579, 
      55189.81556895806
    ], 
    [
      -3696.2318378412187, 
      785.5668991507385, 
      5720.824815603427, 
      -2944.3138189895617, 
      95.63483888540928, 
      -22486.630638432955, 
      42854.77256449411, 
      89353.80541820638
    ], 
    [
      4244.13203852852, 
      721.7650048119225, 
      -2944.3138189895617, 
      4400.16031471132, 
      -24.160309878098488, 
      25636.48983044069, 
      -55642.726253628316, 
      252505.6447003161
    ], 
    [
      -36.20693346040495, 
      36.383754825754096, 
      95.63483888540928, 
      -24.160309878098488, 
      3.588795489863832, 
      -226.02170125495337, 
      363.96781010716825, 
      4014.9404507656973
    ], 
    [
      27275.496410787637, 
      3637.3244862655306, 
      -22486.630638432955, 
      25636.48983044069, 
      -226.02170125495337, 
      164691.24900528684, 
      -347921.1307817089, 
      1258651.8693508364
    ], 
    [
      -57646.618378509585, 
      -9454.651428105579, 
      42854.77256449411, 
      -55642.726253628316, 
      363.96781010716825, 
      -347921.1307817089, 
      746244.8971735776, 
      -3554283.5078002587
    ], 
    [
      207384.12457013217, 
      55189.81556895806, 
      89353.80541820638, 
      252505.6447003161, 
      4014.9404507656973, 
      1258651.8693508364, 
      -3554283.5078002587, 
      191218903.62029853
    ]
  ], 
  "parameters": [
    "nu_nubar_ratio", 
    "theta13", 
    "theta23", 
    "nue_numu_ratio", 
    "hierarchy", 
    "aeff_scale", 
    "energy_scale", 
    "deltam31"
  ], 
  "priors": [
    0.1, 
    0.003490658503988659, 
    Infinity, 
    0.03, 
    Infinity, 
    Infinity, 
    0.1, 
    Infinity
  ]
}