{
  "best_fits": [
    0.99297855787835665, 
    0.14713053826276865, 
    0.73278178403818273, 
    1.0051651219206437, 
    1.0, 
    1.010510064089166, 
    1.0082954496091774, 
    0.0025135649505406261
  ], 
  "labels": [
    "nu_nubar_ratio", 
    "theta13", 
    "theta23", 
    "nue_numu_ratio", 
    "hierarchy", 
    "aeff_scale", 
    "energy_scale", 
    "deltam31"
  ], 
  "matrix": [
    [
      4599.057661314444, 
      1101.8658991085924, 
      -1701.7876390462143, 
      4319.679782151539, 
      -2.012712313457157, 
      27068.17005511145, 
      -57366.11124341696, 
      208589.8003318357
    ], 
    [
      1101.8658991085924, 
      1399.114287829652, 
      769.5797931294471, 
      1163.4875437277162, 
      57.0108683247958, 
      6295.251840148361, 
      -15358.944329265902, 
      114656.5295115397
    ], 
    [
      -1701.7876390462143, 
      769.5797931294471, 
      2230.49618290563, 
      -1305.6241778040317, 
      56.7141703469994, 
      -10210.19428551063, 
      18241.165902880875, 
      134571.7916562783
    ], 
    [
      4319.679782151539, 
      1163.4875437277162, 
      -1305.6241778040317, 
      4448.724584173098, 
      -13.822307088613686, 
      25442.98190908828, 
      -55292.2075705582, 
      254628.61458487084
    ], 
    [
      -2.012712313457157, 
      57.0108683247958, 
      56.7141703469994, 
      -13.822307088613686, 
      4.75348051415498, 
      -25.404591857510542, 
      -11.265909932256376, 
      4737.450797446447
    ], 
    [
      27068.17005511145, 
      6295.251840148361, 
      -10210.19428551063, 
      25442.98190908828, 
      -25.404591857510542, 
      159359.9200176051, 
      -337505.7454173149, 
      1228351.990533208
    ], 
    [
      -57366.11124341696, 
      -15358.944329265902, 
      18241.165902880875, 
      -55292.2075705582, 
      -11.265909932256376, 
      -337505.7454173149, 
      725939.2386909798, 
      -3544554.8922941824
    ], 
    [
      208589.8003318357, 
      114656.5295115397, 
      134571.7916562783, 
      254628.61458487084, 
      4737.450797446447, 
      1228351.990533208, 
      -3544554.8922941824, 
      202012552.22947443
    ]
  ], 
  "parameters": [
    "nu_nubar_ratio", 
    "theta13", 
    "theta23", 
    "nue_numu_ratio", 
    "hierarchy", 
    "aeff_scale", 
    "energy_scale", 
    "deltam31"
  ], 
  "priors": [
    0.1, 
    0.003490658503988659, 
    Infinity, 
    0.03, 
    Infinity, 
    Infinity, 
    0.1, 
    Infinity
  ]
}