{
  "best_fits": [
    0.99860141684335701, 
    0.14710161864389684, 
    0.69628916186685497, 
    0.99841147908745709, 
    1.0, 
    0.99867234682239037, 
    1.0007804523998876, 
    0.0024977264827248775
  ], 
  "labels": [
    "nu_nubar_ratio", 
    "theta13", 
    "theta23", 
    "nue_numu_ratio", 
    "hierarchy", 
    "aeff_scale", 
    "energy_scale", 
    "deltam31"
  ], 
  "matrix": [
    [
      1440.532672581489, 
      290.59977133458943, 
      -4592.602553026824, 
      -767.9511988195839, 
      -12.15867650904017, 
      8894.47530109845, 
      -18193.433664735974, 
      -308324.63895590586
    ], 
    [
      290.59977133458943, 
      2498.506347841132, 
      -402.8474578477998, 
      -284.4896796370819, 
      29.36274208190489, 
      1459.8626804977087, 
      1806.5693971388803, 
      -1909137.1810635403
    ], 
    [
      -4592.602553026824, 
      -402.8474578477998, 
      20440.05765265958, 
      2273.899571019628, 
      19.65728897206536, 
      -28721.196407251464, 
      63022.40107422869, 
      383887.92839260946
    ], 
    [
      -767.9511988195839, 
      -284.4896796370819, 
      2273.899571019628, 
      830.1732926395065, 
      9.233861283320298, 
      -4722.281689627691, 
      9394.821651298373, 
      346738.1376743615
    ], 
    [
      -12.15867650904017, 
      29.36274208190489, 
      19.65728897206536, 
      9.233861283320298, 
      1.4483552608592838, 
      -79.50478292263847, 
      171.187425610029, 
      -5928.493753512665
    ], 
    [
      8894.47530109845, 
      1459.8626804977087, 
      -28721.196407251464, 
      -4722.281689627691, 
      -79.50478292263847, 
      54999.52038141585, 
      -113218.68500117645, 
      -1659182.2098570417
    ], 
    [
      -18193.433664735974, 
      1806.5693971388803, 
      63022.40107422869, 
      9394.821651298373, 
      171.187425610029, 
      -113218.68500117645, 
      247364.78161014235, 
      -1087941.7078301816
    ], 
    [
      -308324.63895590586, 
      -1909137.1810635403, 
      383887.92839260946, 
      346738.1376743615, 
      -5928.493753512665, 
      -1659182.2098570417, 
      -1087941.7078301816, 
      1750859955.7129357
    ]
  ], 
  "parameters": [
    "nu_nubar_ratio", 
    "theta13", 
    "theta23", 
    "nue_numu_ratio", 
    "hierarchy", 
    "aeff_scale", 
    "energy_scale", 
    "deltam31"
  ], 
  "priors": [
    0.1, 
    0.003490658503988659, 
    Infinity, 
    0.03, 
    Infinity, 
    Infinity, 
    0.1, 
    Infinity
  ]
}