{
  "best_fits": [
    0.99083523405042817, 
    0.14541857316986426, 
    0.73491516964318959, 
    1.0097456535734899, 
    1.0, 
    1.0186527168985329, 
    1.0121185068875969, 
    0.002532508579496382
  ], 
  "labels": [
    "nu_nubar_ratio", 
    "theta13", 
    "theta23", 
    "nue_numu_ratio", 
    "hierarchy", 
    "aeff_scale", 
    "energy_scale", 
    "deltam31"
  ], 
  "matrix": [
    [
      6056.18176435201, 
      1317.1358358223338, 
      -4466.015713148367, 
      3624.203641650545, 
      -36.76993885435074, 
      35544.458326887005, 
      -75024.04604556393, 
      -107972.80688832194
    ], 
    [
      1317.1358358223338, 
      4164.594407288284, 
      1007.7973652818398, 
      996.0541359051291, 
      56.25509045188621, 
      7136.591840758022, 
      -12029.600805739323, 
      -1882290.3112855253
    ], 
    [
      -4466.015713148367, 
      1007.7973652818398, 
      10289.7947449844, 
      115.41564415355856, 
      65.47720021760341, 
      -27027.34726223038, 
      55877.863838123645, 
      322277.74832861393
    ], 
    [
      3624.203641650545, 
      996.0541359051291, 
      115.41564415355856, 
      5232.467123545442, 
      -2.6367240205688987, 
      21010.136332324328, 
      -46676.29345503045, 
      603602.2171413912
    ], 
    [
      -36.76993885435074, 
      56.25509045188621, 
      65.47720021760341, 
      -2.6367240205688987, 
      6.865942215636943, 
      -229.4409876890491, 
      348.6523872740918, 
      26920.121993668978
    ], 
    [
      35544.458326887005, 
      7136.591840758022, 
      -27027.34726223038, 
      21010.136332324328, 
      -229.4409876890491, 
      208790.26381871, 
      -441132.03772081935, 
      -433308.412726806
    ], 
    [
      -75024.04604556393, 
      -12029.600805739323, 
      55877.863838123645, 
      -46676.29345503045, 
      348.6523872740918, 
      -441132.03772081935, 
      957897.3663568567, 
      -4784155.481280211
    ], 
    [
      -107972.80688832194, 
      -1882290.3112855253, 
      322277.74832861393, 
      603602.2171413912, 
      26920.121993668978, 
      -433308.412726806, 
      -4784155.481280211, 
      2026128986.924786
    ]
  ], 
  "parameters": [
    "nu_nubar_ratio", 
    "theta13", 
    "theta23", 
    "nue_numu_ratio", 
    "hierarchy", 
    "aeff_scale", 
    "energy_scale", 
    "deltam31"
  ], 
  "priors": [
    0.1, 
    0.003490658503988659, 
    Infinity, 
    0.03, 
    Infinity, 
    Infinity, 
    0.1, 
    Infinity
  ]
}