{
  "best_fits": [
    0.97665374112476944, 
    0.14751349931959906, 
    0.71667747149573968, 
    0.99926698615177434, 
    1.0, 
    1.0416625938659647, 
    1.0231262127252727, 
    0.0025516214535775601
  ], 
  "labels": [
    "nu_nubar_ratio", 
    "theta13", 
    "theta23", 
    "nue_numu_ratio", 
    "hierarchy", 
    "aeff_scale", 
    "energy_scale", 
    "deltam31"
  ], 
  "matrix": [
    [
      4784.436334162718, 
      929.6454613352687, 
      -2840.8066563287734, 
      4394.128278299671, 
      4.260333594202471, 
      26794.773869966728, 
      -57565.412606817146, 
      203853.445675195
    ], 
    [
      929.6454613352687, 
      1209.139581444396, 
      705.0236901801911, 
      984.1891005436496, 
      46.56969680201616, 
      5040.208809062545, 
      -12661.853538642317, 
      84822.79212600322
    ], 
    [
      -2840.8066563287734, 
      705.0236901801911, 
      3819.268539755226, 
      -2201.489230147859, 
      34.40178200899481, 
      -16101.352732053087, 
      30668.71098053591, 
      114809.47182708545
    ], 
    [
      4394.128278299671, 
      984.1891005436496, 
      -2201.489230147859, 
      4433.00098171755, 
      -21.313900502196446, 
      24624.813432861338, 
      -54247.79307828793, 
      244955.2368673355
    ], 
    [
      4.260333594202471, 
      46.56969680201616, 
      34.40178200899481, 
      -21.313900502196446, 
      5.43016254079602, 
      12.05371987997949, 
      -19.792786903940392, 
      1828.600076722306
    ], 
    [
      26794.773869966728, 
      5040.208809062545, 
      -16101.352732053087, 
      24624.813432861338, 
      12.05371987997949, 
      150102.0970021962, 
      -322278.7768062958, 
      1144255.9910688098
    ], 
    [
      -57565.412606817146, 
      -12661.853538642317, 
      30668.71098053591, 
      -54247.79307828793, 
      -19.792786903940392, 
      -322278.7768062958, 
      702361.6017197953, 
      -3341810.3800860485
    ], 
    [
      203853.445675195, 
      84822.79212600322, 
      114809.47182708545, 
      244955.2368673355, 
      1828.600076722306, 
      1144255.9910688098, 
      -3341810.3800860485, 
      192675350.2383441
    ]
  ], 
  "parameters": [
    "nu_nubar_ratio", 
    "theta13", 
    "theta23", 
    "nue_numu_ratio", 
    "hierarchy", 
    "aeff_scale", 
    "energy_scale", 
    "deltam31"
  ], 
  "priors": [
    0.1, 
    0.003490658503988659, 
    Infinity, 
    0.03, 
    Infinity, 
    Infinity, 
    0.1, 
    Infinity
  ]
}