{
  "best_fits": [
    0.99242653921841395, 
    0.14778260041772742, 
    0.7347435642364446, 
    0.98935677104000852, 
    1.0, 
    1.0001825597394114, 
    1.002221084744241, 
    0.0024994540006163957
  ], 
  "labels": [
    "nu_nubar_ratio", 
    "theta13", 
    "theta23", 
    "nue_numu_ratio", 
    "hierarchy", 
    "aeff_scale", 
    "energy_scale", 
    "deltam31"
  ], 
  "matrix": [
    [
      6034.732491794535, 
      1393.3657163300504, 
      -4492.879767192459, 
      3647.943731908846, 
      1.6028223171744518, 
      36108.62533966356, 
      -75580.18342552394, 
      -117765.13274886156
    ], 
    [
      1393.3657163300504, 
      4245.803300299118, 
      979.452261184584, 
      1071.7879916159825, 
      112.48098235058798, 
      7713.484548065911, 
      -12953.338198381163, 
      -1934102.1810453227
    ], 
    [
      -4492.879767192459, 
      979.452261184584, 
      10521.47861842921, 
      132.6128589101495, 
      15.535462193607927, 
      -27750.189526191985, 
      56894.55622891981, 
      346420.6039456142
    ], 
    [
      3647.943731908846, 
      1071.7879916159825, 
      132.6128589101495, 
      5342.961126039458, 
      -32.69359018258469, 
      21549.86630485971, 
      -47491.88037510297, 
      619385.9108091338
    ], 
    [
      1.6028223171744518, 
      112.48098235058798, 
      15.535462193607927, 
      -32.69359018258469, 
      10.066166423399588, 
      -8.879635871333647, 
      -87.14788747499993, 
      -7892.004508889811
    ], 
    [
      36108.62533966356, 
      7713.484548065911, 
      -27750.189526191985, 
      21549.86630485971, 
      -8.879635871333647, 
      216246.0529338858, 
      -453088.1599997022, 
      -496168.1694347367
    ], 
    [
      -75580.18342552394, 
      -12953.338198381163, 
      56894.55622891981, 
      -47491.88037510297, 
      -87.14788747499993, 
      -453088.1599997022, 
      976078.4138580458, 
      -4834603.498359983
    ], 
    [
      -117765.13274886156, 
      -1934102.1810453227, 
      346420.6039456142, 
      619385.9108091338, 
      -7892.004508889811, 
      -496168.1694347367, 
      -4834603.498359983, 
      2080317456.660971
    ]
  ], 
  "parameters": [
    "nu_nubar_ratio", 
    "theta13", 
    "theta23", 
    "nue_numu_ratio", 
    "hierarchy", 
    "aeff_scale", 
    "energy_scale", 
    "deltam31"
  ], 
  "priors": [
    0.1, 
    0.003490658503988659, 
    Infinity, 
    0.03, 
    Infinity, 
    Infinity, 
    0.1, 
    Infinity
  ]
}